Keyword,Intent,Volume,Keyword Difficulty,CPC (USD),Competitive Density
التقويم الهجري,Navigational,246000,55,1.35,0.09
التقويم الهجري 1447,Informational,22200,15,0.10,0.14
تقويم هجري,Navigational,22200,43,0.05,0.16
التقويم الهجري 1446,Informational,9900,31,0.00,0.21
التقويم الهجري اليوم,Informational,9900,42,0.02,0.05
تقويم هجري ميلادي,Navigational,3600,39,0.05,0.39
التقويم الهجري 1442 والميلادي 2021,Informational,2900,17,0.00,0.51
التقويم هجري,Navigational,1900,48,0.00,0.06
تقويم ١٤٤٤ هجري وميلادي,Informational,1900,12,0.00,0.32
التقويم الهجري 1442 والميلادي 2020 pdf,Informational,1300,16,0.01,0.39
التقويم ميلادي وهجري,Navigational,1300,39,0.05,0.51
تقويم الهجري والميلادي,Navigational,1300,26,0.06,0.52
تقويم ميلادي هجري,Navigational,1300,45,0.05,0.51
تقويم هجري وميلادي,Navigational,1300,45,0.05,0.38
التقويم الهجري 1444,Informational,1000,26,0.00,0.07
التقويم الهجري 1444 الدراسي,Informational,1000,20,0.00,0.71
التقويم هجري وميلادي,Navigational,1000,26,0.09,0.38
التقويم الهجري 1443 والميلادي 2021,Informational,880,17,0.12,0.50
تحويل التقويم الهجري الى ميلادي 1434,Informational,880,27,0.00,0.33
التقويم الهجري 1448,Informational,590,12,0.00,0.07
تاريخ اليوم هجري تقويم,Informational,590,33,0.00,0.06
التقويم الهجري 1445,Informational,480,20,0.00,0.02
التقويم الهجري الميلادي,Navigational,480,53,0.00,0.42
التقويم هجري ميلادي,Navigational,480,40,0.00,0.20
تقويم التاريخ الهجري,Navigational,480,45,0.00,0.31
التقويم الهجري 1442 والميلادي 2021 pdf,Informational,390,16,0.02,0.54
التقويم الهجري 1443 والميلادي 2022 pdf,Informational,390,25,0.14,0.93
تحويل التقويم الهجري الى ميلادي,Informational,390,27,0.00,0.33
تقويم 2024 هجري وميلادي pdf,Informational,390,23,0.42,0.93
تقويم ١٤٤١ هجري,Informational,390,14,0.00,0.10
التقويم الهجري 1443 والميلادي 2022,Informational,320,18,0.00,0.97
التقويم الهجري 1444 خالد الرفاعي,Informational,320,26,0.00,0.49
التقويم الهجري الدراسي,Informational,320,8,0.00,0.02
التقويم الهجري ام القرى,Navigational,320,30,0.00,0.06
تحويل التقويم الهجري والميلادي,Informational,320,28,0.00,0.33
تقويم ١٤٤١ هجري وميلادي,Informational,320,15,0.00,0.37
التقويم الهجري اليوم في السعودية,Informational,260,30,0.00,0.05
التقويم الهجري مع الميلادي,Navigational,260,35,0.04,0.42
التقويم الهجري و الميلادي,Navigational,260,33,0.00,0.22
تقويم اليوم بالهجري,Informational,260,33,0.00,0.09
كم التقويم الهجري اليوم,Informational,260,24,0.00,0.03
التقويم الهجري 1442 pdf,Informational,210,10,0.00,0.07
التقويم الهجري 2022,Informational,210,23,0.03,0.68
اليوم التقويم الهجري,Informational,210,36,0.00,0.05
تقويم اليوم هجري,Informational,210,54,0.00,0.21
تقويم هجري اليوم,Informational,210,44,0.00,0.22
مشروع بذرة خير الدعوي التقويم الهجري,Informational,210,25,0.00,0.33
التقويم الهجري تويتر,Navigational,170,29,0.00,0.33
التقويم الهجري مقابل الميلادي,Navigational,170,45,0.00,0.13
التقويم الهجري والميلادي 2023,Informational,170,20,0.02,0.81
تحويل التقويم الميلادي الى هجري,Informational,170,23,0.00,0.33
تقويم السنة الهجرية,Navigational,170,36,0.00,0.39
تقويم عام 1437 هجري وميلادي,Informational,170,14,0.00,0.33
التقويم الهجري 1444 pdf,Informational,140,13,0.02,0.50
التقويم الهجري السعودية,Informational,140,30,0.00,0.09
التقويم الهجري الشمسي,Informational,140,20,0.00,0.02
التقويم الهجري كامل,Navigational,140,52,0.00,0.23
التقويم الهجري لميلادي,Informational,140,38,0.00,0.58
تحويل التقويم الهجري,Informational,140,30,0.00,0.33
تحويل التقويم من هجري الى ميلادي,Informational,140,28,0.00,0.33
تقويم اليوم الهجري,Informational,140,38,0.00,0.08
صور تقويم هجري,Informational,140,26,0.00,0.36
هجري تقويم,Navigational,140,42,0.00,0.27
اضافة التقويم الهجري للايفون,,110,,0.00,0.33
التقويم الهجري 1440,,110,,0.00,0.04
التقويم الهجري الان,Navigational,110,52,0.00,0.05
التقويم الهجري المدرسي,Informational,110,10,0.00,0.10
التقويم الهجري في السعودية,,110,,0.00,0.04
التقويم الهجري لسنة 1441,"Informational, Transactional",110,14,0.00,0.66
التقويم الهجري لشهر شعبان,Informational,110,13,0.00,0.29
التقويم الهجري للمدارس,,110,,0.00,0.01
اليوم في التقويم الهجري,Informational,110,38,0.00,0.04
تاريخ التقويم الهجري,Navigational,110,40,0.00,0.12
تطبيق التقويم الهجري,"Informational, Transactional",110,31,0.05,0.27
تقويم الشهر الهجري,Navigational,110,42,0.00,0.61
تقويم عام 1438 هجري وميلادي,Informational,110,14,0.00,0.06
تقويم هجري شمسي,,110,,0.00,0.09
تقويم هجري و ميلادي,Informational,110,37,0.00,0.39
صور التقويم الهجري,Informational,110,28,0.00,0.47
التقويم الدراسي الهجري,,90,,0.00,0.11
التقويم الهجري 1436 والميلادي 2015,,90,,0.00,0.01
التقويم الهجري رمضان,,90,,0.00,0.21
التقويم الهجري شهر شعبان,,90,,0.00,0.10
التقويم الهجري لشهر ١١,,90,,0.00,0.10
التقويم الهجري لليوم,,90,,0.00,0.11
التقويم الهجري والميلادي pdf,,90,,0.00,0.18
اليوم بالتقويم الهجري,,90,,0.00,0.02
تاريخ اليوم في التقويم الهجري,,90,,0.00,0.33
تقويم 2020 ميلادي وهجري,,90,,0.00,0.07
درس التقويم الهجري ثاني ابتدائي,,90,,0.00,0.33
هجري ميلادي تقويم,,90,,0.00,0.20
التقويم الهجري 1433 والميلادي 2012,,70,,0.00,0.02
التقويم الهجري الجديد,,70,,0.00,0.20
التقويم الهجري شهر صفر,,70,,0.00,0.25
التقويم الهجري في مصر,,70,,0.00,0.01
التقويم الهجري لشهر رمضان,,70,,0.00,0.11
تاريخ اليوم بالتقويم الهجري,,70,,0.00,0.04
تقويم اليوم هجري وميلادي,,70,,0.00,0.19
تقويم شهر 12 هجري,,70,,0.00,0.08
تقويم عام 1439 هجري وميلادي,,70,,0.00,0.33
التقويم الهجري شهر 7,,50,,0.00,0.14
التقويم الهجري شهر رمضان,,50,,0.00,0.11
التقويم الهجري ميلادي,,50,,0.00,0.32
ترتيب التقويم الهجري,,50,,0.00,0.11
تقويم شهر ٦ هجري,,50,,0.00,0.10
جدول التقويم الهجري,,50,,0.00,0.28
هجري وميلادي تقويم,,50,,0.00,0.20
افضل تطبيق تقويم هجري,,40,,0.00,0.14
التقويم السنوي هجري وميلادي,,40,,0.00,0.58
التقويم الهجري الشيعي,,40,,0.00,0.17
التقويم هجري و ميلادي,,40,,0.00,0.21
تحويل تقويم هجري ميلادي,,40,,0.00,0.01
تقويم الدراسي 1441 هجري,,40,,0.00,0.14
تقويم تاريخ الهجري,,40,,0.00,0.55
تقويم هجري ميلادي تحويل,,40,,0.00,0.33
مقارنة بين التقويم الهجري والميلادي,,40,,0.00,0.56
أفضل تقويم هجري للأندرويد,,30,,0.04,0.79
اشكال التقويم الهجري,,30,,0.00,0.99
اشهر التقويم الهجري بالترتيب,,30,,0.00,0.93
اضافة التقويم الهجري للاندرويد,,30,,0.05,0.15
التذكير اليومي بالتقويم الهجري,,30,,0.00,0.85
التقويم 1441 هجري,,30,,0.00,0.33
التقويم العربي الهجري,,30,,0.00,0.46
التقويم الميلادي الهجري,,30,,0.00,0.34
التقويم الميلادي الى الهجري,,30,,0.00,0.27
التقويم الميلادي و الهجري,,30,,0.00,0.44
التقويم الهجري 1430,,30,,0.00,0.45
التقويم الهجري 1434 والميلادي 2013,,30,,0.00,0.00
التقويم الهجري 1435,,30,,0.00,0.08
التقويم الهجري 1438,,30,,0.00,0.17
التقويم الهجري 1439,,30,,0.00,0.17
التقويم الهجري 1439 والميلادي 2018,,30,,0.00,0.02
التقويم الهجري 1440 والميلادي,,30,,0.00,0.33
التقويم الهجري 1449,,30,,0.00,0.22
التقويم الهجري 2019,,30,,0.00,0.07
التقويم الهجري 2020,,30,,0.00,0.33
التقويم الهجري المقوم,,30,,0.00,0.14
التقويم الهجري اليوم الخميس,,30,,0.00,0.33
التقويم الهجري اليوم الوطني,,30,,0.00,0.25
التقويم الهجري اليوم ١٤٤٠,,30,,0.00,0.00
التقويم الهجري بالانجليزي,,30,,0.00,0.08
التقويم الهجري خالد الرفاعي,,30,,0.00,0.33
التقويم الهجري ذي القعدة,,30,,0.00,0.33
التقويم الهجري شهر 6,,30,,0.00,0.12
التقويم الهجري شهر ٨,,30,,0.00,0.10
التقويم الهجري لعام 1428,,30,,0.00,0.33
التقويم الهجري لعام 1435,,30,,0.00,0.33
التقويم الهجري لعام 1439,,30,,0.00,0.33
التقويم الهجري لعام 1440,,30,,0.00,0.38
التقويم الهجري للميلادي,,30,,0.00,0.11
التقويم الهجري لهذا اليوم,,30,,0.00,0.28
التقويم الهجري مع التقويم الميلادي,,30,,0.00,1.00
التقويم الهجري مع المناسبات,,30,,0.00,0.61
التقويم الهجري والميلادي 1439,,30,,0.00,0.33
التقويم الهجري والميلادي 1441,,30,,0.00,0.33
التقويم الهجري والميلادي 1442,,30,,0.00,0.14
التقويم الهجري والميلادي 2018,,30,,0.00,0.09
التقويم الهجري والميلادي معا,,30,,0.00,0.34
التقويم الهجري ومواقيت الصلاة,,30,,0.00,0.27
التقويم الهجري ويكيبيديا,,30,,0.00,0.33
التقويم الهجري ١٤٣٤ والميلادي ٢٠١٣,,30,,0.00,0.27
التقويم من الهجري للميلادي,,30,,0.00,0.33
السنة الكبيسة في التقويم الهجري,,30,,0.00,0.33
الشهر التاسع في التقويم الهجري,,30,,0.00,0.33
الهجري والميلادي التقويم,,30,,0.00,0.43
اماكن بيع التقويم الهجري,,30,,0.00,1.00
برنامج التقويم الهجري على الشاشة الرئيسية للجوال,,30,,0.00,0.00
تاريخ اليوم الهجري التقويم,,30,,0.00,0.19
تاريخ اليوم الهجري تقويم,,30,,0.00,0.19
تاريخ اليوم الهجري حسب تقويم ام القرى,,30,,0.00,0.12
تاريخ اليوم هجري تقويم الزهراء,,30,,0.00,0.11
تاريخ اليوم هجري وميلادي تقويم,,30,,0.00,0.64
تحميل برنامج التقويم الهجري والميلادي مجانا,,30,,0.04,0.13
تحميل تقويم هجري وميلادي على سطح المكتب,,30,,0.00,0.67
تحويل التاريخ من هجري الى ميلادي تقويم ام القرى,,30,,0.00,0.33
تحويل التقويم الميلادي للهجري,,30,,0.00,0.33
تحويل تقويم ميلادي هجري,,30,,0.00,0.04
تحويل تقويم هجري,,30,,0.00,0.33
تقويم 1430 هجري ميلادي,,30,,0.00,0.00
تقويم 1434 هجري,,30,,0.00,0.33
تقويم 1437 هجري وميلادي,,30,,0.00,0.18
تقويم 1441 هجري,,30,,0.00,0.33
تقويم 2015 ميلادي وهجري pdf,,30,,0.00,0.17
تقويم 2016 ميلادي وهجري,,30,,0.00,0.75
تقويم 2016 هجري وميلادي,,30,,0.00,0.08
تقويم 2017 ميلادي وهجري,,30,,0.00,0.29
تقويم 2018 هجري وميلادي pdf,,30,,0.00,0.18
تقويم 2020 هجري وميلادي,,30,,0.00,0.33
تقويم ام القرى الهجري 1441,,30,,0.00,0.33
تقويم ام القرى تحويل من هجري لميلادي,,30,,0.00,0.00
تقويم سنة 2019 هجري وميلادي,,30,,0.00,0.04
تقويم شهر 2 هجري,,30,,0.00,0.29
تقويم شهر 7 هجري,,30,,0.00,0.13
تقويم عام 1434 هجري وميلادي,,30,,0.00,0.11
تقويم عام ١٤٤٠ هجري وميلادي,,30,,0.00,0.38
تقويم عربي هجري,,30,,0.00,0.84
تقويم هجري 1441,,30,,0.00,0.43
تقويم هجري اليوم مصر,,30,,0.00,0.33
تقويم هجري شوال,,30,,0.00,0.33
تقويم هجري عربي,,30,,0.00,0.93
تقويم هجري للتصميم,,30,,0.00,0.33
تقويم هجري مع ميلادي,,30,,0.00,0.55
تقويم هجري ميلادي 2021,,30,,0.00,0.36
تقويم هجري ميلادي لسطح المكتب,,30,,0.00,0.21
تقويم ١٤٣٦ هجري,,30,,0.00,0.33
تقويم ١٤٣٨ هجري,,30,,0.00,0.24
تنزيل التقويم الهجري,,30,,0.05,0.61
تويتر التقويم الهجري,,30,,0.00,0.33
حساب التقويم الهجري والميلادي,,30,,0.00,0.05
عرض التقويم الهجري والميلادي على سطح المكتب,,30,,0.00,0.18
ماهو تاريخ اليوم بالتقويم الهجري,,30,,0.00,0.18
معادلة التقويم الهجري والميلادي,,30,,0.00,0.06
مقارنة التقويم الهجري والميلادي,,30,,0.00,0.18
مكتب السيد السيستاني التقويم الهجري,,30,,0.00,0.33
من وضع التقويم الهجري,,30,,0.00,0.02
ورقة تقويم هجري,,30,,0.00,0.61
أشكال التقويم الهجري,,20,,0.00,0.99
اشكال تقويم هجري,,20,,0.00,0.82
اضافة تقويم هجري للاندرويد,,20,,0.00,0.33
اظهار التقويم الهجري للاندرويد,,20,,0.00,0.09
افضل برنامج تقويم هجري للاندرويد,,20,,0.00,0.33
افضل برنامج للتقويم الهجري,,20,,0.00,0.50
افضل تطبيق تقويم هجري للاندرويد,,20,,0.00,0.34
افضل تطبيق للتقويم الهجري,,20,,0.00,0.00
افضل تقويم هجري,,20,,0.04,0.56
افضل تقويم هجري وميلادي,,20,,0.05,0.91
الاشهر الهجرية تقويم,,20,,0.00,0.60
الباحث الاسلامي التقويم الهجري والميلادي,,20,,0.00,0.29
التاريخ بالتقويم الهجري,,20,,0.00,0.19
التحويل بين التقويم الهجري والميلادي,,20,,0.00,0.21
التحويل من التقويم الميلادي الى الهجري,,20,,0.00,0.02
التحويل من التقويم الميلادي للهجري,,20,,0.00,0.33
التحويل من التقويم الهجري الى الميلادي,,20,,0.00,0.33
التحويل من التقويم الهجري للميلادي,,20,,0.00,0.33
التحويل من هجري الى ميلادي تقويم ام القرى,,20,,0.00,0.33
التقويم الدراسي الهجري والميلادي,,20,,0.00,0.41
التقويم الدراسي بالهجري والميلادي,,20,,0.00,0.32
التقويم الدراسي لعام 1436 و 1437 هجري والاجازات الرسمية,,20,,0.00,0.33
التقويم الدراسي لعام 1437 و 1438 هجري والاجازات الرسمية,,20,,0.00,0.33
التقويم الدراسي لعام 1438 و 1439 هجري والاجازات الرسمية,,20,,0.00,0.33
التقويم الدراسي هجري وميلادي,,20,,0.00,0.28
التقويم السعودي الهجري,,20,,0.00,0.25
التقويم السنوي الهجري,,20,,0.00,0.60
التقويم الشمسي الهجري,,20,,0.00,0.03
التقويم الشهري الهجري,,20,,0.00,0.30
التقويم الميلادي الى هجري,,20,,0.00,0.03
التقويم الميلادي مقابل الهجري,,20,,0.00,0.27
التقويم الهجري 1400,,20,,0.00,0.00
التقويم الهجري 1417,,20,,0.00,0.06
التقويم الهجري 1418,,20,,0.00,0.14
التقويم الهجري 1421,,20,,0.00,0.03
التقويم الهجري 1429,,20,,0.00,0.05
التقويم الهجري 1431,,20,,0.00,0.14
التقويم الهجري 1432,,20,,0.00,0.40
التقويم الهجري 1434,,20,,0.00,0.03
التقويم الهجري 1436,,20,,0.00,0.11
التقويم الهجري 1437,,20,,0.00,0.03
التقويم الهجري 144,,20,,0.00,0.18
التقويم الهجري 1440 والميلادي 2019,,20,,0.00,0.33
التقويم الهجري 1440 والميلادي 2020,,20,,0.00,0.16
التقويم الهجري 1441 والميلادي 2019,,20,,0.00,0.33
التقويم الهجري 1441 والميلادي 2020,,20,,0.00,0.03
التقويم الهجري 1442 والميلادي 2020,,20,,0.00,0.33
التقويم الهجري 1443,,20,,0.00,0.01
التقويم الهجري 2007,,20,,0.00,0.00
التقويم الهجري 2009,,20,,0.00,0.14
التقويم الهجري 2015,,20,,0.00,0.25
التقويم الهجري 2016,,20,,0.00,0.33
التقويم الهجري 2017,,20,,0.00,0.33
التقويم الهجري apk,,20,,0.00,0.02
التقويم الهجري pdf,,20,,0.00,0.41
التقويم الهجري png,,20,,0.00,0.00
التقويم الهجري الاجازات,,20,,0.00,0.14
التقويم الهجري الاسلامي,,20,,0.00,0.24
التقويم الهجري الاشهر بالترتيب,,20,,0.00,0.54
التقويم الهجري الالكتروني,,20,,0.00,0.25
التقويم الهجري الدراسي 1440,,20,,0.00,0.33
التقويم الهجري الدراسي لعام 1421,,20,,0.00,0.33
التقويم الهجري الرفاعي,,20,,0.00,0.13
التقويم الهجري السعودي,,20,,0.00,0.58
التقويم الهجري السنوي,,20,,0.00,0.51
التقويم الهجري الشمسي اليوم,,20,,0.00,0.30
التقويم الهجري الصحيح,,20,,0.00,0.33
التقويم الهجري المغرب,,20,,0.00,0.00
التقويم الهجري الموافق للميلادي,,20,,0.00,0.33
التقويم الهجري اليوم الثلاثاء,,20,,0.00,0.43
التقويم الهجري اليوم السبت,,20,,0.00,0.29
التقويم الهجري اليوم ام القرى,,20,,0.00,0.10
التقويم الهجري اليوم في الجزائر,,20,,0.00,0.43
التقويم الهجري اليوم والميلادي,,20,,0.00,0.43
التقويم الهجري اندرويد,,20,,0.00,0.08
التقويم الهجري بالايام,,20,,0.00,0.19
التقويم الهجري بالسعودية,,20,,0.00,0.33
التقويم الهجري بالمغرب,,20,,0.00,0.14
التقويم الهجري تاريخ اليوم,,20,,0.00,0.61
التقويم الهجري تطبيق,,20,,0.00,0.25
التقويم الهجري حسب رؤية الهلال,,20,,0.00,0.33
التقويم الهجري شهر 4,,20,,0.00,0.14
التقويم الهجري على سطح المكتب,,20,,0.00,0.33
التقويم الهجري عيد الفطر,,20,,0.00,0.33
التقويم الهجري في السعودية اليوم,,20,,0.00,0.33
التقويم الهجري لجميع السنوات,,20,,0.00,0.43
التقويم الهجري لسنة 1437,,20,,0.00,0.00
التقويم الهجري لسنة 1438,,20,,0.00,0.33
التقويم الهجري لسنة 1440,,20,,0.00,0.33
التقويم الهجري لشهر جمادى الاخر,,20,,0.00,0.07
التقويم الهجري لشهر ربيع الثاني,,20,,0.00,0.29
التقويم الهجري لعام 1418,,20,,0.00,0.14
التقويم الهجري لعام 1427,,20,,0.00,0.00
التقويم الهجري لعام 1438,,20,,0.00,0.39
التقويم الهجري لعام 1440 هجري,,20,,0.00,0.43
التقويم الهجري لعام 1441,,20,,0.00,0.07
التقويم الهجري لعام 1445,,20,,0.00,0.33
التقويم الهجري لعام 1987,,20,,0.00,0.33
التقويم الهجري لعام 2016,,20,,0.00,0.33
التقويم الهجري لعام 2018,,20,,0.00,0.33
التقويم الهجري لعام ١٤٢٠,,20,,0.00,0.71
التقويم الهجري لعام ١٤٣٠,,20,,0.00,0.31
التقويم الهجري لعام ١٤٣٣,,20,,0.00,0.00
التقويم الهجري لعام ١٤٣٥,,20,,0.00,0.14
التقويم الهجري لعام ١٤٣٦,,20,,0.00,0.49
التقويم الهجري لعام ١٤٣٧,,20,,0.00,0.29
التقويم الهجري لعام ١٤٤٠,,20,,0.00,0.33
التقويم الهجري لعام ١٤٤٢,,20,,0.00,0.10
التقويم الهجري للاطفال,,20,,0.00,0.24
التقويم الهجري للاندرويد,,20,,0.00,0.08
التقويم الهجري للرواتب,,20,,0.00,0.05
التقويم الهجري للصلاة,,20,,0.00,0.52
التقويم الهجري للطباعة,,20,,0.00,0.86
التقويم الهجري مشروع بذرة خير الدعوي,,20,,0.00,0.33
التقويم الهجري مع الابراج,,20,,0.00,1.00
التقويم الهجري مع الاجازات,,20,,0.00,0.24
التقويم الهجري مكة,,20,,0.00,0.88
التقويم الهجري والابراج,,20,,0.00,0.43
التقويم الهجري والميلادي 2015,,20,,0.00,0.76
التقويم الهجري والميلادي 2016,,20,,0.00,0.10
التقويم الهجري والميلادي 2017,,20,,0.00,0.11
التقويم الهجري والميلادي ام القرى,,20,,0.00,0.50
التقويم الهجري والميلادي تحويل,,20,,0.00,0.15
التقويم الهجري والميلادي لعام 1440,,20,,0.00,0.21
التقويم الهجري والميلادي لعام 1442,,20,,0.00,0.33
التقويم الهجري والميلادي لعام 1978,,20,,0.00,0.10
التقويم الهجري والميلادي لعام 1990,,20,,0.00,0.12
التقويم الهجري والميلادي لعام 1997,,20,,0.00,0.14
التقويم الهجري والميلادي لعام 2013,,20,,0.00,0.33
التقويم الهجري والميلادي لعام 2016,,20,,0.00,0.05
التقويم الهجري والميلادي لعام 2019,,20,,0.00,0.10
التقويم الهجري والميلادي لعام 2020,,20,,0.00,0.43
التقويم الهجري والميلادي ١٤٣٨,,20,,0.00,0.43
التقويم الهجري والميلادي ٢٠١٥,,20,,0.00,0.33
التقويم الهجري وما يعادله بالميلادي,,20,,0.00,0.69
التقويم الهجري وما يوافقه بالميلادي,,20,,0.00,0.37
التقويم الهجري ومواعيد الصلاة,,20,,0.00,0.00
التقويم الهجري ١٤٣٤,,20,,0.00,0.33
التقويم الهجري ٢٠٢٠,,20,,0.00,0.29
التقويم من الميلادي للهجري,,20,,0.00,0.33
التقويم من الهجري الى الميلادي,,20,,0.00,0.07
التقويم من ميلادي الى هجري,,20,,0.00,0.05
التقويم من هجري الى ميلادي,,20,,0.00,0.21
التقويم من هجري لميلادي,,20,,0.00,0.10
التقويم هجري اليوم,,20,,0.00,0.33
الشهر الكبيس في التقويم الهجري,,20,,0.00,0.00
الفرق بين التقويم الهجري والميلادي,,20,,0.00,0.02
الفرق بين تقويم ام القرى والتقويم الهجري,,20,,0.00,0.33
المحجة البيضاء الدعوية التقويم الهجري,,20,,0.00,0.03
الهجري التقويم,,20,,0.00,0.33
اليوم تقويم هجري,,20,,0.00,0.35
اليوم حسب التقويم الهجري,,20,,0.00,0.07
انواع التقويم الهجري,,20,,0.00,0.09
بداية التقويم الهجري,,20,,0.00,0.05
بذرة خير التقويم الهجري,,20,,0.00,0.02
برنامج التقويم الهجري,,20,,0.05,0.46
برنامج التقويم الهجري للاندرويد,,20,,0.00,0.32
برنامج التقويم الهجري للكمبيوتر,,20,,0.00,0.00
برنامج التقويم الهجري والميلادي,,20,,0.06,0.26
برنامج التقويم الهجري والميلادي للكمبيوتر,,20,,0.00,0.05
برنامج تقويم هجري,,20,,0.00,0.24
برنامج تقويم هجري ميلادي,,20,,0.00,0.36
تاريخ اليوم التقويم الهجري,,20,,0.00,0.13
تاريخ اليوم الهجري تقويم ام القرى,,20,,0.00,0.55
تاريخ اليوم حسب التقويم الهجري,,20,,0.00,0.35
تاريخ اليوم هجري تقويم ام القرى,,20,,0.00,0.14
تاريخ هجري تقويم,,20,,0.00,0.12
تثبيت التقويم الهجري,,20,,0.00,0.72
تحميل التقويم الهجري,,20,,0.04,0.43
تحميل التقويم الهجري على سطح المكتب,,20,,0.00,0.33
تحميل التقويم الهجري للايفون,,20,,0.00,0.33
تحميل التقويم الهجري والميلادي,,20,,0.05,0.32
تحميل التقويم الهجري والميلادي على سطح المكتب,,20,,0.04,0.16
تحميل برنامج التقويم الهجري والميلادي للاندرويد,,20,,0.05,0.14
تحميل برنامج التقويم الهجري والميلادي مجانا للكمبيوتر,,20,,0.00,0.33
تحميل تطبيق التقويم الهجري,,20,,0.00,0.60
تحميل تقويم هجري,,20,,0.00,0.54
تحميل تقويم هجري ميلادي,,20,,0.00,0.62
تحويل التاريخ الهجري الى ميلادي تقويم ام القرى,,20,,0.00,0.33
تحويل التاريخ من ميلادي الى هجري حسب تقويم ام القرى,,20,,0.00,0.33
تحويل التاريخ من هجري لميلادي تقويم ام القرى,,20,,0.00,0.33
تحويل التاريخ هجري ميلادي تاريخ اليوم تحويل التقويم الهجري والميلادي,,20,,0.00,0.33
تحويل التقويم الميلادي الى التقويم الهجري,,20,,0.00,0.33
تحويل التقويم الهجري الى الميلادي,,20,,0.00,0.33
تحويل التقويم الهجري للميلادي,,20,,0.00,0.00
تحويل التقويم من الميلادي الى الهجري,,20,,0.00,0.33
تحويل التقويم من الهجري الى الميلادي,,20,,0.00,0.33
تحويل التقويم من الهجري للميلادي,,20,,0.00,0.33
تحويل التقويم من ميلادي الى هجري,,20,,0.00,0.33
تحويل التقويم هجري ميلادي,,20,,0.00,0.33
تحويل تقويم الهجري والميلادي,,20,,0.00,0.33
تحويل من تقويم هجري الى ميلادي,,20,,0.00,0.06
تصميم التقويم الهجري,,20,,0.00,0.22
تصميم تقويم هجري,,20,,0.00,1.00
تطبيق التقويم الهجري للاندرويد,,20,,0.04,0.09
تطبيق التقويم الهجري للايفون,,20,,0.00,0.33
تطبيق التقويم الهجري والميلادي,,20,,0.06,0.48
تطبيق تقويم هجري,,20,,0.04,0.46
تعديل التقويم الهجري,,20,,0.00,0.33
تعريف التقويم الهجري,,20,,0.00,0.09
تغيير التقويم من الميلادي للهجري,,20,,0.00,0.33
تغيير التقويم من الهجري للميلادي,,20,,0.00,0.00
تغيير التقويم من هجري الى ميلادي,,20,,0.00,0.01
تقويم 1418 هجري,,20,,0.00,0.07
تقويم 1427 هجري وميلادي,,20,,0.00,0.27
تقويم 1436 هجري,,20,,0.00,0.33
تقويم 1437 هجري وميلادي pdf,,20,,0.00,0.16
تقويم 1438 هجري وميلادي pdf,,20,,0.00,0.00
تقويم 1440 هجري,,20,,0.00,0.46
تقويم 1441 هجري وميلادي,,20,,0.00,0.33
تقويم 2006 هجري وميلادي,,20,,0.00,0.10
تقويم 2008 هجري وميلادي,,20,,0.00,0.33
تقويم 2009 ميلادي وهجري,,20,,0.00,0.14
تقويم 2012 هجري وميلادي,,20,,0.00,0.11
تقويم 2013 هجري وميلادي,,20,,0.00,0.20
تقويم 2014 هجري وميلادي للطباعة,,20,,0.00,1.00
تقويم 2015 هجري وميلادي,,20,,0.00,0.06
تقويم 2016 ميلادي وهجري pdf,,20,,0.00,0.21
تقويم 2016 هجري,,20,,0.00,0.33
تقويم 2017 هجري وميلادي pdf,,20,,0.00,0.11
تقويم 2018 ميلادي وهجري,,20,,0.00,0.18
تقويم 2018 هجري,,20,,0.00,0.33
تقويم 2018 هجري وميلادي,,20,,0.00,0.14
تقويم 2019 هجري وميلادي,,20,,0.00,0.13
تقويم 2019 هجري وميلادي pdf,,20,,0.00,0.12
تقويم 2020 هجري وميلادي pdf,,20,,0.00,0.14
تقويم الاشهر الهجرية,,20,,0.00,0.42
تقويم الدراسي 1440 هجري,,20,,0.00,0.07
تقويم السعوديه الهجري,,20,,0.00,0.24
تقويم العام الهجري,,20,,0.00,0.54
تقويم الهجري اليوم في مصر,,20,,0.00,0.33
تقويم الهجري لعام 1442,,20,,0.00,0.00
تقويم اليوم هجري ميلادي,,20,,0.00,0.64
تقويم ام القرى الهجري,,20,,0.00,0.97
تقويم ام القرى الهجري والميلادي,,20,,0.00,0.29
تقويم تاريخ اليوم الهجري,,20,,0.00,0.29
تقويم تاريخ هجري,,20,,0.00,0.64
تقويم رمضان هجري,,20,,0.00,0.26
تقويم رمضان هجري وميلادي,,20,,0.00,0.43
تقويم سنة 2015 هجري وميلادي,,20,,0.00,0.34
تقويم سنة 2021 هجري وميلادي,,20,,0.00,0.00
تقويم سنة ١٤٣٨ هجري وميلادي,,20,,0.00,0.29
تقويم شهر 6 هجري,,20,,0.00,0.22
تقويم شهر رمضان هجري وميلادي,,20,,0.00,0.37
تقويم عام 1428 هجري وميلادي,,20,,0.00,0.15
تقويم عام 1433 هجري وميلادي,,20,,0.00,0.19
تقويم عام 1440 هجري وميلادي,,20,,0.00,1.00
تقويم عام 1441 هجري,,20,,0.00,0.33
تقويم عام 1441 هجري وميلادي,,20,,0.00,0.17
تقويم عام ١٤٣٧ هجري,,20,,0.00,0.47
تقويم قوقل هجري,,20,,0.00,0.18
تقويم ميلادي الى هجري,,20,,0.00,0.14
تقويم ميلادي مع هجري,,20,,0.00,0.73
تقويم ميلادي وهجري 2017,,20,,0.00,0.00
تقويم هجري 1437,,20,,0.00,0.33
تقويم هجري 1438,,20,,0.00,0.23
تقويم هجري 1440,,20,,0.00,0.75
تقويم هجري 1442,,20,,0.00,0.33
تقويم هجري السعودية,,20,,0.00,0.33
تقويم هجري ام القرى,,20,,0.00,0.55
تقويم هجري اندرويد,,20,,0.00,0.43
تقويم هجري تاريخ اليوم,,20,,0.00,0.32
تقويم هجري رمضان,,20,,0.00,1.00
تقويم هجري شعبان,,20,,0.00,0.33
تقويم هجري كرتون,,20,,0.00,0.50
تقويم هجري ميلادي 2020,,20,,0.00,0.00
تقويم هجري ميلادي للطباعة,,20,,0.00,0.33
تقويم هجري ورقي,,20,,0.00,1.00
تقويم هجري وميلادي لسطح المكتب,,20,,0.00,0.21
تقويم ١٤٣٧ هجري,,20,,0.00,0.17
تقويم ١٤٣٩ هجري,,20,,0.00,0.46
تقويم ٢٠١٩ هجري وميلادي,,20,,0.00,0.13
تنزيل التقويم الهجري بدون نت,,20,,0.04,0.59
تنزيل برنامج التقويم الهجري,,20,,0.00,0.46
تنزيل برنامج التقويم الهجري والميلادي,,20,,0.00,0.61
تنزيل تقويم هجري,,20,,0.02,0.33
تنزيل تقويم هجري وميلادي,,20,,0.06,0.54
حساب التقويم الهجري,,20,,0.00,0.02
رزنامة التقويم الهجري,,20,,0.00,0.64
رمضان التقويم الهجري,,20,,0.00,0.86
شراء تقويم هجري,,20,,0.00,1.00
شهور التقويم الهجري,,20,,0.00,0.32
صحة التقويم الهجري,,20,,0.00,0.00
صور التقويم الهجري والميلادي,,20,,0.00,0.85
ضبط التقويم الهجري في الايفون,,20,,0.00,0.33
طباعة التقويم الهجري,,20,,0.00,0.46
طباعة التقويم الهجري والميلادي,,20,,0.00,0.33
طريقة اضافة التقويم الهجري للاندرويد,,20,,0.00,0.21
طريقة اضافة التقويم الهجري للايفون,,20,,0.00,0.33
طريقة عرض التقويم الهجري والميلادي معا في شريط المهام,,20,,0.00,0.14
فوائد التقويم الهجري,,20,,0.00,0.00
كم اليوم بالتقويم الهجري,,20,,0.00,0.38
كم اليوم في التقويم الهجري,,20,,0.00,0.28
كم تاريخ اليوم هجري تقويم ام القرى,,20,,0.00,0.79
كيف اسوي التقويم هجري في الايفون,,20,,0.00,0.33
كيف اسوي تقويم هجري,,20,,0.00,0.39
كيف اضيف التقويم الهجري للاندرويد,,20,,0.00,0.00
كيف اضيف التقويم الهجري للايفون,,20,,0.00,0.33
ما هو التقويم الهجري الشمسي,,20,,0.00,0.33
ما هو التقويم الهجري اليوم,,20,,0.00,0.08
مخطوطة التقويم الهجري,,20,,0.00,0.11
معادلة التقويم الميلادي بالهجري,,20,,0.00,0.33
معرفة التقويم الهجري,,20,,0.00,0.06
معرفة التقويم الهجري والميلادي,,20,,0.00,0.29
معنى التقويم الهجري,,20,,0.00,0.33
من هو مؤسس التقويم الهجري,,20,,0.00,0.00
موقع التقويم الهجري,,20,,0.00,0.05
موقع التقويم الهجري والميلادي,,20,,0.00,0.33
ميلادي هجري تقويم,,20,,0.00,0.14
وضع التقويم الهجري,,20,,0.00,0.04
وضع التقويم الهجري في الايفون,,20,,0.00,0.33
hijri calendar التقويم الهجري,,10,,0.00,0.00
أفضل تقويم هجري ميلادي,,10,,0.00,0.71
اضافة التقويم الهجري لتقويم جوجل,,10,,0.00,0.33
افضل تقويم هجري ميلادي للاندرويد,,10,,0.00,0.00
التاريخ الهجري التقويم,,10,,0.01,0.09
التقويم الميلادي للهجري,,10,,0.00,0.18
التقويم الميلادي مع الهجري,,10,,0.00,0.74
التقويم الهجري 1401,,10,,0.00,0.09
التقويم الهجري 1433,,10,,0.00,0.10
التقويم الهجري 1435 والميلادي لعام 2014,,10,,0.00,0.07
التقويم الهجري 1437 والميلادي 2016,,10,,0.00,0.00
التقويم الهجري 1438 والميلادي 2017,,10,,0.00,0.05
التقويم الهجري 1439 والميلادي,,10,,0.00,0.33
التقويم الهجري 1440 والميلادي 2018,,10,,0.00,0.33
التقويم الهجري 1441,,10,,0.00,0.02
التقويم الهجري 1442,,10,,0.00,0.03
التقويم الهجري 2013,,10,,0.00,0.00
التقويم الهجري 2018,,10,,0.00,0.33
التقويم الهجري iphone,,10,,0.00,0.00
التقويم الهجري الجديد 1440,,10,,0.00,0.43
التقويم الهجري الدراسي ١٤٤١,,10,,0.00,0.33
التقويم الهجري العماني,,10,,0.00,0.00
التقويم الهجري الى الميلادي,,10,,0.00,0.08
التقويم الهجري الى ميلادي,,10,,0.00,0.08
التقويم الهجري اليوم الجمعة,,10,,0.00,0.00
التقويم الهجري اليوم بالسعودية,,10,,0.00,0.00
التقويم الهجري اليوم كم,,10,,0.00,0.34
التقويم الهجري بالترتيب,,10,,0.00,0.33
التقويم الهجري برنامج,,10,,0.00,0.14
التقويم الهجري تحميل,,10,,0.00,0.17
التقويم الهجري تحويل,,10,,0.00,0.01
التقويم الهجري سنة 1435,,10,,0.00,0.00
التقويم الهجري شهر ذي الحجة,,10,,0.00,0.00
التقويم الهجري شهر شوال,,10,,0.00,0.00
التقويم الهجري لام القرى,,10,,0.00,0.40
التقويم الهجري لذي القعدة,,10,,0.00,0.33
التقويم الهجري لسنة 1436,,10,,0.00,0.33
التقويم الهجري لسنة 1439,,10,,0.00,0.00
التقويم الهجري لشهر اغسطس,,10,,0.00,0.00
التقويم الهجري لشهر جمادى ثاني,,10,,0.00,0.21
التقويم الهجري لعام 1416,,10,,0.00,0.33
التقويم الهجري لعام 1429,,10,,0.00,0.33
التقويم الهجري لعام 1431,,10,,0.00,0.00
التقويم الهجري لعام 1433,,10,,0.00,0.00
التقويم الهجري لعام 1434,,10,,0.00,0.10
التقويم الهجري لعام 2019,,10,,0.00,0.00
التقويم الهجري للايفون,,10,,0.00,0.33
التقويم الهجري للدراسه,,10,,0.00,0.06
التقويم الهجري للمملكة العربية السعودية,,10,,0.00,0.00
التقويم الهجري هذا الشهر,,10,,0.00,0.27
التقويم الهجري والميلادي 1435,,10,,0.00,0.00
التقويم الهجري والميلادي 1436,,10,,0.00,0.00
التقويم الهجري والميلادي 1440,,10,,0.00,0.32
التقويم الهجري والميلادي تحويل التاريخ,,10,,0.00,0.00
التقويم الهجري والميلادي لعام 1439,,10,,0.00,0.00
التقويم الهجري والميلادي لعام 2015,,10,,0.00,0.57
التقويم الهجري والميلادي لعام 2017,,10,,0.00,0.00
التقويم الهجري والميلادي لعام 2021,,10,,0.00,0.19
التقويم الهجري والميلادي ١٤٣٧,,10,,0.00,0.00
التقويم الهجري والميلادي ١٤٤٢,,10,,0.00,0.14
التقويم الهجري يوافق بالميلادي,,10,,0.00,0.00
التقويم الهجري ١٤١٤,,10,,0.00,0.07
التقويم الهجري ٢٠١٥,,10,,0.00,0.00
التقويم الهجري ٢٠١٦,,10,,0.00,0.33
التقويم الهجري ٢٠١٧,,10,,0.00,0.33
التقويم الهجري ٢٠١٨,,10,,0.00,0.00
اليوم كم التقويم الهجري,,10,,0.00,0.39
بذرة خير الدعوي التقويم الهجري,,10,,0.00,0.33
برنامج التقويم الهجري للايفون,,10,,0.00,0.00
برنامج تقويم هجري ميلادي للكمبيوتر,,10,,0.00,0.33
برنامج تقويم هجري ميلادي وساعة على سطح المكتب,,10,,0.00,0.33
تاريخ الهجري تقويم,,10,,0.01,0.09
تاريخ هجري ميلادي تقويم,,10,,0.00,0.19
تحميل برنامج التقويم الهجري,,10,,0.00,0.00
تحويل التقويم الميلادي الى الهجري,,10,,0.00,0.33
تحويل التقويم الهجري لميلادي,,10,,0.00,0.33
تحويل التقويم من الميلادي للهجري,,10,,0.00,0.33
تحويل التقويم من هجري لميلادي,,10,,0.00,0.33
تطبيق التقويم الهجري للكمبيوتر,,10,,0.00,0.33
تغيير التقويم من ميلادي الى هجري,,10,,0.00,0.33
تقويم 1433 هجري,,10,,0.00,0.33
تقويم 1434 هجري وميلادي,,10,,0.00,0.10
تقويم 1435 هجري,,10,,0.00,0.33
تقويم 1437 هجري,,10,,0.00,0.00
تقويم 1439 هجري وميلادي,,10,,0.00,0.21
تقويم 1440 هجري وميلادي,,10,,0.00,0.33
تقويم 2005 ميلادي وهجري,,10,,0.00,0.08
تقويم 2007 هجري وميلادي,,10,,0.00,0.33
تقويم 2014 هجري وميلادي,,10,,0.00,0.50
تقويم 2017 هجري وميلادي,,10,,0.00,0.00
تقويم 2019 ميلادي وهجري,,10,,0.00,0.26
تقويم اشهر السنة الهجرية,,10,,0.00,0.00
تقويم الشهور الهجرية,,10,,0.00,0.81
تقويم الهجري والميلادي 2019,,10,,0.00,0.00
تقويم اليوم ميلادي وهجري,,10,,0.00,0.96
تقويم ام القرى هجري ميلادي,,10,,0.00,0.92
تقويم سنة 1439 هجري وميلادي,,10,,0.00,0.50
تقويم سنة 2022 هجري وميلادي,,10,,0.00,0.00
تقويم سنوي هجري ميلادي,,10,,0.00,0.89
تقويم شهري هجري,,10,,0.00,1.00
تقويم عام ١٤٤١ هجري وميلادي,,10,,0.00,0.17
تقويم ميلادي وهجري 2018,,10,,0.00,0.00
تقويم هجري 1436,,10,,0.00,0.33
تقويم هجري 1439,,10,,0.00,0.33
تقويم هجري الى ميلادي,,10,,0.00,0.11
تقويم هجري ذو الحجة,,10,,0.00,0.33
تقويم هجري شهر شعبان,,10,,0.00,0.19
تقويم هجري لسطح المكتب,,10,,0.00,0.00
تقويم هجري للاندرويد,,10,,0.00,0.37
تقويم هجري لميلادي,,10,,0.00,0.56
تقويم هجري مقابل الميلادي,,10,,0.00,0.71
تقويم هجري ميلادي 1439,,10,,0.00,0.50
تقويم هجري ميلادي 1440,,10,,0.00,0.00
تقويم هجري ميلادي 1442,,10,,0.00,0.00
تقويم هجري ميلادي 2018,,10,,0.00,0.00
تقويم هجري ميلادي pdf,,10,,0.00,0.50
تقويم هجري وميلادي 2013,,10,,0.00,0.33
تقويم هجري وميلادي 2018,,10,,0.00,0.10
تقويم هجري وميلادي 2020,,10,,0.00,0.00
تقويم هجري وميلادي ١٤٣٩,,10,,0.00,0.00
تقويم هجري وميلادي ١٤٤١,,10,,0.00,0.00
تقويم هجري وميلادي ٢٠١٦,,10,,0.00,0.00
تقويم هجري ١٤٤٠,,10,,0.00,0.33
تقويم هجري ١٤٤١,,10,,0.00,1.00
تقويم ١٤٣٤ هجري,,10,,0.00,0.33
تقويم ١٤٣٧ هجري وميلادي,,10,,0.00,0.18
تقويم ٢٠١٤ ميلادي وهجري,,10,,0.00,0.79
تقويم ٢٠١٥ ميلادي وهجري,,10,,0.00,0.00
تقويم ٢٠١٧ ميلادي وهجري,,10,,0.00,0.00
تنزيل تقويم هجري ميلادي,,10,,0.00,0.71
شكل التقويم الهجري,,10,,0.00,0.59
طريقة عمل تقويم هجري,,10,,0.00,0.00
كم تاريخ اليوم بالتقويم الهجري,,10,,0.00,0.10
كيف احول التقويم الهجري الى ميلادي في الايفون,,10,,0.00,0.33
كيفية تحويل التقويم الهجري الى ميلادي في الايفون,,10,,0.00,0.33
متى بدا التقويم الهجري,,10,,0.00,0.33
محول التقويم الهجري,,10,,0.00,0.33
محول التقويم الهجري والميلادي,,10,,0.00,0.33
محول التقويم من هجري الى ميلادي,,10,,0.00,0.33
هل التقويم الهجري صحيح,,10,,0.00,0.33
1435 التقويم الهجري,,0,,0.00,0.00
1436 التقويم الهجري,,0,,0.00,0.00
1437 التقويم الهجري,,0,,0.00,0.00
1438 التقويم الهجري,,0,,0.00,0.00
1440 التقويم الهجري,,0,,0.00,0.33
1440 التقويم الهجري نهاية رمضان,,0,,0.00,0.00
1440 تقويم 2019 هجري وميلادي,,0,,0.00,0.00
1440 تقويم السنه الهجري والميلادي,,0,,0.00,0.00
1440 تقويم هجري,,0,,0.00,0.00
1440 تقويم هجري ميلادي,,0,,0.00,0.00
1441 05 06 التقويم الهجري,,0,,0.00,0.00
1441 التقويم الهجري,,0,,0.00,0.00
1441 التقويم الهجري msh-msh.com,,0,,0.00,0.00
1441 التقويم الهجري والميلادي 2020,,0,,0.00,0.00
1441 التقويم الهجري ١٤٤٠,,0,,0.00,0.00
1441 تقويم 2020 هجري وميلادي pdf,,0,,0.00,0.00
1441 تقويم الهجري ١٤٤١,,0,,0.00,0.00
19 08 2017 تقويم هجري,,0,,0.00,0.00
2018 تقويم ميلادي وهجري,,0,,0.00,0.00
2019 1441 التقويم الهجري والميلادي,,0,,0.00,0.00
2019 التقويم الهجري والميلادي,,0,,0.00,0.00
2019 التقويم الهجري والميلادي طباعة,,0,,0.00,0.00
2019 التقويم هجري ميلادي,,0,,0.00,0.00
2019 تقويم هجري ميلادي,,0,,0.00,0.00
2020 التقويم الهجري والميلادي,,0,,0.00,0.00
2023 تقويم هجري,,0,,0.00,0.00
30 ديسمبر 2019 ما يوافقه بالتقويم الهجري,,0,,0.00,0.00
apple store التقويم الهجري,,0,,0.00,0.00
calendar التقويم الهجري,,0,,0.00,0.00
download التقويم الهجري,,0,,0.00,0.00
enseeyab التقويم الهجري apk,,0,,0.00,0.00
hijri islamic calendar 2017 1439 التقويم الهجري والميلادي,,0,,0.00,0.00
html javascript تقويم هجري,,0,,0.00,0.00
https masr140.net التقويم-الهجري-1439-بالسعودية-وامساكية-ر amp,,0,,0.00,0.00
https www.arabydownloads.com التقويم-الهجري-1438-2017-calendar-hijri amp,,0,,0.00,0.00
ihijri lite التقويم الهجري,,0,,0.00,0.00
javascript تقويم هجري,,0,,0.00,0.00
nahla تقويم هجري,,0,,0.00,0.00
pdf التقويم الهجري والميلادي,,0,,0.00,0.00
php اضافة التقويم الهجري,,0,,0.00,0.00
php تقويم هجري,,0,,0.00,0.00
png تقويم هجري,,0,,0.00,0.00
www islamicfinder org التقويم الهجري الميلادي لعام 2017,,0,,0.00,0.00
wصورة التقويم الهجري والميلادي,,0,,0.00,0.00
xq55 التقويم الهجري,,0,,0.00,0.00
أجندة التقويم الهجري والميلادي,,0,,0.00,0.00
أشكال تقويم الهجري 2019,,0,,0.00,0.00
أشهر التقويم الهجري الشمسي,,0,,0.00,0.00
أفضل تقويم هجري ميلادي للابل ستور,,0,,0.00,0.00
أفضل تقويم هجري و ميلادي للابل ستور,,0,,0.00,0.00
أين يباع التقويم الهجري,,0,,0.00,0.00
أين يباع التقويم الهجري في الجبيل الصناعية,,0,,0.00,0.00
إضافة التقويم الهجري إلى شاشة القفل سامسونج,,0,,0.00,0.00
إضافة التقويم الهجري الى,,0,,0.00,0.00
إضافة التقويم الهجري بجانب الميلادي windows 10,,0,,0.00,0.00
إضافة التقويم الهجري بجانب الميلاديwindows 10,,0,,0.00,0.00
إنشاء تقويم الهجري سنوي في الوورد,,0,,0.00,0.00
إنشاء تقويم الهجري لشهر رمضان في الوورد,,0,,0.00,0.00
ابي التقويم الهجري والميلادي,,0,,0.00,0.00
اجازة العيد التقويم الهجري والميلادي,,0,,0.00,0.00
احتساب التقويم الهجري والميلادي,,0,,0.00,0.00
احمد الرفاعي التقويم الهجري 1439,,0,,0.00,0.00
احياء التقويم الهجري,,0,,0.00,0.00
اختيار التاريخ الهجري للتقويم الثابت عند المسلمين,,0,,0.00,0.00
اخطاء التقويم الهجري,,0,,0.00,0.00
ادراج التقويم الهجري اكسل,,0,,0.00,0.00
استبدال التقويم الهجري,,0,,0.00,0.00
استخدام التقويم الهجري php,,0,,0.00,0.00
استخدام التقويم الهجري php 2018,,0,,0.00,0.00
استراتيجية شرح درس التقويم السنوي الهجري,,0,,0.00,0.00
اشكال تقويم السنويه هجري للفوتوشوب,,0,,0.00,0.00
اشكال تقويم هجري فارغة,,0,,0.00,0.00
اضافة التقويم الهجري 1438,,0,,0.00,0.00
اضافة التقويم الهجري اكسل,,0,,0.00,0.00
اضافة التقويم الهجري في تطبيق تقويم قوقل,,0,,0.00,0.00
اضافة التقويم الهجري ل قوقول,,0,,0.00,0.00
اضافة التقويم الهجري لاندرويد,,0,,0.00,0.00
اضافة التقويم الهجري لحساب قوقل,,0,,0.00,0.00
اضافة التقويم الهجري للاندرويد 1438,,0,,0.00,0.00
اضافة التقويم الهجري للاندرويد 1439,,0,,0.00,0.00
اضافة التقويم الهجري للاندرويد 1440,,0,,0.00,0.00
اضافة التقويم الهجري للاندرويد 1441,,0,,0.00,0.00
اضافة التقويم الهجري للايفون 1438,,0,,0.00,0.00
اضافة التقويم الهجري للفايرفوكس,,0,,0.00,0.00
اضافة التقويم الهجري للماك,,0,,0.00,0.00
اضافة تقويم الهجري في البلوجر,,0,,0.00,0.00
اضافة تقويم هجري على الكمبيوتر,,0,,0.00,0.00
اضافة جدول للتقويم الهجري للاندرويد,,0,,0.00,0.00
اضافة موعد التقويم الهجري للاندرويد,,0,,0.00,0.00
اضافه التقويم الهجري للايفون,,0,,0.00,0.00
اظافة التقويم الهجري في فيجول بيسك 2010,,0,,0.00,0.00
اظهار التاريخ الهجري في تقويم اندرويد,,0,,0.00,0.00
اظهار التقويم الهجري في الوورد,,0,,0.00,0.00
اظهار التقويمات الاظافية شريط المهام الهجري,,0,,0.00,0.00
اعتماد التقويم الهجري في وزارة الدفاع,,0,,0.00,0.00
افصل تقويم هجري,,0,,0.00,0.00
افضل برنامج تقويم ميلادي وهجري للكومبيوتر,,0,,0.00,0.00
افضل برنامج للتقويم الهجري والميلادي للاندرويد,,0,,0.00,0.00
افضل برنامج للتقويم الهجري يظهر بالجوال,,0,,0.00,0.00
افضل تطبيق تقويم هجري 2018,,0,,0.00,0.00
افضل تطبيق تقويم هجري ميلادي,,0,,0.00,0.00
افضل تطبيق للتقويم الهجري للاندرويد,,0,,0.00,0.00
افضل تقويم ميلادي هجري 2017,,0,,0.00,0.00
افكار عمل تقويم هجري,,0,,0.00,0.00
افكار لاشكال تقويم هجري و ميلادي,,0,,0.00,0.00
اكسل تحويل التقويم الميلادي الي هجري,,0,,0.00,0.00
اكسل تقويم هجري,,0,,0.00,0.00
اكسل تقويم هجري ميلادي,,0,,0.00,0.00
اكسيل التقويم الهجري والميلادي,,0,,0.00,0.00
الاجازات والمناسبات التقويم الهجري 1439,,0,,0.00,0.00
الاختلاف بين التقويم الميلادي والتقويم الهجري,,0,,0.00,0.00
الاشهر الغير مكتمله بالتقويم الهجري,,0,,0.00,0.00
الاشهر الهجرية التقويم,,0,,0.00,0.00
الايمان التقويم الهجري,,0,,0.00,0.00
الباحث الاسلامي التقويم الهجري والميلادي 1439,,0,,0.00,0.00
الباحث الاسلامي التقويم الهجري والميلادي 1440,,0,,0.00,0.00
الباحث الاسلامي التقويم الهجري والميلادي 1441,,0,,0.00,0.00
الة حاسبة التقويم الهجري,,0,,0.00,0.00
التاريخ الهجري في تقويم ام القرى اليوم,,0,,0.00,0.00
التاريخ اليوم تقويم هجري,,0,,0.00,0.00
التاريخ بالتقويم الهجري اليوم,,0,,0.00,0.00
التاريخ حسب التقويم الهجري,,0,,0.00,0.00
التحميل التقويم الهجري 1441 والميلادي 2020 الرفاعي,,0,,0.00,0.00
التحويل التقويم الهجري والميلادي 2017,,0,,0.00,0.00
التحويل بين التقويم الهجري 1440 والميلادي 2019,,0,,0.00,0.00
التحويل بين التقويمين الهجري والميلادي,,0,,0.00,0.00
التحويل من التقويم الهجري 1438,,0,,0.00,0.00
التحويل من التقويم الهجري الى التقويم الميلادي,,0,,0.00,0.00
التحويل من التقويم الهجري والميلادي 2017,,0,,0.00,0.00
التحويل من تقويم هجري الى ميلادي,,0,,0.00,0.00
التذكير التقويم الهجر فيس بوكي,,0,,0.00,0.00
التذكير التقويم الهجري,,0,,0.00,0.00
التذكير بالتقويم الهجري فيس بوك,,0,,0.00,0.00
التربية الاسرية التقويم الهجري,,0,,0.00,0.00
التقويم 1437 هجري,,0,,0.00,0.00
التقويم 1438 الهجري,,0,,0.00,0.00
التقويم 1438 هجري,,0,,0.00,0.00
التقويم 1439 الهجري,,0,,0.00,0.00
التقويم 1439 هجري وميلادي,,0,,0.00,0.00
التقويم 1440 هجري وميلادي pdf الدراسي,,0,,0.00,0.00
التقويم 1441 هجري مصغر,,0,,0.00,0.00
التقويم 1441 هجري مكتبي,,0,,0.00,0.00
التقويم 2010 الهجري والميلادي,,0,,0.00,0.00
التقويم 2016 هجري ميلادي,,0,,0.00,0.00
التقويم 2017 هجري,,0,,0.00,0.00
التقويم 2018 مع الهجري,,0,,0.00,0.00
التقويم doc الهجري,,0,,0.00,0.00
التقويم ال راسي بالسنة الهجرية 1440,,0,,0.00,0.00
التقويم الأكاديمي لكليات التربية الادبية بحائل للبنات سنة 1419 هجري,,0,,0.00,0.00
التقويم الأكاديمي لكليات التربية بحائل للبنات سنة 1419 هجري,,0,,0.00,0.00
التقويم الأكاديمي لكليات التربية بحائل للبنات سنة 1420 هجري,,0,,0.00,0.00
التقويم الأكاديمي للكليات للتربية بحائل سنة 1419 هجري,,0,,0.00,0.00
التقويم الأكاديمي للكليات للتربية بحائل للبنات سنة 1419 هجري,,0,,0.00,0.00
التقويم الإسلامي 2019 التقويم الهجري طباعه,,0,,0.00,0.00
التقويم الاسبوعي الهجري,,0,,0.00,0.00
التقويم الاشهر الهجرية,,0,,0.00,0.00
التقويم الالكتروني الهجري,,0,,0.00,0.00
التقويم الالكتروني الهجري لعام 1439,,0,,0.00,0.00
التقويم الالكتروني الهجري لعام 1440,,0,,0.00,0.00
التقويم الالكتروني الهجري لعام 1440ه,,0,,0.00,0.00
التقويم الالكتروني الهجري ١٤٣٩,,0,,0.00,0.00
التقويم الالكتروني مع فصول السنه هجري ميلادي,,0,,0.00,0.00
التقويم الالميلادي و الهجري,,0,,0.00,0.00
التقويم الجامعي الهجري,,0,,0.00,0.00
التقويم الدارسي اسابيع هجري وميلادي,,0,,0.00,0.00
التقويم الدراسي 1436 هجري,,0,,0.00,0.00
التقويم الدراسي 1438 هجري,,0,,0.00,0.00
التقويم الدراسي 1438 هجري الفصل الثاني,,0,,0.00,0.00
التقويم الدراسي 1439 ميلادي وهجري,,0,,0.00,0.00
التقويم الدراسي 1439 هجري وميلادي,,0,,0.00,0.00
التقويم الدراسي 1440 الهجري,,0,,0.00,0.00
التقويم الدراسي 1441 بالهجري والميلادي,,0,,0.00,0.00
التقويم الدراسي اسابيع هجري وميلادي,,0,,0.00,0.00
التقويم الدراسي الاسبوعي عام 1439 هجري وميلادي 2018,,0,,0.00,0.00
التقويم الدراسي الهجري 1432,,0,,0.00,0.00
التقويم الدراسي الهجري 1437 1438,,0,,0.00,0.00
التقويم الدراسي الهجري 1438,,0,,0.00,0.00
التقويم الدراسي الهجري 1439,,0,,0.00,0.00
التقويم الدراسي الهجري 1440,,0,,0.00,0.00
التقويم الدراسي الهجري 1440 الترم الثاني,,0,,0.00,0.00
التقويم الدراسي الهجري بالاسابيع,,0,,0.00,0.00
التقويم الدراسي الهجري خالد الرفاعي,,0,,0.00,0.00
التقويم الدراسي الهجري لسنة 1439,,0,,0.00,0.00
التقويم الدراسي الهجري لعام 1438,,0,,0.00,0.00
التقويم الدراسي الهجري لعام 1443-1444,,0,,0.00,0.00
التقويم الدراسي الهجري لعام ١٤٤٠,,0,,0.00,0.00
التقويم الدراسي الهجري للترم الثاني,,0,,0.00,0.00
التقويم الدراسي الهجري والميلادي 1432,,0,,0.00,0.00
التقويم الدراسي الهجري والميلادي 1439,,0,,0.00,0.00
التقويم الدراسي الهجري والميلادي 1440,,0,,0.00,0.00
التقويم الدراسي الهجري والميلادي 1441,,0,,0.00,0.00
التقويم الدراسي الهجري ١٤٢٤,,0,,0.00,0.00
التقويم الدراسي الهجري ١٤٤١,,0,,0.00,0.00
التقويم الدراسي بالهجري 1440,,0,,0.00,0.00
التقويم الدراسي بالهجري للعام 1443-1444,,0,,0.00,0.00
التقويم الدراسي بالهجري والميلادي1440,,0,,0.00,0.00
التقويم الدراسي عام 1439 هجري وميلادي 2018,,0,,0.00,0.00
التقويم الدراسي لعام 1398 هجري السعودية,,0,,0.00,0.00
التقويم الدراسي لعام 1434 هجري وميلادي,,0,,0.00,0.00
التقويم الدراسي لعام 1439 هجري,,0,,0.00,0.00
التقويم الدراسي لعام 1439 هجرية,,0,,0.00,0.00
التقويم الدراسي لعام ١٤٣٩ هجري,,0,,0.00,0.00
التقويم الدراسي لعشر سنوات هجري وميلادي,,0,,0.00,0.00
التقويم الدراسي للعام 1440 1441 هجري,,0,,0.00,0.00
التقويم الدراسي للعام الهجري 1440,,0,,0.00,0.00
التقويم الدراسي للكليات للتربية بحائل سنة 1419 هجري,,0,,0.00,0.00
التقويم الدراسي هجري ميلادي,,0,,0.00,0.00
التقويم الدعوي الهجري pdf,,0,,0.00,0.00
التقويم الزمني 2018 هجري وميلادي,,0,,0.00,0.00
التقويم السنوي الهجري 1441,,0,,0.00,0.00
التقويم السنوي الهجري أ,,0,,0.00,0.00
التقويم السنوي الهجري والميلادي 2015,,0,,0.00,0.00
التقويم السنوي الهجري والميلادي 2017,,0,,0.00,0.00
التقويم السنوي الهجري والميلادي 2019,,0,,0.00,0.00
التقويم السنوي ميلادي و هجري,,0,,0.00,0.00
التقويم السنوي هجري ميلادي,,0,,0.00,0.00
التقويم السنوي هجري وميلادي 1440,,0,,0.00,0.00
التقويم الشمسى الهجري,,0,,0.00,0.00
التقويم الشمسى الهجري تحويل,,0,,0.00,0.00
التقويم الشهري a 2018 هجري وميلادي,,0,,0.00,0.00
التقويم الشهري a3 2018 هجري وميلادي,,0,,0.00,0.00
التقويم الشهري الهجري 1441 والميلادي 2019,,0,,0.00,0.00
التقويم الشهري الهجري 1441 والميلادي 2019 للطباعة,,0,,0.00,0.00
التقويم الشهري الهجري 1441 والميلادي 2019 للطباعة مكتبة,,0,,0.00,0.00
التقويم الشهري الهجري والميلادي للطباعة مع كتابة ملاحظات,,0,,0.00,0.00
التقويم الصيني بالهجري,,0,,0.00,0.00
التقويم الفاطمي الهجري,,0,,0.00,0.00
التقويم الفعلي الهجري,,0,,0.00,0.00
التقويم الفعلي الهجري اليوم,,0,,0.00,0.00
التقويم القطري الدفتري لعام 1437 هجري,,0,,0.00,0.00
التقويم المدرسي 1439 هجري وميلادي,,0,,0.00,0.00
التقويم الملادي 2017م مع الهجري 1438ه,,0,,0.00,0.00
التقويم الميلادى الهجري,,0,,0.00,0.00
التقويم الميلادى الهجري لعام 2017,,0,,0.00,0.00
التقويم الميلادي 2016 وهجري,,0,,0.00,0.00
التقويم الميلادي 2017م مع الهجري 1438ه,,0,,0.00,0.00
التقويم الميلادي الجديد 2018 الهجري 1440,,0,,0.00,0.00
التقويم الميلادي الهجري 1439,,0,,0.00,0.00
التقويم الميلادي الهجري 2018,,0,,0.00,0.00
التقويم الميلادي الهجري 2019,,0,,0.00,0.00
التقويم الميلادي الهجري لعام 1435,,0,,0.00,0.00
التقويم الميلادي الهجري لعام 1438,,0,,0.00,0.00
التقويم الميلادي الهجري ٢٠١٧,,0,,0.00,0.00
التقويم الميلادي الي الهجري,,0,,0.00,0.00
التقويم الميلادي لعام 2008 وما يوافقه من التقويم الهجري,,0,,0.00,0.00
التقويم الميلادي للعام 2007 وما يوافقه من التقويم الهجري,,0,,0.00,0.00
التقويم الميلادي للعام 2008 وما يوافقه من التقويم الهجري,,0,,0.00,0.00
التقويم الميلادي مع الهجري 2017,,0,,0.00,0.00
التقويم الميلادي مع الهجري 2017 جامعة سعود,,0,,0.00,0.00
التقويم الميلادي مع الهجري 2017 سعو,,0,,0.00,0.00
التقويم الميلادي مع الهجري 2017 كيوت,,0,,0.00,0.00
التقويم الميلادي مقابل الهجري 2012,,0,,0.00,0.00
التقويم الميلادي مقابل الهجري 2015,,0,,0.00,0.00
التقويم الميلادي مقابل الهجري 2016,,0,,0.00,0.00
التقويم الميلادي مقابل الهجري 2017,,0,,0.00,0.00
التقويم الميلادي مقابل الهجري 2018,,0,,0.00,0.00
التقويم الميلادي هجري,,0,,0.00,0.00
التقويم الميلادي هجري 1438,,0,,0.00,0.00
التقويم الميلادي هجري 2017 1437,,0,,0.00,0.00
التقويم الميلادي و الهجري 2009,,0,,0.00,0.00
التقويم الميلادي و الهجري 2019,,0,,0.00,0.00
التقويم الميلادي وتحويله الى الهجري ٢٠١٩,,0,,0.00,0.00
التقويم الميلادي وتحويله للهجري,,0,,0.00,0.00
التقويم الميلادي وما يقابله بالهجري,,0,,0.00,0.00
التقويم الميلادي وما يقابله بالهجري 2014,,0,,0.00,0.00
التقويم الميلادي وما يقابله بالهجري 2015,,0,,0.00,0.00
التقويم الميلادي وما يقابله بالهجري 2016,,0,,0.00,0.00
التقويم الميلادي وما يقابله بالهجري 2017,,0,,0.00,0.00
التقويم الميلادي وما يقابله بالهجري 2018,,0,,0.00,0.00
التقويم الميلادي وهجري,,0,,0.00,0.00
التقويم الميلادي وهجري 2020,,0,,0.00,0.00
التقويم الميلادي وهجري 2020 pdf,,0,,0.00,0.00
التقويم الميلدي الهجري 1440,,0,,0.00,0.00
التقويم الهجر 1439,,0,,0.00,0.00
التقويم الهجر الدراسيي ١٤٤١,,0,,0.00,0.00
التقويم الهجر جده 1440,,0,,0.00,0.00
التقويم الهجر ي اليوم,,0,,0.00,0.00
التقويم الهجر يالميلادي 2017,,0,,0.00,0.00
التقويم الهجرة 1440 الباحث الاسلامى,,0,,0.00,0.00
التقويم الهجرى التاريخ الهجري,,0,,0.00,0.00
التقويم الهجري 0 144,,0,,0.00,0.00
التقويم الهجري 1 رمضان,,0,,0.00,0.00
التقويم الهجري 1 شوال,,0,,0.00,0.00
التقويم الهجري 10,,0,,0.00,0.00
التقويم الهجري 1336,,0,,0.00,0.00
التقويم الهجري 1338,,0,,0.00,0.00
التقويم الهجري 1339,,0,,0.00,0.00
التقويم الهجري 1340,,0,,0.00,0.00
التقويم الهجري 1388,,0,,0.00,0.00
التقويم الهجري 14 اليوم40,,0,,0.00,0.00
التقويم الهجري 1408,,0,,0.00,0.00
التقويم الهجري 1411 هـ,,0,,0.00,0.00
التقويم الهجري 1411هـ,,0,,0.00,0.00
التقويم الهجري 1430 ام القرى,,0,,0.00,0.00
التقويم الهجري 1432 _ 1433,,0,,0.00,0.00
التقويم الهجري 1435 pdf,,0,,0.00,0.00
التقويم الهجري 1435 الدراسي,,0,,0.00,0.00
التقويم الهجري 1435 الشيعي,,0,,0.00,0.00
التقويم الهجري 1435 العربي للبرامج الموثوقه,,0,,0.00,0.00
التقويم الهجري 1435 ام القرى,,0,,0.00,0.00
التقويم الهجري 1435 خالد الرفاعي,,0,,0.00,0.00
التقويم الهجري 1435 سلطنة عمان,,0,,0.00,0.00
التقويم الهجري 1435 للطباعة,,0,,0.00,0.00
التقويم الهجري 1435 و 1436,,0,,0.00,0.00
التقويم الهجري 1435ه,,0,,0.00,0.00
التقويم الهجري 1436 1437,,0,,0.00,0.00
التقويم الهجري 1436 pdf,,0,,0.00,0.00
التقويم الهجري 1436 الدراسي,,0,,0.00,0.00
التقويم الهجري 1436 الشيعي,,0,,0.00,0.00
التقويم الهجري 1436 المغرب,,0,,0.00,0.00
التقويم الهجري 1436 ام القرى,,0,,0.00,0.00
التقويم الهجري 1436 جامعة الامام محمد بن سعود الانتساب,,0,,0.00,0.00
التقويم الهجري 1436 خالد الرفاعي,,0,,0.00,0.00
التقويم الهجري 1436 سلطنة عمان,,0,,0.00,0.00
التقويم الهجري 1436 للايفون,,0,,0.00,0.00
التقويم الهجري 1436 مع الاجازات,,0,,0.00,0.00
التقويم الهجري 1436 ه,,0,,0.00,0.00
التقويم الهجري 1436 و 1437,,0,,0.00,0.00
التقويم الهجري 1436ه,,0,,0.00,0.00
التقويم الهجري 1437 1438,,0,,0.00,0.00
التقويم الهجري 1437 pdf,,0,,0.00,0.00
التقويم الهجري 1437 الدراسي,,0,,0.00,0.00
التقويم الهجري 1437 اليوم,,0,,0.00,0.00
التقويم الهجري 1437 بالانجليزي,,0,,0.00,0.00
التقويم الهجري 1437 خالد الرفاعي,,0,,0.00,0.00
التقويم الهجري 1437 خالد الرفاعي pdf,,0,,0.00,0.00
التقويم الهجري 1437 سلطنة عمان,,0,,0.00,0.00
التقويم الهجري 1437 في السعودية,,0,,0.00,0.00
التقويم الهجري 1437 للايفون,,0,,0.00,0.00
التقويم الهجري 1437 للكليات التقنية1438,,0,,0.00,0.00
التقويم الهجري 1437 مع الميلادي,,0,,0.00,0.00
التقويم الهجري 1437 مع الميلادي 2017,,0,,0.00,0.00
التقويم الهجري 1437 هجري,,0,,0.00,0.00
التقويم الهجري 1437 و 1438,,0,,0.00,0.00
التقويم الهجري 1437 والميلادي,,0,,0.00,0.00
التقويم الهجري 1437.1438 الفصل الدراسي الثاني الاسابيع للمعلمين,,0,,0.00,0.00
التقويم الهجري 1437ه,,0,,0.00,0.00
التقويم الهجري 1437هجري,,0,,0.00,0.00
التقويم الهجري 1438 1439,,0,,0.00,0.00
التقويم الهجري 1438 a4,,0,,0.00,0.00
التقويم الهجري 1438 pdf,,0,,0.00,0.00
التقويم الهجري 1438 أسابيع الفصل الدراسي الثاني,,0,,0.00,0.00
التقويم الهجري 1438 الاعياد,,0,,0.00,0.00
التقويم الهجري 1438 الدراسي,,0,,0.00,0.00
التقويم الهجري 1438 الرفاعي,,0,,0.00,0.00
التقويم الهجري 1438 السعودية,,0,,0.00,0.00
التقويم الهجري 1438 اليوم,,0,,0.00,0.00
التقويم الهجري 1438 ام القرى,,0,,0.00,0.00
التقويم الهجري 1438 تحويل,,0,,0.00,0.00
التقويم الهجري 1438 تقويم الإمام زين العابدين,,0,,0.00,0.00
التقويم الهجري 1438 جاهز للطباعة,,0,,0.00,0.00
التقويم الهجري 1438 خالد الرفاعي,,0,,0.00,0.00
التقويم الهجري 1438 خالد الرفاعي hd,,0,,0.00,0.00
التقويم الهجري 1438 خالد الرفاعي pdf,,0,,0.00,0.00
التقويم الهجري 1438 دوس,,0,,0.00,0.00
التقويم الهجري 1438 ذو القعدة و ذو الحجة,,0,,0.00,0.00
التقويم الهجري 1438 رمضان,,0,,0.00,0.00
التقويم الهجري 1438 سادة,,0,,0.00,0.00
التقويم الهجري 1438 شهر 4,,0,,0.00,0.00
التقويم الهجري 1438 في مصر,,0,,0.00,0.00
التقويم الهجري 1438 كاملة,,0,,0.00,0.00
التقويم الهجري 1438 لشهر رمضان,,0,,0.00,0.00
التقويم الهجري 1438 للطباعة,,0,,0.00,0.00
التقويم الهجري 1438 للمدارس,,0,,0.00,0.00
التقويم الهجري 1438 مدارس,,0,,0.00,0.00
التقويم الهجري 1438 مزخرف,,0,,0.00,0.00
التقويم الهجري 1438 مع الميلادي,,0,,0.00,0.00
التقويم الهجري 1438 مع فصول السنة,,0,,0.00,0.00
التقويم الهجري 1438 ميلادي 2017 الجديد التقويم الرسمي جاهز للطباعة,,0,,0.00,0.00
التقويم الهجري 1438 و 1439,,0,,0.00,0.00
التقويم الهجري 1438 والابراج,,0,,0.00,0.00
التقويم الهجري 1438 والميلادي 2016,,0,,0.00,0.00
التقويم الهجري 1438 ورد,,0,,0.00,0.00
التقويم الهجري 1438 ورقي,,0,,0.00,0.00
التقويم الهجري 1438 وزارة التعليم,,0,,0.00,0.00
التقويم الهجري 1438 وميلادي,,0,,0.00,0.00
التقويم الهجري 1438 يوم العيد,,0,,0.00,0.00
التقويم الهجري 1438-١٤٣٩,,0,,0.00,0.00
التقويم الهجري 1438اليوم,,0,,0.00,0.00
التقويم الهجري 1438دوس,,0,,0.00,0.00
التقويم الهجري 1438لاسابيع الفصل الدراسي الاول,,0,,0.00,0.00
التقويم الهجري 1438لاسابيع الفصل الدراسي الثاني,,0,,0.00,0.00
التقويم الهجري 1438ه,,0,,0.00,0.00
التقويم الهجري 1438هـ,,0,,0.00,0.00
التقويم الهجري 1438والميلادى,,0,,0.00,0.00
التقويم الهجري 1438ورد,,0,,0.00,0.00
التقويم الهجري 1439 1440,,0,,0.00,0.00
التقويم الهجري 1439 2018,,0,,0.00,0.00
التقويم الهجري 1439 2018 pdf,,0,,0.00,0.00
التقويم الهجري 1439 _ 1440,,0,,0.00,0.00
التقويم الهجري 1439 a4,,0,,0.00,0.00
التقويم الهجري 1439 doc,,0,,0.00,0.00
التقويم الهجري 1439 hd,,0,,0.00,0.00
التقويم الهجري 1439 indesign,,0,,0.00,0.00
التقويم الهجري 1439 pdf,,0,,0.00,0.00
التقويم الهجري 1439 word,,0,,0.00,0.00
التقويم الهجري 1439 أفضل التصاميم من المصممين العرب,,0,,0.00,0.00
التقويم الهجري 1439 ابيض واسود,,0,,0.00,0.00
التقويم الهجري 1439 ارابيك,,0,,0.00,0.00
التقويم الهجري 1439 الاجازات والرواتب,,0,,0.00,0.00
التقويم الهجري 1439 الامام السجاد,,0,,0.00,0.00
التقويم الهجري 1439 الدراسي,,0,,0.00,0.00
التقويم الهجري 1439 الرفاعي,,0,,0.00,0.00
التقويم الهجري 1439 السعودي,,0,,0.00,0.00
التقويم الهجري 1439 السعودية,,0,,0.00,0.00
التقويم الهجري 1439 الفصل الاول,,0,,0.00,0.00
التقويم الهجري 1439 المهام,,0,,0.00,0.00
التقويم الهجري 1439 اليوم,,0,,0.00,0.00
التقويم الهجري 1439 ام القرى,,0,,0.00,0.00
التقويم الهجري 1439 ام القري,,0,,0.00,0.00
التقويم الهجري 1439 بالايام,,0,,0.00,0.00
التقويم الهجري 1439 بالعربي,,0,,0.00,0.00
التقويم الهجري 1439 بالمغرب,,0,,0.00,0.00
التقويم الهجري 1439 بعد التعديل,,0,,0.00,0.00
التقويم الهجري 1439 تاريخ اليوم,,0,,0.00,0.00
التقويم الهجري 1439 تحويل,,0,,0.00,0.00
التقويم الهجري 1439 تحويل الى ميلادى,,0,,0.00,0.00
التقويم الهجري 1439 تصميم مفتوح,,0,,0.00,0.00
التقويم الهجري 1439 تويتر,,0,,0.00,0.00
التقويم الهجري 1439 جاهز للطباعة,,0,,0.00,0.00
التقويم الهجري 1439 خالد الرفاعي,,0,,0.00,0.00
التقويم الهجري 1439 خالد الرفاعي pdf,,0,,0.00,0.00
التقويم الهجري 1439 ربيع الاول,,0,,0.00,0.00
التقويم الهجري 1439 ربيع1,,0,,0.00,0.00
التقويم الهجري 1439 رمضان,,0,,0.00,0.00
التقويم الهجري 1439 رمضان يونيو,,0,,0.00,0.00
التقويم الهجري 1439 شهر 12,,0,,0.00,0.00
التقويم الهجري 1439 شهر صفر للطباعة,,0,,0.00,0.00
التقويم الهجري 1439 شهر صفر و ربيع الاول,,0,,0.00,0.00
التقويم الهجري 1439 شهر صفرللطباعة,,0,,0.00,0.00
التقويم الهجري 1439 شهر محرم,,0,,0.00,0.00
التقويم الهجري 1439 فى مصر,,0,,0.00,0.00
التقويم الهجري 1439 قوقل,,0,,0.00,0.00
التقويم الهجري 1439 لشيعة,,0,,0.00,0.00
التقويم الهجري 1439 للاندرويد,,0,,0.00,0.00
التقويم الهجري 1439 للتعليم,,0,,0.00,0.00
التقويم الهجري 1439 للطباعة,,0,,0.00,0.00
التقويم الهجري 1439 للمدارس,,0,,0.00,0.00
التقويم الهجري 1439 للمهام,,0,,0.00,0.00
التقويم الهجري 1439 مع الميلادي,,0,,0.00,0.00
التقويم الهجري 1439 ه,,0,,0.00,0.00
التقويم الهجري 1439 و1440,,0,,0.00,0.00
التقويم الهجري 1439 والميلادي 2017,,0,,0.00,0.00
التقويم الهجري 1439 والميلادي 2018 pdf,,0,,0.00,0.00
التقويم الهجري 1439 والميلادي 2019,,0,,0.00,0.00
التقويم الهجري 1439 والميلادي excel,,0,,0.00,0.00
التقويم الهجري 1439 ورد,,0,,0.00,0.00
التقويم الهجري 1439 وورد,,0,,0.00,0.00
التقويم الهجري 1439a4,,0,,0.00,0.00
التقويم الهجري 1439بالعربي,,0,,0.00,0.00
التقويم الهجري 1439رمضان يونيو,,0,,0.00,0.00
التقويم الهجري 1439لوزارة التربية و التعليم,,0,,0.00,0.00
التقويم الهجري 1439ه,,0,,0.00,0.00
التقويم الهجري 1439هـ,,0,,0.00,0.00
التقويم الهجري 1440 1441,,0,,0.00,0.00
التقويم الهجري 1440 1441 برعاية العويد وشركاه,,0,,0.00,0.00
التقويم الهجري 1440 1441 طباعه,,0,,0.00,0.00
التقويم الهجري 1440 2018,,0,,0.00,0.00
التقويم الهجري 1440 2018 2019 pdf,,0,,0.00,0.00
التقويم الهجري 1440 2019,,0,,0.00,0.00
التقويم الهجري 1440 excel,,0,,0.00,0.00
التقويم الهجري 1440 pdf,,0,,0.00,0.00
التقويم الهجري 1440 pdf الرفاعي,,0,,0.00,0.00
التقويم الهجري 1440 pdf برنامج,,0,,0.00,0.00
التقويم الهجري 1440 png,,0,,0.00,0.00
التقويم الهجري 1440 su,,0,,0.00,0.00
التقويم الهجري 1440 اجازة رمضان للموظفين,,0,,0.00,0.00
التقويم الهجري 1440 الاعياد,,0,,0.00,0.00
التقويم الهجري 1440 الرفاعي,,0,,0.00,0.00
التقويم الهجري 1440 الرفاعي pdf,,0,,0.00,0.00
التقويم الهجري 1440 السعودية,,0,,0.00,0.00
التقويم الهجري 1440 الشبط,,0,,0.00,0.00
التقويم الهجري 1440 اليوم,,0,,0.00,0.00
التقويم الهجري 1440 بالاجازات,,0,,0.00,0.00
التقويم الهجري 1440 بالاسابيع,,0,,0.00,0.00
التقويم الهجري 1440 بالايام,,0,,0.00,0.00
التقويم الهجري 1440 بالميلادي كم,,0,,0.00,0.00
التقويم الهجري 1440 بالورد,,0,,0.00,0.00
التقويم الهجري 1440 تاريخ اليوم,,0,,0.00,0.00
التقويم الهجري 1440 تصميم خالد الرفاعي,,0,,0.00,0.00
التقويم الهجري 1440 خالد الرفاعي,,0,,0.00,0.00
التقويم الهجري 1440 خالد الرفاعي pdf,,0,,0.00,0.00
التقويم الهجري 1440 خلفيه لسطح المكتب,,0,,0.00,0.00
التقويم الهجري 1440 دقه عاليه,,0,,0.00,0.00
التقويم الهجري 1440 دكان افكار,,0,,0.00,0.00
التقويم الهجري 1440 سعد,,0,,0.00,0.00
التقويم الهجري 1440 شهر 6,,0,,0.00,0.00
التقويم الهجري 1440 شهر 7,,0,,0.00,0.00
التقويم الهجري 1440 فقط,,0,,0.00,0.00
التقويم الهجري 1440 قابل للتعديل,,0,,0.00,0.00
التقويم الهجري 1440 لأجهزة اندرويد,,0,,0.00,0.00
التقويم الهجري 1440 لرفاعى,,0,,0.00,0.00
التقويم الهجري 1440 للطباعة,,0,,0.00,0.00
التقويم الهجري 1440 للطباعه محدث بمواعيد الرواتب الجديدة,,0,,0.00,0.00
التقويم الهجري 1440 للموظفين,,0,,0.00,0.00
التقويم الهجري 1440 مع الاجازات,,0,,0.00,0.00
التقويم الهجري 1440 مع المناسبات,,0,,0.00,0.00
التقويم الهجري 1440 مناسبات,,0,,0.00,0.00
التقويم الهجري 1440 موقع ماي اندرويد,,0,,0.00,0.00
التقويم الهجري 1440 نسخة الكمبيوتر والجوال,,0,,0.00,0.00
التقويم الهجري 1440 هجري,,0,,0.00,0.00
التقويم الهجري 1440 هجري pdf,,0,,0.00,0.00
التقويم الهجري 1440 و 1441,,0,,0.00,0.00
التقويم الهجري 1440 واضح جاهز للطباعة,,0,,0.00,0.00
التقويم الهجري 1440 والاجازات,,0,,0.00,0.00
التقويم الهجري 1440 والاجازات السعودية,,0,,0.00,0.00
التقويم الهجري 1440 والميلادي 2018 مدمج,,0,,0.00,0.00
التقويم الهجري 1440 والميلادي 2019 pdf,,0,,0.00,0.00
التقويم الهجري 1440 والميلادي 2019 اليوم,,0,,0.00,0.00
التقويم الهجري 1440 والميلادي 2019 في مصر,,0,,0.00,0.00
التقويم الهجري 1440 والميلادي 2019 للتحميل,,0,,0.00,0.00
التقويم الهجري 1440 والميلادي 2019 للطباعه,,0,,0.00,0.00
التقويم الهجري 1440 والميلادي 2019 يومي وورد,,0,,0.00,0.00
التقويم الهجري 1440 والميلادي hd,,0,,0.00,0.00
التقويم الهجري 1440 والميلادي جوال2018,,0,,0.00,0.00
التقويم الهجري 1440 وكالة لمسات متكاملة,,0,,0.00,0.00
التقويم الهجري 1440 ومواقيت الصلاة,,0,,0.00,0.00
التقويم الهجري 1440-1441,,0,,0.00,0.00
التقويم الهجري 1440اجازة رمضان للموظفين,,0,,0.00,0.00
التقويم الهجري 1440الرفاعيوالميلادي 2019,,0,,0.00,0.00
التقويم الهجري 1440الموظفين,,0,,0.00,0.00
التقويم الهجري 1440بلالميلادي كم,,0,,0.00,0.00
التقويم الهجري 1440فيه عبارات,,0,,0.00,0.00
التقويم الهجري 1440ه,,0,,0.00,0.00
التقويم الهجري 1440هـ,,0,,0.00,0.00
التقويم الهجري 1441 doc,,0,,0.00,0.00
التقويم الهجري 1441 hghshfdu,,0,,0.00,0.00
التقويم الهجري 1441 pdf,,0,,0.00,0.33
التقويم الهجري 1441 pdf اشكال,,0,,0.00,0.00
التقويم الهجري 1441 pdf الرفاعي,,0,,0.00,0.00
التقويم الهجري 1441 pdf شامل مواقيت الصلاة,,0,,0.00,0.00
التقويم الهجري 1441 pdf فارغ,,0,,0.00,0.00
التقويم الهجري 1441 word,,0,,0.00,0.00
التقويم الهجري 1441 الاجازات,,0,,0.00,0.00
التقويم الهجري 1441 الاسابيع,,0,,0.00,0.00
التقويم الهجري 1441 الرضا,,0,,0.00,0.00
التقويم الهجري 1441 الرفاعي,,0,,0.00,0.00
التقويم الهجري 1441 الزهراء,,0,,0.00,0.00
التقويم الهجري 1441 الفصل الاول,,0,,0.00,0.00
التقويم الهجري 1441 الفصل الثاني,,0,,0.00,0.00
التقويم الهجري 1441 الميلادي 2020,,0,,0.00,0.00
التقويم الهجري 1441 ام القرى,,0,,0.00,0.00
التقويم الهجري 1441 انديزاين,,0,,0.00,0.00
التقويم الهجري 1441 بالايام,,0,,0.00,0.00
التقويم الهجري 1441 باليوم,,0,,0.00,0.00
التقويم الهجري 1441 تحميل,,0,,0.00,0.00
التقويم الهجري 1441 تمبلر,,0,,0.00,0.00
التقويم الهجري 1441 تويتر,,0,,0.00,0.00
التقويم الهجري 1441 جامعة الملك عبدالعزيز,,0,,0.00,0.00
التقويم الهجري 1441 جاهز للطباعه,,0,,0.00,0.00
التقويم الهجري 1441 جوده عالية,,0,,0.00,0.00
التقويم الهجري 1441 حيب,,0,,0.00,0.00
التقويم الهجري 1441 خالد الرفاعي,,0,,0.00,0.00
التقويم الهجري 1441 رسوم اطفال,,0,,0.00,0.00
التقويم الهجري 1441 سيرا,,0,,0.00,0.00
التقويم الهجري 1441 سيرة,,0,,0.00,0.00
التقويم الهجري 1441 سيره,,0,,0.00,0.00
التقويم الهجري 1441 طباعه,,0,,0.00,0.00
التقويم الهجري 1441 طبرجل pdf,,0,,0.00,0.00
التقويم الهجري 1441 عربي,,0,,0.00,0.00
التقويم الهجري 1441 لتدوين المهام,,0,,0.00,0.00
التقويم الهجري 1441 للبيع,,0,,0.00,0.00
التقويم الهجري 1441 للمكاتب,,0,,0.00,0.00
التقويم الهجري 1441 مزخرف,,0,,0.00,0.00
التقويم الهجري 1441 مصر,,0,,0.00,0.00
التقويم الهجري 1441 مع مواقيت الصلاة,,0,,0.00,0.00
التقويم الهجري 1441 والميلادي 2019 pdf,,0,,0.00,0.00
التقويم الهجري 1441 والميلادي 2019 ام القرى,,0,,0.00,0.00
التقويم الهجري 1441 والميلادي 2019 بموعد الرواتب والاجازات,,0,,0.00,0.00
التقويم الهجري 1441 والميلادي 2019 سيرة,,0,,0.00,0.00
التقويم الهجري 1441 والميلادي 2019 للطباعة,,0,,0.00,0.00
التقويم الهجري 1441 والميلادي 2019 للطباعة مكتبة,,0,,0.00,0.00
التقويم الهجري 1441 والميلادي 2020 pdf,,0,,0.00,0.00
التقويم الهجري 1441 والميلادي 2020 الرفاعي,,0,,0.00,0.00
التقويم الهجري 1441pdf,,0,,0.00,0.00
التقويم الهجري 1441الدراسي,,0,,0.00,0.00
التقويم الهجري 1441العام الاكاديمي,,0,,0.00,0.00
التقويم الهجري 1441الفصل الدراسي الاول,,0,,0.00,0.00
التقويم الهجري 1441الفصل الدراسي الثاني,,0,,0.00,0.00
التقويم الهجري 1441جاهز للطباعه,,0,,0.00,0.00
التقويم الهجري 1441دفتر,,0,,0.00,0.00
التقويم الهجري 1441فقط,,0,,0.00,0.00
التقويم الهجري 1441مع مواقيت الصلاة,,0,,0.00,0.00
التقويم الهجري 1441ه,,0,,0.00,0.00
التقويم الهجري 1442 شهر 3,,0,,0.00,0.00
التقويم الهجري 1442 شهر محرم,,0,,0.00,0.00
التقويم الهجري 148,,0,,0.00,0.00
التقويم الهجري 16 محرم 1439,,0,,0.00,0.00
التقويم الهجري 1٤٤٠,,0,,0.00,0.00
التقويم الهجري 2 رمضان 2019,,0,,0.00,0.00
التقويم الهجري 2 رمضان 2019 يوافق كام,,0,,0.00,0.00
التقويم الهجري 20 7 1441 مايعادل بالميلادي,,0,,0.00,0.00
التقويم الهجري 2016 خالد الرفاعي,,0,,0.00,0.00
التقويم الهجري 2017 في السعودية,,0,,0.00,0.00
التقويم الهجري 2018 1440,,0,,0.00,0.00
التقويم الهجري 2018 2019,,0,,0.00,0.00
التقويم الهجري 2018 a4,,0,,0.00,0.00
التقويم الهجري 2018 pdf,,0,,0.00,0.00
التقويم الهجري 2018 الخطوط السعودية,,0,,0.00,0.00
التقويم الهجري 2018 الفصل الدراسي الثاني,,0,,0.00,0.00
التقويم الهجري 2018-2019 cnet,,0,,0.00,0.00
التقويم الهجري 2019 2020,,0,,0.00,0.00
التقويم الهجري 2019 pdf,,0,,0.00,0.00
التقويم الهجري 2019 السعودية,,0,,0.00,0.00
التقويم الهجري 20191440 pdf,,0,,0.00,0.00
التقويم الهجري 28 ذو الحجة 29 اغسطس,,0,,0.00,0.00
التقويم الهجري 30 12 1437,,0,,0.00,0.00
التقويم الهجري 38,,0,,0.00,0.00
التقويم الهجري 39,,0,,0.00,0.00
التقويم الهجري 4+,,0,,0.00,0.00
التقويم الهجري 40,,0,,0.00,0.00
التقويم الهجري 41,,0,,0.00,0.00
التقويم الهجري 5 8 2018,,0,,0.00,0.00
التقويم الهجري 9,,0,,0.00,0.00
التقويم الهجري clipart,,0,,0.00,0.00
التقويم الهجري excel,,0,,0.00,0.00
التقويم الهجري fha hg ldgm,,0,,0.00,0.00
التقويم الهجري g4,,0,,0.00,0.00
التقويم الهجري ggldgh n,,0,,0.00,0.00
التقويم الهجري google,,0,,0.00,0.00
التقويم الهجري hgalsd,,0,,0.00,0.00
التقويم الهجري hgldgh d,,0,,0.00,0.00
التقويم الهجري lu hgh hk,,0,,0.00,0.00
التقويم الهجري mac,,0,,0.00,0.00
التقويم الهجري php,,0,,0.00,0.00
التقويم الهجري thvyi,,0,,0.00,0.00
التقويم الهجري uhgd hg i1441,,0,,0.00,0.00
التقويم الهجري wiki,,0,,0.00,0.00
التقويم الهجري word,,0,,0.00,0.00
التقويم الهجري xls,,0,,0.00,0.00
التقويم الهجري xls 2019,,0,,0.00,0.00
التقويم الهجري xq55,,0,,0.00,0.00
التقويم الهجري أشكال مزخرفة,,0,,0.00,0.00
التقويم الهجري أم القرى الدليمية,,0,,0.00,0.00
التقويم الهجري أم القرى ١٤٤١,,0,,0.00,0.00
التقويم الهجري ا القرى,,0,,0.00,0.00
التقويم الهجري اجازة رمض,,0,,0.00,0.00
التقويم الهجري احتسابالأيام,,0,,0.00,0.00
التقويم الهجري اسامه العمري,,0,,0.00,0.00
التقويم الهجري اكتروني,,0,,0.00,0.00
التقويم الهجري اكسل,,0,,0.00,0.00
التقويم الهجري اكسل شيييت,,0,,0.00,0.00
التقويم الهجري الأبدي المقارن,,0,,0.00,0.00
التقويم الهجري الإجازات,,0,,0.00,0.00
التقويم الهجري الا,,0,,0.00,0.00
التقويم الهجري الاساسي بالجوال,,0,,0.00,0.00
التقويم الهجري الاسلامي 1441,,0,,0.00,0.00
التقويم الهجري الان في السعودية,,0,,0.00,0.36
التقويم الهجري الانصاري,,0,,0.00,0.00
التقويم الهجري الانواء,,0,,0.00,0.00
التقويم الهجري التاريخ اليوم,,0,,0.00,0.00
التقويم الهجري الجديد 1436,,0,,0.00,0.00
التقويم الهجري الجديد 1437,,0,,0.00,0.00
التقويم الهجري الجديد 1438,,0,,0.00,0.00
التقويم الهجري الجديد 1439,,0,,0.00,0.00
التقويم الهجري الجديد 1441,,0,,0.00,0.00
التقويم الهجري الجديد 2016,,0,,0.00,0.00
التقويم الهجري الجديد 2018,,0,,0.00,0.00
التقويم الهجري الجديد 2019,,0,,0.00,0.00
التقويم الهجري الجديد الامارات,,0,,0.00,0.00
التقويم الهجري الجديد تحميل,,0,,0.00,0.00
التقويم الهجري الجديد لعام 1436,,0,,0.00,0.00
التقويم الهجري الجديد لعام 1437,,0,,0.00,0.00
التقويم الهجري الجديد لعام 1439,,0,,0.00,0.00
التقويم الهجري الجديد لعام 1440,,0,,0.00,0.00
التقويم الهجري الجديد لعام ١٤٣٩,,0,,0.00,0.00
التقويم الهجري الجديد للايفون,,0,,0.00,0.00
التقويم الهجري الجديد مع الميلادي,,0,,0.00,0.00
التقويم الهجري الجديد ١٤٣٨,,0,,0.00,0.00
التقويم الهجري الجديد ١٤٤٠,,0,,0.00,0.00
التقويم الهجري الجديد ١٤٤١ عبدالملك الثاري,,0,,0.00,0.00
التقويم الهجري الجمعية الخيرية,,0,,0.00,0.00
التقويم الهجري الجمعية الخيرية بالمنطفة الشرقية,,0,,0.00,0.00
التقويم الهجري الجمعية الخيرية لتحفيظ القران,,0,,0.00,0.00
التقويم الهجري الحج 1439,,0,,0.00,0.00
التقويم الهجري الحقيقي اليوم,,0,,0.00,0.00
التقويم الهجري الدراسي 1432,,0,,0.00,0.00
التقويم الهجري الدراسي 1438,,0,,0.00,0.00
التقويم الهجري الدراسي 1438 ام القرى,,0,,0.00,0.00
التقويم الهجري الدراسي 1439,,0,,0.00,0.00
التقويم الهجري الدراسي لعام 1438,,0,,0.00,0.00
التقويم الهجري الدراسي لعام 1441 وورد,,0,,0.00,0.00
التقويم الهجري الدراسي لعام 1442,,0,,0.00,0.00
التقويم الهجري الدراسي لعام ١٤٣٦-١٤٣٧,,0,,0.00,0.00
التقويم الهجري الدراسي لعام ١٤٤١,,0,,0.00,0.00
التقويم الهجري الدراسي لعام1438,,0,,0.00,0.00
التقويم الهجري الدراسي ١٤٣٩-١٤٤٠,,0,,0.00,0.00
التقويم الهجري الدراسي ١٤٣٩-١٤٤٠ الترم الثاني,,0,,0.00,0.00
التقويم الهجري الدراسي ١٤٤1,,0,,0.00,0.00
التقويم الهجري الدراسي1439-1440,,0,,0.00,0.00
التقويم الهجري الرتب,,0,,0.00,0.00
التقويم الهجري الرسمي في السعودية,,0,,0.00,0.00
التقويم الهجري الرفاعي 1439,,0,,0.00,0.00
التقويم الهجري الرفاعي 1440,,0,,0.00,0.00
التقويم الهجري الرفاعي 1440بي دي اف,,0,,0.00,0.00
التقويم الهجري الرفاعي 1441,,0,,0.00,0.00
التقويم الهجري الرفاعي ١٤٣٨,,0,,0.00,0.00
التقويم الهجري الرفاعي1440,,0,,0.00,0.00
التقويم الهجري السعودي 1440,,0,,0.00,0.00
التقويم الهجري السعودية 1440,,0,,0.00,0.00
التقويم الهجري السنوي 1441,,0,,0.00,0.00
التقويم الهجري السنوي 2019,,0,,0.00,0.00
التقويم الهجري السنوي التربية الاسرية,,0,,0.00,0.00
التقويم الهجري السنوي ورقة عمل,,0,,0.00,0.00
التقويم الهجري الشمسي 1438,,0,,0.00,0.00
التقويم الهجري الشمسي 1439,,0,,0.00,0.00
التقويم الهجري الشمسي البروج 1438,,0,,0.00,0.00
التقويم الهجري الشمسي الفارسي 1397,,0,,0.00,0.00
التقويم الهجري الشمسي القمري الميلادي وزارة التجارة والاستثمار,,0,,0.00,0.00
التقويم الهجري الشمسي المعتمد,,0,,0.00,0.00
التقويم الهجري الشمسي ترنح,,0,,0.00,0.00
التقويم الهجري الشمسي خالد الرفاعي,,0,,0.00,0.00
التقويم الهجري الشمسي ١٤٤٠,,0,,0.00,0.00
التقويم الهجري الشيعي 1440,,0,,0.00,0.00
التقويم الهجري الشيعي 1441,,0,,0.00,0.00
التقويم الهجري الشيعي 2018,,0,,0.00,0.00
التقويم الهجري الشيعي 2019,,0,,0.00,0.00
التقويم الهجري الصلاة,,0,,0.00,0.00
التقويم الهجري الصلاة 1439,,0,,0.00,0.00
التقويم الهجري العام الماضي,,0,,0.00,0.00
التقويم الهجري العجيري,,0,,0.00,0.00
التقويم الهجري القرطاسية,,0,,0.00,0.00
التقويم الهجري القمري الميلادي,,0,,0.00,0.00
التقويم الهجري القمري لمدينتي,,0,,0.00,0.00
التقويم الهجري القمري والشمسي والميلادي,,0,,0.00,0.00
التقويم الهجري المصورشركة ارامكو عام 2000,,0,,0.00,0.00
التقويم الهجري المغرب 1441,,0,,0.00,0.00
التقويم الهجري المغربي 1441,,0,,0.00,0.00
التقويم الهجري الملاد,,0,,0.00,0.00
التقويم الهجري الميلادى,,0,,0.00,0.00
التقويم الهجري الميلادي 1396,,0,,0.00,0.00
التقويم الهجري الميلادي 1434,,0,,0.00,0.00
التقويم الهجري الميلادي 1438,,0,,0.00,0.00
التقويم الهجري الميلادي 1439,,0,,0.00,0.00
التقويم الهجري الميلادي 1440,,0,,0.00,0.00
التقويم الهجري الميلادي 1441,,0,,0.00,0.00
التقويم الهجري الميلادي 2012,,0,,0.00,0.00
التقويم الهجري الميلادي 2015,,0,,0.00,0.00
التقويم الهجري الميلادي 2015م,,0,,0.00,0.00
التقويم الهجري الميلادي 2016,,0,,0.00,0.00
التقويم الهجري الميلادي 2017 pdf,,0,,0.00,0.00
التقويم الهجري الميلادي 2018,,0,,0.00,0.29
التقويم الهجري الميلادي 2019,,0,,0.00,0.00
التقويم الهجري الميلادي 2020,,0,,0.00,0.00
التقويم الهجري الميلادي الجديد,,0,,0.00,0.00
التقويم الهجري الميلادي اليوم,,0,,0.00,0.00
التقويم الهجري الميلادي تحويل,,0,,0.00,0.00
التقويم الهجري الميلادي لعام 1438,,0,,0.00,0.00
التقويم الهجري الميلادي لعام 2017,,0,,0.00,0.00
التقويم الهجري الميلادي ١٤٣٩,,0,,0.00,0.00
التقويم الهجري الميلادي ١٤٤٠,,0,,0.00,0.00
التقويم الهجري الميلاديالملون الكامل,,0,,0.00,0.00
التقويم الهجري الميلاديالملون الكامل 1438,,0,,0.00,0.00
التقويم الهجري الميلادي٢٠١٨,,0,,0.00,0.00
التقويم الهجري الورقي,,0,,0.00,0.00
التقويم الهجري الوم,,0,,0.00,0.00
التقويم الهجري الى الميلادي 2015,,0,,0.00,0.00
التقويم الهجري الى تقويم ميلادي,,0,,0.00,0.00
التقويم الهجري الي الميلادي,,0,,0.00,0.00
التقويم الهجري الي ميلادي,,0,,0.00,0.00
التقويم الهجري اليهودي,,0,,0.00,0.00
التقويم الهجري اليوم 1438,,0,,0.00,0.00
التقويم الهجري اليوم 1439,,0,,0.00,0.00
التقويم الهجري اليوم 1440,,0,,0.00,0.00
التقويم الهجري اليوم 1441,,0,,0.00,0.00
التقويم الهجري اليوم 2019,,0,,0.00,0.00
التقويم الهجري اليوم ابراج,,0,,0.00,0.00
التقويم الهجري اليوم الاثنين,,0,,0.00,0.00
التقويم الهجري اليوم الاحد,,0,,0.00,0.00
التقويم الهجري اليوم الجمعه,,0,,0.00,0.00
التقويم الهجري اليوم السعوديه,,0,,0.00,0.00
التقويم الهجري اليوم في السعودية 2015,,0,,0.00,0.00
التقويم الهجري اليوم في السعودية 2017,,0,,0.00,0.00
التقويم الهجري اليوم في ماليزيا,,0,,0.00,0.00
التقويم الهجري اليوم ١٤٣٩,,0,,0.00,0.00
التقويم الهجري اليوم.com,,0,,0.00,0.00
التقويم الهجري ام القرى 1435,,0,,0.00,0.00
التقويم الهجري ام القرى 1436,,0,,0.00,0.00
التقويم الهجري ام القرى 1437,,0,,0.00,0.00
التقويم الهجري ام القرى 1438,,0,,0.00,0.00
التقويم الهجري ام القرى 1439,,0,,0.00,0.00
التقويم الهجري ام القرى 1440,,0,,0.00,0.00
التقويم الهجري ام القرى 1441,,0,,0.00,0.00
التقويم الهجري ام القرى 2019,,0,,0.00,0.00
التقويم الهجري ام القرى linkshrink.net,,0,,0.00,0.00
التقويم الهجري ام القرى تحويل,,0,,0.00,0.00
التقويم الهجري ام القرى لعام 1435,,0,,0.00,0.00
التقويم الهجري ام القرى لعام 1436,,0,,0.00,0.00
التقويم الهجري ام القرى لعام 1440,,0,,0.00,0.00
التقويم الهجري ام القرى ١٤٣٦,,0,,0.00,0.00
التقويم الهجري ام القرى ١٤٣٨,,0,,0.00,0.00
التقويم الهجري ام القرى ١٤٣٩,,0,,0.00,0.00
التقويم الهجري ام القرى ١٤٤٠,,0,,0.00,0.00
التقويم الهجري ام القرى1438 الدراسي,,0,,0.00,0.00
التقويم الهجري ام القري,,0,,0.00,0.00
التقويم الهجري بالاسابيع,,0,,0.00,0.00
التقويم الهجري بالاسابيع 1438,,0,,0.00,0.00
التقويم الهجري بالاسابيع 1440,,0,,0.00,0.00
التقويم الهجري بالاسابيع 1441,,0,,0.00,0.00
التقويم الهجري بالاسابيع الدراسية,,0,,0.00,0.00
التقويم الهجري بالاسابيع جاهز للطباعة,,0,,0.00,0.00
التقويم الهجري بالاسابيع لعام 1440,,0,,0.00,0.00
التقويم الهجري بالانجليزي 1439,,0,,0.00,0.00
التقويم الهجري بالانجليزي 1439 والميلادي 2018,,0,,0.00,0.00
التقويم الهجري بالانقلش,,0,,0.00,0.00
التقويم الهجري بالسعودية 1435,,0,,0.00,0.00
التقويم الهجري بالسعوديه الاحدث,,0,,0.00,0.00
التقويم الهجري بالعربي 1436,,0,,0.00,0.00
التقويم الهجري بالعربية,,0,,0.00,0.00
التقويم الهجري بالمناسبات,,0,,0.00,0.00
التقويم الهجري بالمناسبات لعام 1440,,0,,0.00,0.00
التقويم الهجري بالمنام,,0,,0.00,0.00
التقويم الهجري بالمواعيد في السعودية,,0,,0.00,0.00
التقويم الهجري بالميلادى,,0,,0.00,0.00
التقويم الهجري بالورد 1440,,0,,0.00,0.00
التقويم الهجري بتصاميم,,0,,0.00,0.00
التقويم الهجري بتصاميم تويتر,,0,,0.00,0.00
التقويم الهجري بتصاميم طلبة جامع القصيم,,0,,0.00,0.00
التقويم الهجري بداية رمضان,,0,,0.00,0.00
التقويم الهجري بشكل مرتب ايفون جلكسي,,0,,0.00,0.00
التقويم الهجري بمصر,,0,,0.00,0.00
التقويم الهجري بي دي اف,,0,,0.00,0.00
التقويم الهجري ةالميلادي 2013,,0,,0.00,0.00
التقويم الهجري تاريخ الأعياد والمناسبات الدينية,,0,,0.00,0.00
التقويم الهجري تبديل الميلادي,,0,,0.00,0.00
التقويم الهجري تحميل مجاني,,0,,0.00,0.00
التقويم الهجري تحويل التاريخ,,0,,0.00,0.00
التقويم الهجري تحويله,,0,,0.00,0.00
التقويم الهجري تصميم,,0,,0.00,0.00
التقويم الهجري تصميم خالد الرفاعي 1440,,0,,0.00,0.00
التقويم الهجري تعلم,,0,,0.00,0.00
التقويم الهجري ثءؤثم,,0,,0.00,0.00
التقويم الهجري جامعة الامام,,0,,0.00,0.00
التقويم الهجري جامعة الامام 1438,,0,,0.00,0.00
التقويم الهجري جامعه حايل,,0,,0.00,0.00
التقويم الهجري جاهز للطباعة,,0,,0.00,0.00
التقويم الهجري جرير,,0,,0.00,0.00
التقويم الهجري حسب الاسابيع,,0,,0.00,0.00
التقويم الهجري حسب الاسابيع لعام 1438 1439,,0,,0.00,0.00
التقويم الهجري حسب المصالح الحكومية السعودية,,0,,0.00,0.00
التقويم الهجري حسني المتعافي,,0,,0.00,0.00
التقويم الهجري خالد الرفاعي 1437,,0,,0.00,0.00
التقويم الهجري خالد الرفاعي 1438,,0,,0.00,0.00
التقويم الهجري خالد الرفاعي 1439,,0,,0.00,0.00
التقويم الهجري خالد الرفاعي 1440,,0,,0.00,0.00
التقويم الهجري خط,,0,,0.00,0.00
التقويم الهجري خطا,,0,,0.00,0.00
التقويم الهجري دخول المربعانية,,0,,0.00,0.00
التقويم الهجري ذو الحجة 1440,,0,,0.00,0.00
التقويم الهجري ذي القعدة png,,0,,0.00,0.00
التقويم الهجري ربيع أول,,0,,0.00,0.00
التقويم الهجري ربيع الآخر 1440,,0,,0.00,0.00
التقويم الهجري ربيع الاول 17-3-1493,,0,,0.00,0.00
التقويم الهجري رجب ١٤٤٠,,0,,0.00,0.00
التقويم الهجري رسم,,0,,0.00,0.00
التقويم الهجري رسوم اطفال,,0,,0.00,0.00
التقويم الهجري رمضان 1439,,0,,0.00,0.00
التقويم الهجري رمضان 2018,,0,,0.00,0.00
التقويم الهجري رمضان 2019,,0,,0.00,0.00
التقويم الهجري رمضان كريم 1438,,0,,0.00,0.00
التقويم الهجري رمضان مواقيت الصلاة 1438,,0,,0.00,0.00
التقويم الهجري سنة 1437,,0,,0.00,0.00
التقويم الهجري سيرة,,0,,0.00,0.00
التقويم الهجري سيرة 1440 هجري,,0,,0.00,0.00
التقويم الهجري شعبان 1439,,0,,0.00,0.00
التقويم الهجري شمسي,,0,,0.00,0.00
التقويم الهجري شهر شعبان 1411,,0,,0.00,0.00
التقويم الهجري شهر شعبان 1439,,0,,0.00,0.00
التقويم الهجري شهر شعبان ١٤٣٩,,0,,0.00,0.00
التقويم الهجري شهريا pdf,,0,,0.00,0.00
التقويم الهجري شهريا pdf 1439,,0,,0.00,0.00
التقويم الهجري شوال 1439,,0,,0.00,0.00
التقويم الهجري شوال 1440,,0,,0.00,0.00
التقويم الهجري صفحة واحدة,,0,,0.00,0.00
التقويم الهجري طباعة,,0,,0.00,0.00
التقويم الهجري طلاب الانتساب 1436 جامعة الامام محمد بن سعود,,0,,0.00,0.00
التقويم الهجري طلاب الانتساب جامعة الامام 1436-1437,,0,,0.00,0.00
التقويم الهجري عا م 33,,0,,0.00,0.00
التقويم الهجري عام 1423,,0,,0.00,0.00
التقويم الهجري عام 1440 أم القرى,,0,,0.00,0.00
التقويم الهجري عام1441,,0,,0.00,0.00
التقويم الهجري عام١٤٣٩,,0,,0.00,0.00
التقويم الهجري عربي 1440,,0,,0.00,0.00
التقويم الهجري عربي انجليزي,,0,,0.00,0.00
التقويم الهجري على الكمبيوتر,,0,,0.00,0.00
التقويم الهجري على جالكسي ٩ بلس,,0,,0.00,0.00
التقويم الهجري على ساعة ابل,,0,,0.00,0.00
التقويم الهجري عند المسلمين واسباب اختيارهم,,0,,0.00,0.00
التقويم الهجري عيد الاضحى 2019,,0,,0.00,0.00
التقويم الهجري في الكمبيوتر,,0,,0.00,0.00
التقويم الهجري في الورد بريس,,0,,0.00,0.00
التقويم الهجري في الوورد,,0,,0.00,0.00
التقويم الهجري في سوريا 2019,,0,,0.00,0.00
التقويم الهجري في صفحة واحدة,,0,,0.00,0.00
التقويم الهجري في صفحة واحدة 1441,,0,,0.00,0.00
التقويم الهجري في لينكس,,0,,0.00,0.00
التقويم الهجري في ماليزيا,,0,,0.00,0.00
التقويم الهجري في مصر 1440,,0,,0.00,0.00
التقويم الهجري في مصر 1441,,0,,0.00,0.00
التقويم الهجري في مصر 2017,,0,,0.00,0.00
التقويم الهجري قالب,,0,,0.00,0.00
التقويم الهجري قوقول,,0,,0.00,0.00
التقويم الهجري كالندر ميلادي عربي php,,0,,0.00,0.00
التقويم الهجري كامل 1440,,0,,0.00,0.00
التقويم الهجري كامل لعام 1441,,0,,0.00,0.00
التقويم الهجري كتابي,,0,,0.00,0.00
التقويم الهجري كرتوني,,0,,0.00,0.00
التقويم الهجري كل صفحة لحال,,0,,0.00,0.00
التقويم الهجري كل يومفي صفحه,,0,,0.00,0.00
التقويم الهجري كم تاريخ اليوم في شعبان,,0,,0.00,0.00
التقويم الهجري كيف كان وكيف أصبح,,0,,0.00,0.00
التقويم الهجري كيف كان وكيف أصبح pdf,,0,,0.00,0.00
التقويم الهجري كيف كان وكيف اصبح,,0,,0.00,0.00
التقويم الهجري ل 1438,,0,,0.00,0.00
التقويم الهجري ل 2019,,0,,0.00,0.00
التقويم الهجري ل1439,,0,,0.00,0.00
التقويم الهجري ل2017,,0,,0.00,0.00
التقويم الهجري لأم القرى ١٤٣٦,,0,,0.00,0.00
التقويم الهجري لام القرى 1436,,0,,0.00,0.00
التقويم الهجري لام القرى 1437,,0,,0.00,0.00
التقويم الهجري لام القرى 1439,,0,,0.00,0.00
التقويم الهجري لام القرى لعام 1437,,0,,0.00,0.00
التقويم الهجري لبداية الدراسة,,0,,0.00,0.00
التقويم الهجري لبداية الدراسة 1439,,0,,0.00,0.00
التقويم الهجري لتقويم جوجل,,0,,0.00,0.00
التقويم الهجري لجامعه الامام 1437,,0,,0.00,0.00
التقويم الهجري لجامعه الامام1483,,0,,0.00,0.00
التقويم الهجري لدولة الجزائر 2019,,0,,0.00,0.00
التقويم الهجري لدولة المغرب 2019,,0,,0.00,0.00
التقويم الهجري لدولة مصر 2019,,0,,0.00,0.00
التقويم الهجري لربيع الثاني,,0,,0.00,0.00
التقويم الهجري لرمضان 1439,,0,,0.00,0.00
التقويم الهجري لسطح المكتب,,0,,0.00,0.00
التقويم الهجري لسنة 1410,,0,,0.00,0.00
التقويم الهجري لسنة 1410 وقت الصلاة,,0,,0.00,0.00
التقويم الهجري لسنة 1413,,0,,0.00,0.00
التقويم الهجري لسنة 1417,,0,,0.00,0.00
التقويم الهجري لسنة 1979,,0,,0.00,0.00
التقويم الهجري لسنة 2019,,0,,0.00,0.00
التقويم الهجري لسنة ١٤١٢,,0,,0.00,0.00
التقويم الهجري لسنة2020,,0,,0.00,0.00
التقويم الهجري لسنه ١٤٣٦,,0,,0.00,0.00
التقويم الهجري لشهر 11 1439,,0,,0.00,0.00
التقويم الهجري لشهر 5 1438,,0,,0.00,0.00
التقويم الهجري لشهر 6 1438,,0,,0.00,0.00
التقويم الهجري لشهر جمادئ الثاني,,0,,0.00,0.00
التقويم الهجري لشهر جمادى الآخر ارقام عربية,,0,,0.00,0.00
التقويم الهجري لشهر جمادى الاخرارقام عربية,,0,,0.00,0.00
التقويم الهجري لشهر جمادى ثاني 1439,,0,,0.00,0.00
التقويم الهجري لشهر ذو الحجة,,0,,0.00,0.00
التقويم الهجري لشهر ذو القعدة ١٤٣٦,,0,,0.00,0.00
التقويم الهجري لشهر ذي الحجة 1435,,0,,0.00,0.00
التقويم الهجري لشهر ربيع الاول 1441,,0,,0.00,0.00
التقويم الهجري لشهر ربيع الثاني 1441,,0,,0.00,0.00
التقويم الهجري لشهر رجب 1439,,0,,0.00,0.00
التقويم الهجري لشهر رمضان 1439,,0,,0.00,0.00
التقويم الهجري لشهر رمضان 1439 في مصر,,0,,0.00,0.00
التقويم الهجري لشهر رمضان 1439 في مصر لمحافظة اسكندرية,,0,,0.00,0.00
التقويم الهجري لشهر رمضان 1439 لمدينة رمضان,,0,,0.00,0.00
التقويم الهجري لشهر رمضان 2019,,0,,0.00,0.00
التقويم الهجري لشهر رمضان من سنة 1442 هـ,,0,,0.00,0.00
التقويم الهجري لشهر رمضان من سنة 1443 هـ,,0,,0.00,0.00
التقويم الهجري لشهر رمضان من سنة 1444 هـ,,0,,0.00,0.00
التقويم الهجري لشهر رمضان من سنة 1445 هـ,,0,,0.00,0.00
التقويم الهجري لشهر رمضان من سنة 1446 هـ,,0,,0.00,0.00
التقويم الهجري لشهر رمضان من سنة 1447 هـ,,0,,0.00,0.00
التقويم الهجري لشهر رمضان من سنة 1450 هـ,,0,,0.00,0.00
التقويم الهجري لشهر شعبان 2019,,0,,0.00,0.00
التقويم الهجري لشهر شعبان ١٤٤٠ 2019,,0,,0.00,0.00
التقويم الهجري لشهر شوال 1440,,0,,0.00,0.00
التقويم الهجري لشهر صفر 1439,,0,,0.00,0.00
التقويم الهجري لشهر محرم من سنة 1441 ه,,0,,0.00,0.00
التقويم الهجري لشهر ٦ لعام ١٤٣٩,,0,,0.00,0.00
التقويم الهجري لشهررجب عام 1440,,0,,0.00,0.00
التقويم الهجري لصفر شيعة,,0,,0.00,0.00
التقويم الهجري لعام 1390,,0,,0.00,0.00
التقويم الهجري لعام 1404,,0,,0.00,0.00
التقويم الهجري لعام 1413,,0,,0.00,0.00
التقويم الهجري لعام 1432,,0,,0.00,0.00
التقويم الهجري لعام 1432 أم القرى,,0,,0.00,0.00
التقويم الهجري لعام 1432 للمدارس,,0,,0.00,0.00
التقويم الهجري لعام 1432-1433,,0,,0.00,0.00
التقويم الهجري لعام 1433 للمدارس,,0,,0.00,0.00
التقويم الهجري لعام 1433 و 1434,,0,,0.00,0.00
التقويم الهجري لعام 1435 ام القرى,,0,,0.00,0.00
التقويم الهجري لعام 1435 للمدارس,,0,,0.00,0.00
التقويم الهجري لعام 1435 و 1436,,0,,0.00,0.00
التقويم الهجري لعام 1436 ام القرى,,0,,0.00,0.00
التقويم الهجري لعام 1436 جامعة عبد الامام,,0,,0.00,0.00
التقويم الهجري لعام 1436 جامعة عبد الامام محمد بن سعود,,0,,0.00,0.00
التقويم الهجري لعام 1436 للمدارس,,0,,0.00,0.00
التقويم الهجري لعام 1436للمدارس,,0,,0.00,0.00
التقويم الهجري لعام 1436ه,,0,,0.00,0.00
التقويم الهجري لعام 1437 pdf,,0,,0.00,0.00
التقويم الهجري لعام 1437 الاجازات,,0,,0.00,0.00
التقويم الهجري لعام 1437 الدراسي,,0,,0.00,0.00
التقويم الهجري لعام 1437 الرفاعي,,0,,0.00,0.00
التقويم الهجري لعام 1437 ام القرى,,0,,0.00,0.00
التقويم الهجري لعام 1437 بالسعودية,,0,,0.00,0.00
التقويم الهجري لعام 1437 خالد الرفاعي,,0,,0.00,0.00
التقويم الهجري لعام 1437 سلطنة عمان,,0,,0.00,0.00
التقويم الهجري لعام 1437 للايفون,,0,,0.00,0.00
التقويم الهجري لعام 1437 هجري,,0,,0.00,0.00
التقويم الهجري لعام 1437 و 1438,,0,,0.00,0.00
التقويم الهجري لعام 1437 و 2016,,0,,0.00,0.00
التقويم الهجري لعام 1437 والميلادي,,0,,0.00,0.00
التقويم الهجري لعام 1437 والميلادي 2016,,0,,0.00,0.00
التقويم الهجري لعام 1437ه,,0,,0.00,0.00
التقويم الهجري لعام 1438 1439هـ,,0,,0.00,0.00
التقويم الهجري لعام 1438 خالد الرفاعي,,0,,0.00,0.00
التقويم الهجري لعام 1438 شهر 8,,0,,0.00,0.00
التقويم الهجري لعام 1438 لتنظيم المهام,,0,,0.00,0.00
التقويم الهجري لعام 1438 للطباعة,,0,,0.00,0.00
التقويم الهجري لعام 1438 و 1439,,0,,0.00,0.00
التقويم الهجري لعام 1438ه,,0,,0.00,0.00
التقويم الهجري لعام 1438هـ,,0,,0.00,0.00
التقويم الهجري لعام 1439 site forum.education-sa.com,,0,,0.00,0.00
التقويم الهجري لعام 1439 خالد الرفاعي,,0,,0.00,0.00
التقويم الهجري لعام 1439 هجرية,,0,,0.00,0.00
التقويم الهجري لعام 1439 و1440,,0,,0.00,0.00
التقويم الهجري لعام 1439 ولميلادي,,0,,0.00,0.00
التقويم الهجري لعام 144,,0,,0.00,0.00
التقويم الهجري لعام 1440 أم القرى,,0,,0.00,0.00
التقويم الهجري لعام 1440 الرفاعي,,0,,0.00,0.00
التقويم الهجري لعام 1440 ام القرى,,0,,0.00,0.00
التقويم الهجري لعام 1440 عربي,,0,,0.00,0.00
التقويم الهجري لعام 1440 مقابل الميلادي,,0,,0.00,0.00
التقويم الهجري لعام 1440 هــــ,,0,,0.00,0.00
التقويم الهجري لعام 1440ه,,0,,0.00,0.00
التقويم الهجري لعام 1441 ام القرى,,0,,0.00,0.00
التقويم الهجري لعام 1441 خالد الرفاعي,,0,,0.00,0.00
التقويم الهجري لعام 1441 عربي و انجليزي,,0,,0.00,0.00
التقويم الهجري لعام 1441 مع الميلادي,,0,,0.00,0.00
التقويم الهجري لعام 1441 ومواقيت الصلاة,,0,,0.00,0.00
التقويم الهجري لعام 1441هجرية,,0,,0.00,0.00
التقويم الهجري لعام 1976,,0,,0.00,0.00
التقويم الهجري لعام 2006,,0,,0.00,0.00
التقويم الهجري لعام 2013,,0,,0.00,0.00
التقويم الهجري لعام 2014م,,0,,0.00,0.00
التقويم الهجري لعام 2015,,0,,0.00,0.00
التقويم الهجري لعام 32,,0,,0.00,0.00
التقويم الهجري لعام 35,,0,,0.00,0.00
التقويم الهجري لعام 41,,0,,0.00,0.00
التقويم الهجري لعام الدراسي 1439 1440,,0,,0.00,0.00
التقويم الهجري لعام ام القرى 1427,,0,,0.00,0.00
التقويم الهجري لعام ام القرى1427,,0,,0.00,0.00
التقويم الهجري لعام للتحميل 1441,,0,,0.00,0.00
التقويم الهجري لعام ١٤١٥,,0,,0.00,0.00
التقويم الهجري لعام ١٤٣٦-١٤٣٧,,0,,0.00,0.00
التقويم الهجري لعام ١٤٤٠ ام القرى,,0,,0.00,0.00
التقويم الهجري لعام ١٤٤٠ ام القرى pdf,,0,,0.00,0.00
التقويم الهجري لعام ١٤٤١هـ لخالد الرقاعي,,0,,0.00,0.00
التقويم الهجري لعام ١٤٤٣,,0,,0.00,0.00
التقويم الهجري لعام1438,,0,,0.00,0.00
التقويم الهجري لعشرة أعوام,,0,,0.00,0.00
التقويم الهجري للاطفال 1440,,0,,0.00,0.00
التقويم الهجري للاطفال تلوين,,0,,0.00,0.00
التقويم الهجري للاعوام السابقة,,0,,0.00,0.00
التقويم الهجري للام الدراسي 1437,,0,,0.00,0.00
التقويم الهجري للامام السجاد,,0,,0.00,0.00
التقويم الهجري للامام جعفر الصادق,,0,,0.00,0.00
التقويم الهجري للامام جعفر الصادق 2018,,0,,0.00,0.00
التقويم الهجري للايفون في الاندرويد,,0,,0.00,0.00
التقويم الهجري للتصميم,,0,,0.00,0.00
التقويم الهجري للتقنية,,0,,0.00,0.00
التقويم الهجري للجامعات 1440,,0,,0.00,0.00
التقويم الهجري للدراسة,,0,,0.00,0.00
التقويم الهجري للدراسة للعام الدراسي 1438 1439,,0,,0.00,0.00
التقويم الهجري للدراسه في عام 1429,,0,,0.00,0.00
التقويم الهجري للسيد السيستاني 1439,,0,,0.00,0.00
التقويم الهجري للسيد السيستاني 1441,,0,,0.00,0.00
التقويم الهجري للشيعة واوقات الصلاة,,0,,0.00,0.00
التقويم الهجري للعام 1417,,0,,0.00,0.00
التقويم الهجري للعام 1439-1440,,0,,0.00,0.00
التقويم الهجري للعام 40-41,,0,,0.00,0.00
التقويم الهجري للعام 41,,0,,0.00,0.00
التقويم الهجري للعام 41 جامعة الملك سعود,,0,,0.00,0.00
التقويم الهجري للعام الدراسي 1436هـ,,0,,0.00,0.00
التقويم الهجري للعام الدراسي 1438 1439هـ,,0,,0.00,0.00
التقويم الهجري للعام ١٤٣٩,,0,,0.00,0.00
التقويم الهجري للفصل الدراسي الثاني 1438,,0,,0.00,0.00
التقويم الهجري للفصل الدراسي الثاني 1439,,0,,0.00,0.00
التقويم الهجري للفصل الدراسي الثاني 1440,,0,,0.00,0.00
التقويم الهجري للفصل الدراسي الثاني ١٤٤١,,0,,0.00,0.00
التقويم الهجري للكليات التقنية,,0,,0.00,0.00
التقويم الهجري للكليات التقنية 1437-1438,,0,,0.00,0.00
التقويم الهجري للمدارس ١٤٣٨,,0,,0.00,0.00
التقويم الهجري للمدن 28 ذو الحجة 29 اغسطس,,0,,0.00,0.00
التقويم الهجري للمدن 28 ذو الحجة 29 اغسطس1440ه 2019م,,0,,0.00,0.00
التقويم الهجري للمواعيد,,0,,0.00,0.00
التقويم الهجري للموظفين 1440,,0,,0.00,0.00
التقويم الهجري للوظائف في السعودية,,0,,0.00,0.00
التقويم الهجري لليوم الاربعاء,,0,,0.00,0.00
التقويم الهجري لمجمع الملك فهد,,0,,0.00,0.00
التقويم الهجري لمدة عشر سنوات,,0,,0.00,0.00
التقويم الهجري لمكتب الدعوة و الارشاد,,0,,0.00,0.00
التقويم الهجري لمواقيات الصلاة,,0,,0.00,0.00
التقويم الهجري لهذا العام 1441,,0,,0.00,0.00
التقويم الهجري لوزارة التعليم,,0,,0.00,0.00
التقويم الهجري ليوم 27ابريل 2019,,0,,0.00,0.00
التقويم الهجري م,,0,,0.00,0.00
التقويم الهجري متأخر يوم,,0,,0.00,0.00
التقويم الهجري محرم 1441,,0,,0.00,0.00
التقويم الهجري مخطوطة,,0,,0.00,0.00
التقويم الهجري مدينة العيون1441,,0,,0.00,0.00
التقويم الهجري مدينة بريدة 1438,,0,,0.00,0.00
التقويم الهجري مرسوم,,0,,0.00,0.00
التقويم الهجري مسي,,0,,0.00,0.00
التقويم الهجري مصر 1435,,0,,0.00,0.00
التقويم الهجري مع الاجازات 1440,,0,,0.00,0.00
التقويم الهجري مع الراتب بالميلادي,,0,,0.00,0.00
التقويم الهجري مع الميلادي 1438,,0,,0.00,0.00
التقويم الهجري مع الميلادي 1439,,0,,0.00,0.00
التقويم الهجري مع الميلادي 1440,,0,,0.00,0.00
التقويم الهجري مع الميلادي 1441,,0,,0.00,0.00
التقويم الهجري مع الميلادي 2013,,0,,0.00,0.00
التقويم الهجري مع الميلادي 2016,,0,,0.00,0.00
التقويم الهجري مع الميلادي 2017,,0,,0.00,0.00
التقويم الهجري مع الميلادي 2018,,0,,0.00,0.00
التقويم الهجري مع الميلادي 2019,,0,,0.00,0.00
التقويم الهجري مع الميلادي 2020,,0,,0.00,0.00
التقويم الهجري مع الميلادي جاهز للطباعة 1440,,0,,0.00,0.00
التقويم الهجري مع الميلادي جاهز للطباعة1440,,0,,0.00,0.00
التقويم الهجري مع الميلادي لسنة 2018,,0,,0.00,0.00
التقويم الهجري مع الميلادي لعام 1435,,0,,0.00,0.00
التقويم الهجري مع الميلادي لعام 2012,,0,,0.00,0.00
التقويم الهجري مع الميلادي لعام 2013,,0,,0.00,0.00
التقويم الهجري مع الميلادي لعام 2017,,0,,0.00,0.00
التقويم الهجري مع الميلادي ١٤٣٨,,0,,0.00,0.00
التقويم الهجري مع الميلادي ٢٠١٨,,0,,0.00,0.00
التقويم الهجري مع الميلادي ٢٠٢٠,,0,,0.00,0.00
التقويم الهجري مع اوقات الصلاه لعام ١٤٣٨,,0,,0.00,0.00
التقويم الهجري مقابل التقويم الميلادي 2020,,0,,0.00,0.00
التقويم الهجري مقابل التقويم الميلادي 2020 pdf,,0,,0.00,0.00
التقويم الهجري مقابل الميلادي 2012,,0,,0.00,0.00
التقويم الهجري مقابل الميلادي 2016,,0,,0.00,0.00
التقويم الهجري مقابل الميلادي 2017,,0,,0.00,0.00
التقويم الهجري مقابل الميلادي 2018,,0,,0.00,0.00
التقويم الهجري مقابل الميلادي 2019,,0,,0.00,0.00
التقويم الهجري مقابله بالميلادي,,0,,0.00,0.00
التقويم الهجري مكاتب,,0,,0.00,0.00
التقويم الهجري من عام 1430 إلى عام1440,,0,,0.00,0.00
التقويم الهجري من قوقل,,0,,0.00,0.00
التقويم الهجري من مدونة,,0,,0.00,0.00
التقويم الهجري من مدونة غراس,,0,,0.00,0.00
التقويم الهجري ميلادي 1439,,0,,0.00,0.00
التقويم الهجري ميلادي 1440,,0,,0.00,0.00
التقويم الهجري ميلادي شهر رمضان,,0,,0.00,0.00
التقويم الهجري ميللادي,,0,,0.00,0.00
التقويم الهجري نتيجه,,0,,0.00,0.00
التقويم الهجري و الميلادي 1440,,0,,0.00,0.00
التقويم الهجري و الميلادي 2018 مع المناسبات,,0,,0.00,0.00
التقويم الهجري و الميلادي لسنة 2018,,0,,0.00,0.00
التقويم الهجري و الميلادي مع الايام,,0,,0.00,0.00
التقويم الهجري و اليلادي,,0,,0.00,0.00
التقويم الهجري واختلافه عن بقية التقاويم,,0,,0.00,0.00
التقويم الهجري والابراج 1438,,0,,0.00,0.00
التقويم الهجري والاحداث,,0,,0.00,0.00
التقويم الهجري والاذان للاندرويد,,0,,0.00,0.00
التقويم الهجري والاعياد 1438,,0,,0.00,0.00
التقويم الهجري والاقويم الميلادي لعام 1441,,0,,0.00,0.00
التقويم الهجري والايام,,0,,0.00,0.00
التقويم الهجري والتقويم الميلادي لعام 1441,,0,,0.00,0.00
التقويم الهجري والتقويم الميلادي ٢٠١٨,,0,,0.00,0.00
التقويم الهجري والدراسي لمسات,,0,,0.00,0.00
التقويم الهجري والدراسي1441 لمسات,,0,,0.00,0.00
التقويم الهجري والذكرى السنوية,,0,,0.00,0.00
التقويم الهجري والشمسي,,0,,0.00,0.00
التقويم الهجري والصيني والسرياني والروماني,,0,,0.00,0.00
التقويم الهجري والفقه الاسلامي,,0,,0.00,0.00
التقويم الهجري واللي يقابله بالميلادي,,0,,0.00,0.00
التقويم الهجري والميلاجي,,0,,0.00,0.00
التقويم الهجري والميلاد 2018,,0,,0.00,0.00
التقويم الهجري والميلادى 1439,,0,,0.00,0.00
التقويم الهجري والميلادي 1417,,0,,0.00,0.00
التقويم الهجري والميلادي 1438 شهر رجب,,0,,0.00,0.00
التقويم الهجري والميلادي 1439 1440 موقع سيستاني,,0,,0.00,0.00
التقويم الهجري والميلادي 1439 2018,,0,,0.00,0.00
التقويم الهجري والميلادي 1439 pdf,,0,,0.00,0.00
التقويم الهجري والميلادي 1439 الصلاة,,0,,0.00,0.00
التقويم الهجري والميلادي 1439 ام القرى,,0,,0.00,0.00
التقويم الهجري والميلادي 1439 تحويل,,0,,0.00,0.00
التقويم الهجري والميلادي 1439 سطح المكتب,,0,,0.00,0.00
التقويم الهجري والميلادي 1439-14,,0,,0.00,0.00
التقويم الهجري والميلادي 1439-1440,,0,,0.00,0.00
التقويم الهجري والميلادي 1439-1440 بصيغة pdf,,0,,0.00,0.00
التقويم الهجري والميلادي 1439-1440 صيغة pdf,,0,,0.00,0.00
التقويم الهجري والميلادي 1439هـ,,0,,0.00,0.00
التقويم الهجري والميلادي 1440 1441,,0,,0.00,0.00
التقويم الهجري والميلادي 1440 2019,,0,,0.00,0.00
التقويم الهجري والميلادي 1440 filetype pdf,,0,,0.00,0.00
التقويم الهجري والميلادي 1440 يزيز الفهيد,,0,,0.00,0.00
التقويم الهجري والميلادي 1440-2019 a3,,0,,0.00,0.00
التقويم الهجري والميلادي 1440ه 2018م,,0,,0.00,0.00
التقويم الهجري والميلادي 1441 2020,,0,,0.00,0.00
التقويم الهجري والميلادي 1441 pdf,,0,,0.00,0.00
التقويم الهجري والميلادي 1441 pdf ابيض و اسود,,0,,0.00,0.00
التقويم الهجري والميلادي 1441 خالد الرفاعي,,0,,0.00,0.00
التقويم الهجري والميلادي 1441.doc,,0,,0.00,0.00
التقويم الهجري والميلادي 201 8,,0,,0.00,0.00
التقويم الهجري والميلادي 2015 2016,,0,,0.00,0.00
التقويم الهجري والميلادي 2015 pdf,,0,,0.00,0.00
التقويم الهجري والميلادي 2015 الدراسي,,0,,0.00,0.00
التقويم الهجري والميلادي 2015 بالمغرب,,0,,0.00,0.00
التقويم الهجري والميلادي 2015 سلطنة عمان,,0,,0.00,0.00
التقويم الهجري والميلادي 2015 مع الاجازات,,0,,0.00,0.00
التقويم الهجري والميلادي 2015 و 2016,,0,,0.00,0.00
التقويم الهجري والميلادي 2016 pdf,,0,,0.00,0.00
التقويم الهجري والميلادي 2016 ارامكو,,0,,0.00,0.00
التقويم الهجري والميلادي 2016 الباحث الاسلامي,,0,,0.00,0.00
التقويم الهجري والميلادي 2016 اليوم,,0,,0.00,0.00
التقويم الهجري والميلادي 2016 سلطنة عمان,,0,,0.00,0.00
التقويم الهجري والميلادي 2016 كل شهر بصفحة,,0,,0.00,0.00
التقويم الهجري والميلادي 2016 مع الاجازات,,0,,0.00,0.00
التقويم الهجري والميلادي 2016 و 2017,,0,,0.00,0.00
التقويم الهجري والميلادي 2016-2017,,0,,0.00,0.00
التقويم الهجري والميلادي 2016م,,0,,0.00,0.00
التقويم الهجري والميلادي 2016مع الابراج,,0,,0.00,0.00
التقويم الهجري والميلادي 2017 2018,,0,,0.00,0.00
التقويم الهجري والميلادي 2017 2019,,0,,0.00,0.00
التقويم الهجري والميلادي 2017 pdf,,0,,0.00,0.00
التقويم الهجري والميلادي 2017 السعوديه,,0,,0.00,0.00
التقويم الهجري والميلادي 2017 الشيعي,,0,,0.00,0.00
التقويم الهجري والميلادي 2017 الكويت,,0,,0.00,0.00
التقويم الهجري والميلادي 2017 المغرب,,0,,0.00,0.00
التقويم الهجري والميلادي 2017 اليوم,,0,,0.00,0.00
التقويم الهجري والميلادي 2017 تحويل,,0,,0.00,0.00
التقويم الهجري والميلادي 2017 سلطنة عمان,,0,,0.00,0.00
التقويم الهجري والميلادي 2017 في السعودية,,0,,0.00,0.00
التقويم الهجري والميلادي 2017 في المغرب,,0,,0.00,0.00
التقويم الهجري والميلادي 2017 في مصر,,0,,0.00,0.00
التقويم الهجري والميلادي 2017 لطبع,,0,,0.00,0.00
التقويم الهجري والميلادي 2017 للطباعة,,0,,0.00,0.00
التقويم الهجري والميلادي 2017 ليبيا,,0,,0.00,0.00
التقويم الهجري والميلادي 2017 مصر,,0,,0.00,0.00
التقويم الهجري والميلادي 2017 و 2018,,0,,0.00,0.00
التقويم الهجري والميلادي 2018 1439,,0,,0.00,0.00
التقويم الهجري والميلادي 2018 2019,,0,,0.00,0.00
التقويم الهجري والميلادي 2018 hg vhsd,,0,,0.00,0.00
التقويم الهجري والميلادي 2018 الترم الثاني,,0,,0.00,0.00
التقويم الهجري والميلادي 2018 الترم الثاني للجامعات,,0,,0.00,0.00
التقويم الهجري والميلادي 2018 الدراسي,,0,,0.00,0.00
التقويم الهجري والميلادي 2018 تحويل,,0,,0.00,0.00
التقويم الهجري والميلادي 2018 جودة عالية,,0,,0.00,0.00
التقويم الهجري والميلادي 2018 في مصر,,0,,0.00,0.00
التقويم الهجري والميلادي 2018 قرطاسيه,,0,,0.00,0.00
التقويم الهجري والميلادي 2018 كل شهر على حدة في صفحة,,0,,0.00,0.00
التقويم الهجري والميلادي 2018 كل شهر في صفحة,,0,,0.00,0.00
التقويم الهجري والميلادي 2018 لجامعه الملك عبدالعزيز,,0,,0.00,0.00
التقويم الهجري والميلادي 2018 لغرسه,,0,,0.00,0.00
التقويم الهجري والميلادي 2018 لكتابه المواعيد,,0,,0.00,0.00
التقويم الهجري والميلادي 2018 مع أوقات الصلاة,,0,,0.00,0.00
التقويم الهجري والميلادي 2018 مع الاجازات,,0,,0.00,0.00
التقويم الهجري والميلادي 2018 مع المناسبات,,0,,0.00,0.00
التقويم الهجري والميلادي 2019 1440,,0,,0.00,0.00
التقويم الهجري والميلادي 2019 1441,,0,,0.00,0.00
التقويم الهجري والميلادي 2019 2018,,0,,0.00,0.00
التقويم الهجري والميلادي 2019 doc,,0,,0.00,0.00
التقويم الهجري والميلادي 2019 jp dg,,0,,0.00,0.00
التقويم الهجري والميلادي 2019 pdf,,0,,0.00,0.00
التقويم الهجري والميلادي 2019 االتحويل,,0,,0.00,0.00
التقويم الهجري والميلادي 2019 ام القرى,,0,,0.00,0.00
التقويم الهجري والميلادي 2019 تحويل,,0,,0.00,0.00
التقويم الهجري والميلادي 2019 جدول,,0,,0.00,0.00
التقويم الهجري والميلادي 2020 كبير,,0,,0.00,0.00
التقويم الهجري والميلادي 39,,0,,0.00,0.00
التقويم الهجري والميلادي filetypel pdf,,0,,0.00,0.00
التقويم الهجري والميلادي jp dg1439,,0,,0.00,0.00
التقويم الهجري والميلادي pdf 2018,,0,,0.00,0.00
التقويم الهجري والميلادي السعودية,,0,,0.00,0.00
التقويم الهجري والميلادي اليوم 1443,,0,,0.00,0.00
التقويم الهجري والميلادي اليوم 2022,,0,,0.00,0.00
التقويم الهجري والميلادي اليوم ام القرى,,0,,0.00,0.00
التقويم الهجري والميلادي اليوم2022,,0,,0.00,0.00
التقويم الهجري والميلادي بالاسابيع,,0,,0.00,0.00
التقويم الهجري والميلادي بالانجليزي,,0,,0.00,0.00
التقويم الهجري والميلادي بالايام,,0,,0.00,0.00
التقويم الهجري والميلادي بالسعوديه,,0,,0.00,0.00
التقويم الهجري والميلادي بالويندوز,,0,,0.00,0.00
التقويم الهجري والميلادي تحويل التاريخ أهم التواريخ والأحداث في الإسلام,,0,,0.00,0.00
التقويم الهجري والميلادي توتير 2016,,0,,0.00,0.00
التقويم الهجري والميلادي جدول,,0,,0.00,0.00
التقويم الهجري والميلادي جودة,,0,,0.00,0.00
التقويم الهجري والميلادي خط كبير وواضح للطباعة,,0,,0.00,0.00
التقويم الهجري والميلادي ربيع أول 1441,,0,,0.00,0.00
التقويم الهجري والميلادي رسوم اطفال,,0,,0.00,0.00
التقويم الهجري والميلادي رمضان 1439,,0,,0.00,0.00
التقويم الهجري والميلادي سنة 1438,,0,,0.00,0.00
التقويم الهجري والميلادي شهر فبراير,,0,,0.00,0.00
التقويم الهجري والميلادي صفر 1441,,0,,0.00,0.00
التقويم الهجري والميلادي عام 1415,,0,,0.00,0.00
التقويم الهجري والميلادي عام 1438,,0,,0.00,0.00
التقويم الهجري والميلادي علي الوورد,,0,,0.00,0.00
التقويم الهجري والميلادي علي الوورد 2017,,0,,0.00,0.00
التقويم الهجري والميلادي علي الوورد2017,,0,,0.00,0.00
التقويم الهجري والميلادي في صفحة واحدة,,0,,0.00,0.00
التقويم الهجري والميلادي في وقت واحد,,0,,0.00,0.00
التقويم الهجري والميلادي كتاب الاجتماعيات اول متوسط,,0,,0.00,0.00
التقويم الهجري والميلادي لتسجيل,,0,,0.00,0.00
التقويم الهجري والميلادي لتسجيل الملاحظات,,0,,0.00,0.00
التقويم الهجري والميلادي لخمس سنوات,,0,,0.00,0.00
التقويم الهجري والميلادي لخمس سنوات من 1440 ألى 1445,,0,,0.00,0.00
التقويم الهجري والميلادي لخمس سنوات من 1440 ألى 1445 pdf,,0,,0.00,0.00
التقويم الهجري والميلادي لسنة 2016,,0,,0.00,0.00
التقويم الهجري والميلادي لسنة 2018,,0,,0.00,0.00
التقويم الهجري والميلادي لسنة 2018 1440,,0,,0.00,0.00
التقويم الهجري والميلادي لسنة1429,,0,,0.00,0.00
التقويم الهجري والميلادي لعام 1420,,0,,0.00,0.00
التقويم الهجري والميلادي لعام 1435,,0,,0.00,0.00
التقويم الهجري والميلادي لعام 1436,,0,,0.00,0.00
التقويم الهجري والميلادي لعام 1438 pdf,,0,,0.00,0.00
التقويم الهجري والميلادي لعام 1439 2018,,0,,0.00,0.00
التقويم الهجري والميلادي لعام 1441,,0,,0.00,0.00
التقويم الهجري والميلادي لعام 1441 هـ,,0,,0.00,0.00
التقويم الهجري والميلادي لعام 2014 مع الاجازات,,0,,0.00,0.00
التقويم الهجري والميلادي لعام 2015 سلطنة عمان,,0,,0.00,0.00
التقويم الهجري والميلادي لعام 2015 مع الاجازات,,0,,0.00,0.00
التقويم الهجري والميلادي لعام 2015 وايام الاجازات,,0,,0.00,0.00
التقويم الهجري والميلادي لعام 2016 pdf,,0,,0.00,0.00
التقويم الهجري والميلادي لعام 2016 مع الاجازات,,0,,0.00,0.00
التقويم الهجري والميلادي لعام 2019 بصيغة word,,0,,0.00,0.00
التقويم الهجري والميلادي لعام 2019 بصيغة وورد,,0,,0.00,0.00
التقويم الهجري والميلادي لعام 2020 1441,,0,,0.00,0.00
التقويم الهجري والميلادي لعام الدراسي,,0,,0.00,0.00
التقويم الهجري والميلادي لعام ١٤٣٧,,0,,0.00,0.00
التقويم الهجري والميلادي لعام ١٤٤٠,,0,,0.00,0.00
التقويم الهجري والميلادي لعام1440,,0,,0.00,0.00
التقويم الهجري والميلادي للطابعه مع كتابة ملاحظات,,0,,0.00,0.00
التقويم الهجري والميلادي للطباعة مع كتابة ملاحظات,,0,,0.00,0.00
التقويم الهجري والميلادي للعام الدراسي 1437 1438هـ والميلادي 2016 2017م,,0,,0.00,0.00
التقويم الهجري والميلادي لمدة شهر,,0,,0.00,0.00
التقويم الهجري والميلادي مع أيام الأسبوع 1439,,0,,0.00,0.00
التقويم الهجري والميلادي من 2019 الى 2023,,0,,0.00,0.00
التقويم الهجري والميلادي مواعيد الرواتب 1438,,0,,0.00,0.00
التقويم الهجري والميلادي والشمسي,,0,,0.00,0.00
التقويم الهجري والميلادي ومواعيد الرواتب 1438,,0,,0.00,0.00
التقويم الهجري والميلادي وورد,,0,,0.00,0.00
التقويم الهجري والميلادي ١٤٤١ ٢٠٢٠,,0,,0.00,0.00
التقويم الهجري والميلادي ٢٠١٩ 1441,,0,,0.00,0.00
التقويم الهجري والميلادي ٢٠١٩ نوفمبر٤,,0,,0.00,0.00
التقويم الهجري والميلادي1437,,0,,0.00,0.00
التقويم الهجري والميلادي1439,,0,,0.00,0.00
التقويم الهجري والميلادي1439 1440,,0,,0.00,0.00
التقويم الهجري والميلادي1440,,0,,0.00,0.00
التقويم الهجري والميلادي1440 filetypel pdf,,0,,0.00,0.00
التقويم الهجري والميلادي1441,,0,,0.00,0.00
التقويم الهجري والميلادي2019,,0,,0.00,0.00
التقويم الهجري والميلادي2020,,0,,0.00,0.00
التقويم الهجري والميلادي١٤٣٨,,0,,0.00,0.00
التقويم الهجري والميلادي١٤٤١,,0,,0.00,0.00
التقويم الهجري والميلادي٢٠١٨,,0,,0.00,0.00
التقويم الهجري والميلادي٢٠١٩,,0,,0.00,0.00
التقويم الهجري والميلاذي,,0,,0.00,0.00
التقويم الهجري والميلايد,,0,,0.00,0.00
التقويم الهجري والهجري 2020 pdf,,0,,0.00,0.00
التقويم الهجري واليلادي 1440 2019,,0,,0.00,0.00
التقويم الهجري وتاريخ اليوم,,0,,0.00,0.00
التقويم الهجري وتاريخ اليوم ١٤٤٠,,0,,0.00,0.00
التقويم الهجري ورقي 1439,,0,,0.00,0.00
التقويم الهجري وزارة الاوقاف سلطنة عمان,,0,,0.00,0.00
التقويم الهجري وزارة التعليم,,0,,0.00,0.00
التقويم الهجري ولاجازات,,0,,0.00,0.00
التقويم الهجري ولاميلادي,,0,,0.00,0.00
التقويم الهجري وما يصادف بالميلادي,,0,,0.00,0.00
التقويم الهجري ومايقابله بالميلادي,,0,,0.00,0.00
التقويم الهجري ومايقابله ميلاادي,,0,,0.00,0.00
التقويم الهجري وميلادي 1440,,0,,0.00,0.00
التقويم الهجري وميلادي 2018,,0,,0.00,0.00
التقويم الهجري وورد,,0,,0.00,0.00
التقويم الهجري ويندوز 10,,0,,0.00,0.00
التقويم الهجري ي 1441,,0,,0.00,0.00
التقويم الهجري ي الدراسي 2017,,0,,0.00,0.00
التقويم الهجري يستند,,0,,0.00,0.00
التقويم الهجري يوافق,,0,,0.00,0.00
التقويم الهجري يوم 17,,0,,0.00,0.00
التقويم الهجري يوم الاربعاء,,0,,0.00,0.00
التقويم الهجري ١٤40,,0,,0.00,0.00
التقويم الهجري ١٤41 ه,,0,,0.00,0.00
التقويم الهجري ١٤١٣,,0,,0.00,0.00
التقويم الهجري ١٤٣٤ لخالد الرفاعي,,0,,0.00,0.00
التقويم الهجري ١٤٣٤ للايفون,,0,,0.00,0.00
التقويم الهجري ١٤٣٤ للمدارس,,0,,0.00,0.00
التقويم الهجري ١٤٣٤ ١٤٣٥,,0,,0.00,0.00
التقويم الهجري ١٤٣٥-١٤٣٦,,0,,0.00,0.00
التقويم الهجري ١٤٣٦ الدراسي,,0,,0.00,0.00
التقويم الهجري ١٤٣٦ الرفاعي,,0,,0.00,0.00
التقويم الهجري ١٤٣٦ ام القرى,,0,,0.00,0.00
التقويم الهجري ١٤٣٦ خالد الرفاعي,,0,,0.00,0.00
التقويم الهجري ١٤٣٦ للايفون,,0,,0.00,0.00
التقويم الهجري ١٤٣٦ والميلادي ٢٠١٥,,0,,0.00,0.00
التقويم الهجري ١٤٣٦ ١٤٣٧,,0,,0.00,0.00
التقويم الهجري ١٤٣٦ ٢٠١٥,,0,,0.00,0.00
التقويم الهجري ١٤٣٦ه,,0,,0.00,0.00
التقويم الهجري ١٤٣٦ه والميلادي ٢٠١٥م,,0,,0.00,0.00
التقويم الهجري ١٤٣٧ ام القرى,,0,,0.00,0.00
التقويم الهجري ١٤٣٧ والميلادي,,0,,0.00,0.00
التقويم الهجري ١٤٣٧/١٤٣٨,,0,,0.00,0.00
التقويم الهجري ١٤٣٨ pdf,,0,,0.00,0.00
التقويم الهجري ١٤٣٨ الدراسي,,0,,0.00,0.00
التقويم الهجري ١٤٣٨ اليوم,,0,,0.00,0.00
التقويم الهجري ١٤٣٨ ام القرى,,0,,0.00,0.00
التقويم الهجري ١٤٣٨ للايفون,,0,,0.00,0.00
التقويم الهجري ١٤٣٨ والميلادي,,0,,0.00,0.00
التقويم الهجري ١٤٣٨ والميلادي 2017,,0,,0.00,0.00
التقويم الهجري ١٤٣٨ والميلادي ٢٠١٧,,0,,0.00,0.00
التقويم الهجري ١٤٣٨-١٤٣٩,,0,,0.00,0.00
التقويم الهجري ١٤٣٨ه,,0,,0.00,0.00
التقويم الهجري ١٤٣٩ 1440,,0,,0.00,0.00
التقويم الهجري ١٤٣٩ الجديد رمضان,,0,,0.00,0.00
التقويم الهجري ١٤٣٩ على جوال الايفون,,0,,0.00,0.00
التقويم الهجري ١٤٣٩ للطباعة محدث بمواعيد الرواتب الجديدة,,0,,0.00,0.00
التقويم الهجري ١٤٣٩ ه,,0,,0.00,0.00
التقويم الهجري ١٤٤0,,0,,0.00,0.00
التقويم الهجري ١٤٤1,,0,,0.00,0.00
التقويم الهجري ١٤٤1 بالاشهر طباعة,,0,,0.00,0.00
التقويم الهجري ١٤٤٠ hd,,0,,0.00,0.00
التقويم الهجري ١٤٤٠ pdf,,0,,0.00,0.00
التقويم الهجري ١٤٤٠ الدراسي,,0,,0.00,0.00
التقويم الهجري ١٤٤٠ المعلمين,,0,,0.00,0.00
التقويم الهجري ١٤٤٠ ام القرى,,0,,0.00,0.00
التقويم الهجري ١٤٤٠ ام القرى مع اليام,,0,,0.00,0.00
التقويم الهجري ١٤٤٠ بالاشهر,,0,,0.00,0.00
التقويم الهجري ١٤٤٠ بالاشهر طباعة,,0,,0.00,0.00
التقويم الهجري ١٤٤٠ بالايام,,0,,0.00,0.00
التقويم الهجري ١٤٤٠ بداية الدوام,,0,,0.00,0.00
التقويم الهجري ١٤٤٠ بداية الدوام الموظفين,,0,,0.00,0.00
التقويم الهجري ١٤٤٠ تنزيل pdf,,0,,0.00,0.00
التقويم الهجري ١٤٤٠ حجم كبير,,0,,0.00,0.00
التقويم الهجري ١٤٤٠ ٢٠١٩,,0,,0.00,0.00
التقويم الهجري ١٤٤١ ارامكو,,0,,0.00,0.00
التقويم الهجري ١٤٤١ الدراسي,,0,,0.00,0.00
التقويم الهجري ١٤٤١ الدراسي بالاسابيع,,0,,0.00,0.00
التقويم الهجري ١٤٤١ الدراسي خالد,,0,,0.00,0.00
التقويم الهجري ١٤٤١ الدراسي للجالكسي,,0,,0.00,0.00
التقويم الهجري ١٤٤١ بالاسابيع,,0,,0.00,0.00
التقويم الهجري ١٤٤١ بجودة عالية,,0,,0.00,0.00
التقويم الهجري ١٤٤١ خالد الرفاعي,,0,,0.00,0.00
التقويم الهجري ١٤٤١ طباعة,,0,,0.00,0.00
التقويم الهجري ١٤٤١ طولي,,0,,0.00,0.00
التقويم الهجري ١٤٤١ لأجهزة اندرويد,,0,,0.00,0.00
التقويم الهجري ١٤٤١ هـ,,0,,0.00,0.00
التقويم الهجري ١٤٤١ هـ ice,,0,,0.00,0.00
التقويم الهجري ١٤٤١ والميلادي,,0,,0.00,0.33
التقويم الهجري ١٤٤١ والميلادي ٢٠٢٠,,0,,0.00,0.00
التقويم الهجري ١٤٤١و التقويم الميلادي,,0,,0.00,0.00
التقويم الهجري ٢٠١٤,,0,,0.00,0.00
التقويم الهجري ٢٠١٧-١٤٣٩,,0,,0.00,0.00
التقويم الهجري ٣٨,,0,,0.00,0.00
التقويم الهجري ٤١,,0,,0.00,0.00
التقويم الهجري.com,,0,,0.00,0.00
التقويم الهجرية 1435,,0,,0.00,0.00
التقويم الهجرية 1440,,0,,0.00,0.00
التقويم الهجرية والميلادية 2015,,0,,0.00,0.00
التقويم ام القرى الهجري,,0,,0.00,0.00
التقويم ام القرى الهجري 1439,,0,,0.00,0.00
التقويم ام القرى تحويل من ميلادي الى هجري,,0,,0.00,0.00
التقويم اونلاين هجري وميلادي,,0,,0.00,0.00
التقويم با بالهجري,,0,,0.00,0.00
التقويم بالشهر الهجري 1438,,0,,0.00,0.00
التقويم بالهجري 1437,,0,,0.00,0.00
التقويم بالهجري 1439,,0,,0.00,0.00
التقويم بالهجري 1440,,0,,0.00,0.00
التقويم تحويل من ميلادي الى هجري,,0,,0.00,0.00
التقويم لسنة 2017 هجري وميلادي,,0,,0.00,0.00
التقويم من ميلادي الى هجري 2019,,0,,0.00,0.00
التقويم من هجري,,0,,0.00,0.00
التقويم ميلادي هجري 1439,,0,,0.00,0.00
التقويم ميلادي وهجري 1440,,0,,0.00,0.00
التقويم ميلادي وهجري ملون,,0,,0.00,0.00
التقويم ميلادي وهجري ملون 2020,,0,,0.00,0.00
التقويم ميلادي وهجري ١٤٤١,,0,,0.00,0.00
التقويم ميلادي وهجري ٢٠١٦,,0,,0.00,0.00
التقويم ميلاي وهجري 2017,,0,,0.00,0.00
التقويم هجري 1439,,0,,0.00,0.00
التقويم هجري 1440,,0,,0.00,0.00
التقويم هجري 1440 بالاسابيع,,0,,0.00,0.00
التقويم هجري 2018,,0,,0.00,0.00
التقويم هجري 2019,,0,,0.00,0.00
التقويم هجري شهر 8,,0,,0.00,0.00
التقويم هجري في الايفون,,0,,0.00,0.00
التقويم هجري مع ميلادي,,0,,0.00,0.00
التقويم هجري ميلادي 10 10 1445,,0,,0.00,0.00
التقويم هجري ميلادي 1437,,0,,0.00,0.00
التقويم هجري ميلادي 1438,,0,,0.00,0.00
التقويم هجري ميلادي 1439,,0,,0.00,0.00
التقويم هجري ميلادي 1440,,0,,0.00,0.00
التقويم هجري ميلادي 2012,,0,,0.00,0.00
التقويم هجري ميلادي 2018,,0,,0.00,0.00
التقويم هجري ميلادي 2019,,0,,0.00,0.00
التقويم هجري ميلادي 2020,,0,,0.00,0.00
التقويم هجري ميلادي تحويل,,0,,0.00,0.00
التقويم هجري ميلادي لسنة ٢١٠٩,,0,,0.00,0.00
التقويم هجري ميلادي ١٤٣٤,,0,,0.00,0.00
التقويم هجري ميلادي ١٤٣٥,,0,,0.00,0.00
التقويم هجري ميلادي ١٤٣٨,,0,,0.00,0.00
التقويم هجري ميلادي ١٤٣٩,,0,,0.00,0.00
التقويم هجري ميلادي ١٤٤٠,,0,,0.00,0.00
التقويم هجري ميلادي ١٤٤١,,0,,0.00,0.00
التقويم هجري ميلادي ٢٠١٢,,0,,0.00,0.00
التقويم هجري ميلادي ٢٠١٨,,0,,0.00,0.00
التقويم هجري ميلادي ٢٠١٩,,0,,0.00,0.00
التقويم هجري ميلادي ٢٠٢٠,,0,,0.00,0.00
التقويم هجري ميلادي10 10 1445,,0,,0.00,0.00
التقويم هجري و ميلادي 2019,,0,,0.00,0.00
التقويم هجري وميلادي 1437,,0,,0.00,0.00
التقويم هجري وميلادي 1438,,0,,0.00,0.00
التقويم هجري وميلادي 1439,,0,,0.00,0.00
التقويم هجري وميلادي 2017,,0,,0.00,0.00
التقويم هجري وميلادي 2018,,0,,0.00,0.00
التقويم هجري وميلادي 2019,,0,,0.00,0.00
التقويم هجري وميلادي pdf,,0,,0.00,0.00
التقويم هجري وميلادي اليوم,,0,,0.00,0.00
التقويم هجري وميلادي بويندوز 10,,0,,0.00,0.00
التقويم هجري وميلادي للايفون,,0,,0.00,0.00
التقويم هجري وميلادي ١٤٣٨,,0,,0.00,0.00
التقويم هجري وميلادي ١٤٣٩,,0,,0.00,0.00
التقويم هجري وميلادي ١٤٤٠,,0,,0.00,0.00
التقويم هجري وميلادي ١٤٤١,,0,,0.00,0.00
التقويم هجري وميلادي ٢٠١٧,,0,,0.00,0.00
التقويم هجري وميلادي ٢٠١٨,,0,,0.00,0.00
التقويم هجري وميلادي٢٠١٥,,0,,0.00,0.00
التقويم ١٤٣٩ هجري ملادي,,0,,0.00,0.00
التقويم.الهجرة والميلادي,,0,,0.00,0.00
التقويم.الهجري والميلادي ٢٠٠٣,,0,,0.00,0.00
الجامعة الاسلامية بالمدينة المنورة التقويم الهجري,,0,,0.00,0.00
الخضيري يأكد صحة التقويم الهجري,,0,,0.00,0.00
الخطة الد راسية تقويم عام 1439 هجري وميلادي 2018,,0,,0.00,0.00
الدولة العباسية اضاعت التقويم الهجري,,0,,0.00,0.00
الشهر الاول للتقويم الهجري الشمسي في المملكة,,0,,0.00,0.00
الشهر النسي او الزائد في التقويم الهجري,,0,,0.00,0.00
العمر بالتقويم الهجري,,0,,0.00,0.00
الفان التقويم الهجري 1441,,0,,0.00,0.00
الفرق بين التقويم الهجري والابراج,,0,,0.00,0.00
الفرق بين التقويم الهجري والتقويم الشمسي,,0,,0.00,0.00
الفرق بين التقويم الهجري والميلادي 2018,,0,,0.00,0.00
الفرق بين التقويم الهجري وام القرى,,0,,0.00,0.00
الفرق بين زمن القمر الفعلي و التقويم الهجري,,0,,0.00,0.00
المسلمون يعتمدون على التقويم الهجري بعد هجره النبي محمد,,0,,0.00,0.00
المقارنة بين التقويم الهجري والميلادي,,0,,0.00,0.00
المناسبات التقويم الهجري 1441 والميلادي 2019,,0,,0.00,0.00
الموقع الرسمي للتقويم الهجري,,0,,0.00,0.00
الهجري اليوم التقويم,,0,,0.00,0.00
الهجري والميلادي تقويم 1440,,0,,0.00,0.00
الوحدة النمطية للتحويل للتقويم الهجري أكسس أوفيسنا,,0,,0.00,0.00
اليوم العالمي للامن والسلامه بالتقويم الهجري,,0,,0.00,0.00
ام القرى التقويم الهجري,,0,,0.00,0.00
ام القرى تقويم هجري,,0,,0.00,0.00
او ميلادي اسرية ثالث ابتدائي عمل تقويم هجري,,0,,0.00,0.00
او ميلادي اسرية ثالث ابتدائيعمل تقويم هجري,,0,,0.00,0.00
اوجه الشبة والاختلاف بين التقويم الهجري والتقويم الميلادي,,0,,0.00,0.00
اوراق التقويم الهجري,,0,,0.00,0.00
اوراق التقويم الهجري متطايرة,,0,,0.00,0.00
اوقاتةالصلاه التقويم الهجري,,0,,0.00,0.00
ايقونة تقويم هجري,,0,,0.00,0.00
اين اجد التقويم الهجري المزخرف,,0,,0.00,0.00
بالانجليزي تحميل تقويم 2019 هجري وميلادي pdf,,0,,0.00,0.00
بحث عن التقويم الهجري والميلادي,,0,,0.00,0.00
بحث عن ما فائدة التقويم الهجري,,0,,0.00,0.00
برنامج wallcal تقويم هجري وميلادي لسطح المكتب,,0,,0.00,0.00
برنامج اظهار التقويم الهجري والميلادي على سطح المكتب,,0,,0.00,0.00
برنامج اكسل تحويل التقويم الميلادي الي هجري,,0,,0.00,0.00
برنامج الة حاسبة التقويم الهجري,,0,,0.00,0.00
برنامج التقويم الهجري 1438,,0,,0.00,0.00
برنامج التقويم الهجري 1440,,0,,0.00,0.00
برنامج التقويم الهجري 2019,,0,,0.00,0.00
برنامج التقويم الهجري apk,,0,,0.00,0.00
برنامج التقويم الهجري اندرويد,,0,,0.00,0.00
برنامج التقويم الهجري سكربت,,0,,0.00,0.00
برنامج التقويم الهجري كمبيوتر,,0,,0.00,0.00
برنامج التقويم الهجري كمبيوتر اكسسل,,0,,0.00,0.00
برنامج التقويم الهجري كمبيوتر اكسسل جدول,,0,,0.00,0.00
برنامج التقويم الهجري كمبيوتر جدول,,0,,0.00,0.00
برنامج التقويم الهجري كمبيوتر كم باقي يوم,,0,,0.00,0.00
برنامج التقويم الهجري للكمبيوتر 1439,,0,,0.00,0.00
برنامج التقويم الهجري للكمبيوتر ويندوز 7,,0,,0.00,0.00
برنامج التقويم الهجري للكمبيوتر ويندوز 8,,0,,0.00,0.00
برنامج التقويم الهجري للويندوز,,0,,0.00,0.00
برنامج التقويم الهجري لويندوز 10,,0,,0.00,0.00
برنامج التقويم الهجري والميلادي 2016,,0,,0.00,0.00
برنامج التقويم الهجري والميلادي 2017,,0,,0.00,0.00
برنامج التقويم الهجري والميلادي 2017 للكمبيوتر,,0,,0.00,0.00
برنامج التقويم الهجري والميلادي 2018,,0,,0.00,0.00
برنامج التقويم الهجري والميلادي 2019,,0,,0.00,0.00
برنامج التقويم الهجري والميلادي على سطح المكتب,,0,,0.00,0.00
برنامج التقويم الهجري والميلادي على سطح المكتب ويندوز 10,,0,,0.00,0.00
برنامج التقويم الهجري والميلادي على سطح المكتب ويندوز 7,,0,,0.00,0.00
برنامج التقويم الهجري والميلادي على سطح المكتب ويندوز 8,,0,,0.00,0.00
برنامج التقويم الهجري والميلادي لسطح المكتب,,0,,0.00,0.00
برنامج التقويم الهجري والميلادي لسنة 2018,,0,,0.00,0.00
برنامج التقويم الهجري والميلادي لعام 2014,,0,,0.00,0.00
برنامج التقويم الهجري والميلادي لعام 2016,,0,,0.00,0.00
برنامج التقويم الهجري والميلادي للاندرويد,,0,,0.00,0.00
برنامج التقويم الهجري والميلادي للايفون,,0,,0.00,0.00
برنامج التقويم الهجري والميلادي للكمبيوتر 2012,,0,,0.00,0.00
برنامج التقويم الهجري والميلادي للكمبيوتر 2013,,0,,0.00,0.00
برنامج التقويم الهجري ويندوز 10,,0,,0.00,0.00
برنامج التقويم الهجري ٢٠١٩,,0,,0.00,0.00
برنامج تحويل التقويم الهجري الى الميلادي,,0,,0.00,0.00
برنامج تحويل التقويم الهجري الى ميلادي,,0,,0.00,0.10
برنامج تصميم تقويم هجري,,0,,0.00,0.00
برنامج تصميم تقويم هجري بالايام,,0,,0.00,0.00
برنامج تقويم الهجري الشمسي,,0,,0.00,0.00
برنامج تقويم الهجري الشمسي أندرويد,,0,,0.00,0.00
برنامج تقويم الهجري والميلادي,,0,,0.00,0.00
برنامج تقويم هجري 1438,,0,,0.00,0.00
برنامج تقويم هجري باليوم نزول الرواتب,,0,,0.00,0.00
برنامج تقويم هجري للكمبيوتر,,0,,0.00,0.00
برنامج تقويم هجري مع اوقات الصلاة,,0,,0.00,0.00
برنامج لعرض التقويم الهجري مع الميلادي على سطح المكتب,,0,,0.00,0.00
برنامج لعمل تقويم الهجري والميلادي,,0,,0.00,0.00
برنامج للتقويم الهجري على سطح المكتب,,0,,0.00,0.00
بشارة خير التقويم الهجري بالمنام,,0,,0.00,0.00
بطاقة تهنئة بالعام الهجري ١٤٤٠ مع التقويم ا1441,,0,,0.00,0.00
تأسيس التقويم الهجري,,0,,0.00,0.00
تاريخ التقويم 26 1 1437 الهجري,,0,,0.00,0.00
تاريخ التقويم الميلادي تحويل هجري,,0,,0.00,0.00
تاريخ الهجري اليوم تقويم,,0,,0.00,0.00
تاريخ الهجري غدا الأربعاء حسب تقويم أم القري,,0,,0.00,0.00
تاريخ اليوم الهجري حسب تقويم أم القرى,,0,,0.00,0.00
تاريخ اليوم بالتقويم الهجري 1438,,0,,0.00,0.00
تاريخ اليوم بالتقويم الهجري 1439,,0,,0.00,0.00
تاريخ اليوم بالتقويم الهجري الشمسي,,0,,0.00,0.00
تاريخ اليوم بالتقويم الهجري الشيعي,,0,,0.00,0.00
تاريخ اليوم بالتقويم الهجري بالمغرب,,0,,0.00,0.00
تاريخ اليوم بالتقويم الهجري في الجزائر,,0,,0.00,0.00
تاريخ اليوم بالتقويم الهجري في السعودية,,0,,0.00,0.00
تاريخ اليوم بالتقويم الهجري في العراق,,0,,0.00,0.00
تاريخ اليوم بالتقويم الهجري في المغرب,,0,,0.00,0.00
تاريخ اليوم بالتقويم الهجري في تركيا,,0,,0.00,0.00
تاريخ اليوم بالتقويم الهجري في تونس,,0,,0.00,0.00
تاريخ اليوم بالتقويم الهجري في ليبيا,,0,,0.00,0.00
تاريخ اليوم بالتقويم الهجري في مصر,,0,,0.00,0.00
تاريخ اليوم بالتقويم الهجري والميلادي,,0,,0.00,0.00
تاريخ اليوم بالتقويم الهجري ٢٠١٦,,0,,0.00,0.00
تاريخ اليوم حسب التقويم الشمسي الهجري,,0,,0.00,0.00
تاريخ اليوم هجري بتقويم ام القرى,,0,,0.00,0.00
تاريخ شهر شعبان التقويم الهجري,,0,,0.00,0.00
تاريخ شهر شوال التقويم الهجري,,0,,0.00,0.00
تاريخ ميلادي من خلال التقويم الهجري,,0,,0.00,0.00
تاريخ هجري التقويم,,0,,0.00,0.00
تاريخ يوم الصحة العالمي بالتقويم الهجري,,0,,0.00,0.00
تاريخ يوم الصحه العالمي لهذا العام بالتقويم الهجري,,0,,0.00,0.00
تاريخ يوم الصحه العالمي لهذا العام بالتقويم الهجري 1440,,0,,0.00,0.00
تاريخ يوم الصحه العالمي لهذا العام بالتقويم الهجري ١٤٣٥,,0,,0.00,0.00
تحديث التقويم الهجري للاكسيل,,0,,0.00,0.00
تحضير اسرية ثاني ابتدائي التقويم الهجري والميلادي,,0,,0.00,0.00
تحضير اسرية ثاني ابتدائي الفصل الاول التقويم الهجري,,0,,0.00,0.00
تحضير اسرية ثاني ابتدائي الفصل الاول التقويم الهجري وقتي,,0,,0.00,0.00
تحضير درس التقويم الهجري,,0,,0.00,0.21
تحضير درس التقويم الهجري السنوي,,0,,0.00,0.00
تحضير درس التقويم الهجري السنوي للصف الثالث,,0,,0.00,0.00
تحضير درس التقويم الهجري للصف الثاني الابتدائي,,0,,0.00,0.00
تحضير درس التقويم الهجري والميلادي ثاني ابتدائي تربيه اسريه,,0,,0.00,0.00
تحضير وحدة التقويم الهجري والميلادي ثاني ابتدائي تربيه اسريه,,0,,0.00,0.00
تحضيردرس التقويم الهجري والميلادي ثاني ابتدائي تريه اسريه,,0,,0.00,0.00
تحميل التقويم الهجري 1438,,0,,0.00,0.00
تحميل التقويم الهجري 1439,,0,,0.00,0.00
تحميل التقويم الهجري 1439 2018,,0,,0.00,0.00
تحميل التقويم الهجري 1440,,0,,0.00,0.00
تحميل التقويم الهجري 1440 pdf,,0,,0.00,0.00
تحميل التقويم الهجري 1440 والميلادي 2019,,0,,0.00,0.00
تحميل التقويم الهجري 1440 والميلادي 2019 يومي وورد,,0,,0.00,0.00
تحميل التقويم الهجري 1441,,0,,0.00,0.00
تحميل التقويم الهجري 1441 pdf,,0,,0.00,0.00
تحميل التقويم الهجري 1441 والميلادي 2019,,0,,0.00,0.00
تحميل التقويم الهجري 1441 والميلادي 2020,,0,,0.00,0.00
تحميل التقويم الهجري 2018,,0,,0.00,0.00
تحميل التقويم الهجري 2019,,0,,0.00,0.00
تحميل التقويم الهجري apk,,0,,0.00,0.00
تحميل التقويم الهجري pdf 1439,,0,,0.00,0.00
تحميل التقويم الهجري الجديد,,0,,0.00,0.00
تحميل التقويم الهجري الذهبي,,0,,0.00,0.00
تحميل التقويم الهجري الفاطمي,,0,,0.00,0.00
تحميل التقويم الهجري جوجل,,0,,0.00,0.00
تحميل التقويم الهجري على جوجل كاليندر,,0,,0.00,0.00
تحميل التقويم الهجري لاجهزة الاندرويد,,0,,0.00,0.00
تحميل التقويم الهجري لعام 2019,,0,,0.00,0.00
تحميل التقويم الهجري لعام 41,,0,,0.00,0.00
تحميل التقويم الهجري للاندرويد,,0,,0.00,0.00
تحميل التقويم الهجري للايفون في الاندرويد,,0,,0.00,0.00
تحميل التقويم الهجري للجوال,,0,,0.00,0.00
تحميل التقويم الهجري للكمبيوتر,,0,,0.00,0.00
تحميل التقويم الهجري والميلادي 1439,,0,,0.00,0.00
تحميل التقويم الهجري والميلادي 1441,,0,,0.00,0.00
تحميل التقويم الهجري والميلادي 2015 pdf,,0,,0.00,0.00
تحميل التقويم الهجري والميلادي 2016,,0,,0.00,0.00
تحميل التقويم الهجري والميلادي 2018,,0,,0.00,0.00
تحميل التقويم الهجري والميلادي 2019,,0,,0.00,0.00
تحميل التقويم الهجري والميلادي pdf,,0,,0.00,0.00
تحميل التقويم الهجري والميلادي على سطح المكتب 2017,,0,,0.00,0.00
تحميل التقويم الهجري والميلادي على سطح المكتب 2018,,0,,0.00,0.00
تحميل التقويم الهجري والميلادي على سطح المكتب 2019,,0,,0.00,0.00
تحميل التقويم الهجري والميلادي لعام 1440,,0,,0.00,0.00
تحميل التقويم الهجري والميلادي لعام 2019,,0,,0.00,0.00
تحميل التقويم الهجري والميلادي للكمبيوتر,,0,,0.00,0.00
تحميل التقويم الهجري ١٤٤٠,,0,,0.00,0.00
تحميل التقويم الهجري ١٤٤١هـ,,0,,0.00,0.00
تحميل برنامج التقويم الهجري للاندرويد,,0,,0.00,0.00
تحميل برنامج التقويم الهجري والميلادي,,0,,0.00,0.00
تحميل برنامج التقويم الهجري والميلادي على سطح المكتب,,0,,0.00,0.00
تحميل برنامج التقويم الهجري والميلادي للكمبيوتر,,0,,0.00,0.00
تحميل برنامج التقويم الهجري والميلادي مجانا 2019,,0,,0.00,0.00
تحميل برنامج تقويم هجري مع ميلادى,,0,,0.00,0.00
تحميل برنامج تقويم هجري ميلادي لسطح المكتب,,0,,0.00,0.00
تحميل تطبيق التقويم الهجري للاندرويد,,0,,0.00,0.00
تحميل تقويم 1439 هجري وميلادي,,0,,0.00,0.00
تحميل تقويم 1440 هجري وميلادي pdf,,0,,0.00,0.00
تحميل تقويم 2019 ميلادي وهجري,,0,,0.00,0.00
تحميل تقويم 2019 ميلادي وهجري خالد الرفاعي,,0,,0.00,0.00
تحميل تقويم 2019 هجري وميلادي pdf,,0,,0.00,0.00
تحميل تقويم ام القرى الهجري,,0,,0.00,0.00
تحميل تقويم ام القرى الهجري 1437,,0,,0.00,0.00
تحميل تقويم ميلادي هجري 2020,,0,,0.00,0.00
تحميل تقويم ميلادي وهجري 2018,,0,,0.00,0.00
تحميل تقويم ميلادي وهجري 2018 pdf,,0,,0.00,0.00
تحميل تقويم هجري للتصميم,,0,,0.00,0.00
تحميل تقويم هجري مع ميلادى,,0,,0.00,0.00
تحميل تقويم هجري ميلادي 1439 2018,,0,,0.00,0.00
تحميل تقويم هجري ميلادي 1440 2018,,0,,0.00,0.00
تحميل تقويم هجري ميلادي 2017,,0,,0.00,0.00
تحميل تقويم هجري ميلادي اكسل,,0,,0.00,0.00
تحميل تقويم هجري ميلادي شمسي 1439 2018,,0,,0.00,0.00
تحميل تنبيهات الصلاة في تطبيق التقويم الهجري للايفون,,0,,0.00,0.00
تحميل ملف التقويم الهجري,,0,,0.00,0.00
تحميل منظم التقويم الهجري 1438,,0,,0.00,0.00
تحويل التاريخ التقويم الهجري,,0,,0.00,0.00
تحويل التاريخ من التقويم الميلادي إلى التقويم الهجري,,0,,0.00,0.00
تحويل التاريخ من هجري الى ميلادي حسب تقويم ام القرى,,0,,0.00,0.00
تحويل التاريخ من هجري الىميلادي تقويم ام القر,,0,,0.00,0.00
تحويل التاريخ هجري ميلادي تاريخ اليوم تحويل التقويم الهجري الميلادي,,0,,0.00,0.00
تحويل التقويم الميلادي الى هجري 2015,,0,,0.00,0.00
تحويل التقويم الميلادي الى هجري ايفون,,0,,0.00,0.00
تحويل التقويم الميلادي الى هجري في الايفون,,0,,0.00,0.00
تحويل التقويم الهجري 1439,,0,,0.00,0.00
تحويل التقويم الهجري 1439 والميلادي,,0,,0.00,0.00
تحويل التقويم الهجري 1439 والميلادي 2018,,0,,0.00,0.00
تحويل التقويم الهجري 1440,,0,,0.00,0.00
تحويل التقويم الهجري 1440 والميلادي 2018,,0,,0.00,0.00
تحويل التقويم الهجري 1440 والميلادي 2019,,0,,0.00,0.00
تحويل التقويم الهجري 1441 والميلادي 2019,,0,,0.00,0.00
تحويل التقويم الهجري 2018,,0,,0.00,0.00
تحويل التقويم الهجري إلى الميلادي,,0,,0.00,0.00
تحويل التقويم الهجري إلى الميلادي 2017,,0,,0.00,0.00
تحويل التقويم الهجري الشمسي,,0,,0.00,0.00
تحويل التقويم الهجري الشمسي الى الميلادي,,0,,0.00,0.00
تحويل التقويم الهجري الشمسي الى ميلادي,,0,,0.00,0.00
تحويل التقويم الهجري الميلادي,,0,,0.00,0.00
تحويل التقويم الهجري الى التقويم الميلادي,,0,,0.00,0.00
تحويل التقويم الهجري الى ميلادي 1438,,0,,0.00,0.00
تحويل التقويم الهجري الى ميلادي ايفون,,0,,0.00,0.00
تحويل التقويم الهجري الى ميلادي في الايفون,,0,,0.00,0.00
تحويل التقويم الهجري اليوم,,0,,0.00,0.00
تحويل التقويم الهجري والميلادي 1439,,0,,0.00,0.00
تحويل التقويم الهجري والميلادي 1440,,0,,0.00,0.00
تحويل التقويم الهجري والميلادي 2015,,0,,0.00,0.00
تحويل التقويم الهجري والميلادي 2016,,0,,0.00,0.00
تحويل التقويم الهجري والميلادي 2017,,0,,0.00,0.00
تحويل التقويم الهجري والميلادي 2018,,0,,0.00,0.00
تحويل التقويم الهجري والميلادي برنامج,,0,,0.00,0.00
تحويل التقويم الهجري والميلادي لسنة 2017,,0,,0.00,0.00
تحويل التقويم الهجري والميلادي لسنة 2018,,0,,0.00,0.00
تحويل التقويم الهجري والميلادي لعام 2012,,0,,0.00,0.00
تحويل التقويم الهجري والميلادي لعام 2014,,0,,0.00,0.00
تحويل التقويم الهجري والميلادي لعام 2015,,0,,0.00,0.00
تحويل التقويم الهجري والميلادي لعام 2018,,0,,0.00,0.00
تحويل التقويم الى هجري,,0,,0.00,0.00
تحويل التقويم الى هجري في الايفون,,0,,0.00,0.00
تحويل التقويم من الهجري للميلادي في الايفون,,0,,0.00,0.00
تحويل التقويم من ميلادي الى هجري بالايفون,,0,,0.00,0.00
تحويل التقويم من ميلادي لي هجري,,0,,0.00,0.00
تحويل التقويم من هجري الى ميلادي على الكمبيوتر,,0,,0.00,0.00
تحويل التقويم ميلادي الى هجري,,0,,0.00,0.00
تحويل العمل بالتقويم الهجري بدلا من الميلادي,,0,,0.00,0.00
تحويل الهجري الى ميلادي تقويم ام القرى,,0,,0.00,0.00
تحويل الي التقويم الهجري,,0,,0.00,0.00
تحويل بين التقويم الهجري والميلادي,,0,,0.00,0.00
تحويل تاريخ الميلاد من التقويم الهجري للميلادي,,0,,0.00,0.00
تحويل تقويم الهجري,,0,,0.00,0.00
تحويل تقويم هجري ميلادي 2017,,0,,0.00,0.00
تحويل تقويم هجري ميلادي 2018,,0,,0.00,0.00
تحويل تقويم هجري ميلادي 2019,,0,,0.00,0.00
تحويل للتقويم الهجري,,0,,0.00,0.00
تحويل من هجري الى ميلادي حسب تقويم ام القرى,,0,,0.00,0.00
تدفتر تقويم هجري,,0,,0.00,0.00
تدفتر تقويم هجري فارغ,,0,,0.00,0.00
ترتيب شهور التقويم الشمسي الهجري,,0,,0.00,0.00
تصاميم التقويم الهجري 1441,,0,,0.00,0.00
تصاميم التقويم الهجري 1441 الفصل الدراسي الاول,,0,,0.00,0.00
تصاميم التقويم الهجري 1441 ترم اول,,0,,0.00,0.00
تصاميم التقويم الهجري 1441 جديده,,0,,0.00,0.00
تصاميم تقويم الفصل الدراسي الثاني للعام الهجري 1438 1439,,0,,0.00,0.00
تصاميم تقويم الفصل الدراسي الثاني للعام الهجري 1438 1439 مفاز,,0,,0.00,0.00
تصميم التقويم الهجري 1440,,0,,0.00,0.00
تصميم التقويم الهجري 1441,,0,,0.00,0.00
تصميم تقويم الهجري والميلادي 1441,,0,,0.00,0.00
تصميم تقويم عيد ميلاد بالهجري,,0,,0.00,0.00
تصميم تقويم هجري 1438,,0,,0.00,0.00
تصميم تقويم هجري 1439,,0,,0.00,0.00
تصميم تقويم هجري 1440,,0,,0.00,0.00
تصميم تقويم هجري 1441,,0,,0.00,0.00
تصميم تقويم هجري ادكس ادوب,,0,,0.00,0.00
تصميم تقويم هجري ميلادي ١٤٤١,,0,,0.00,0.00
تصميم تقويم هجري وميلادي شخصي,,0,,0.00,0.00
تصميم تقويم هجري ١٤٤٠,,0,,0.00,0.00
تصميم تقويم هجري ١٤٤٠ توعية,,0,,0.00,0.00
تصميم ورقة تقويم الهجري فارغة,,0,,0.00,0.00
تصميم ورقة تقويم بالهجري,,0,,0.00,0.00
تصميم ورقة تقويم بالهجري فارغة,,0,,0.00,0.00
تصمييم تقويم بالهجري,,0,,0.00,0.00
تصمييم تقويم بالهجري عام1328,,0,,0.00,0.00
تطبيق التقويم الهجري اسمه,,0,,0.00,0.00
تطبيق التقويم الهجري ام القرى,,0,,0.00,0.00
تطبيق التقويم الهجري في قوقل بلاي,,0,,0.00,0.00
تطبيق التقويم الهجري للايفون في الاندرويد,,0,,0.00,0.00
تطبيق التقويم الهجري للماك,,0,,0.00,0.00
تطبيق تقويم هجري بسيط,,0,,0.00,0.00
تطبيق يجمع بين التقويم الهجري والميلادي,,0,,0.00,0.00
تعديل التاريخ الهجري في تقويم الايفون,,0,,0.00,0.00
تعديل التقويم الهجري في الكمبيوتر,,0,,0.00,0.00
تعديل التقويم من هجري الي ميلادي,,0,,0.00,0.00
تعديل التقويم من هجري لميلادي,,0,,0.00,0.00
تعرف على منازل القمر واعداد تقويم هجري,,0,,0.00,0.00
تغير التقويم من الميلادية الي الهجري,,0,,0.00,0.00
تغير التقويم من هجري إلى ميلادي,,0,,0.00,0.00
تغيير اتجاه التقويم الهجري اكسس,,0,,0.00,0.00
تغيير اتجاه التقويم الهجري في اكسس,,0,,0.00,0.00
تغيير التقويم من الميلادي الي الهجري,,0,,0.00,0.00
تغيير التقويم من الميلادي للهجري في الايفون,,0,,0.00,0.00
تغيير التقويم من الهجري للميلادي بالايفون,,0,,0.00,0.00
تغيير التقويم من هجري,,0,,0.00,0.00
تغيير التقويم من هجري إلى ميلادي,,0,,0.00,0.00
تغيير التقويم من هجري الى ميلادي في السعودية,,0,,0.00,0.00
تغيير التقويم من هجري لميلادي,,0,,0.00,0.00
تغيير تقويم اكسل هجري,,0,,0.00,0.00
تغيير نظام التقويم من هجري إلى ميلادي,,0,,0.00,0.00
تفسير المفكرة القرآنية التقويم الهجري,,0,,0.00,0.00
تقرير عن أهمية التقويم الهجري وأسباب اختياره,,0,,0.00,0.00
تقويم 12 1439 الهجري,,0,,0.00,0.00
تقويم 1349 الهجري,,0,,0.00,0.00
تقويم 1406 هجري,,0,,0.00,0.00
تقويم 1413 ميلادي هجري,,0,,0.00,0.00
تقويم 1416 هجري,,0,,0.00,0.00
تقويم 1429 هجري وميلادي,,0,,0.00,0.00
تقويم 1432 هجري وميلادي,,0,,0.00,0.00
تقويم 1434 هجري 2013,,0,,0.00,0.00
تقويم 1434 هجري ميلادي,,0,,0.00,0.00
تقويم 1435 الهجري,,0,,0.00,0.00
تقويم 1435 هجري وميلادي,,0,,0.00,0.00
تقويم 1435 هجري وميلادي pdf,,0,,0.00,0.00
تقويم 1435 هجري وميلادي أرامكو,,0,,0.00,0.00
تقويم 1435 هجري وميلادي للطباعة,,0,,0.00,0.00
تقويم 1436 الهجري,,0,,0.00,0.00
تقويم 1436 ميلادي وهجري,,0,,0.00,0.00
تقويم 1436 هجري ميلادي,,0,,0.00,0.00
تقويم 1436 هجري وميلادي,,0,,0.00,0.00
تقويم 1436 هجري وميلادي pdf,,0,,0.00,0.00
تقويم 1436 هجري وميلادي للطباعة,,0,,0.00,0.00
تقويم 1437 ميلادي وهجري,,0,,0.00,0.00
تقويم 1437 هجري a4,,0,,0.00,0.00
تقويم 1437 هجري ش4,,0,,0.00,0.00
تقويم 1437 هجري ميلادي,,0,,0.00,0.00
تقويم 1438 1439هـ هجري وميلادي,,0,,0.00,0.00
تقويم 1438 الزراعي هجري وميلادي,,0,,0.00,0.00
تقويم 1438 الهجري,,0,,0.00,0.00
تقويم 1438 الهجري png,,0,,0.00,0.00
تقويم 1438 الهجري والميلادي,,0,,0.00,0.00
تقويم 1438 ميلادي هجري,,0,,0.00,0.00
تقويم 1438 ميلادي وهجري,,0,,0.00,0.00
تقويم 1438 هجري ام القرى,,0,,0.00,0.00
تقويم 1438 هجري خالد الرفاعي,,0,,0.00,0.00
تقويم 1438 هجري للطباع,,0,,0.00,0.00
تقويم 1438 هجري ميلادي,,0,,0.00,0.00
تقويم 1438 هجري ميلاديد,,0,,0.00,0.00
تقويم 1438 هجري وميلادي,,0,,0.00,0.00
تقويم 1439 الهجري,,0,,0.00,0.00
تقويم 1439 ميلادي وهجري,,0,,0.00,0.00
تقويم 1439 هجري ابيض واسود,,0,,0.00,0.00
تقويم 1439 هجري ارابيسك,,0,,0.00,0.00
تقويم 1439 هجري الدراسي,,0,,0.00,0.00
تقويم 1439 هجري شعبان,,0,,0.00,0.00
تقويم 1439 هجري شعبان اسود,,0,,0.00,0.00
تقويم 1439 هجري ميلادي,,0,,0.00,0.00
تقويم 1439 هجري ميلادي hl hgrvn,,0,,0.00,0.00
تقويم 1439 هجري ميلاديpng,,0,,0.00,0.00
تقويم 1439 هجري وميلادي pdf,,0,,0.00,0.00
تقويم 1439 هجري وميلادي الجديد,,0,,0.00,0.00
تقويم 1439 هجري وميلادي خالد الرفاعى,,0,,0.00,0.00
تقويم 1440 ميلادي وهجري,,0,,0.00,0.00
تقويم 1440 هجري pdf,,0,,0.00,0.00
تقويم 1440 هجري pmg,,0,,0.00,0.00
تقويم 1440 هجري png,,0,,0.00,0.00
تقويم 1440 هجري اسود,,0,,0.00,0.00
تقويم 1440 هجري الدراسي,,0,,0.00,0.00
تقويم 1440 هجري ام القرى,,0,,0.00,0.00
تقويم 1440 هجري بدون الوان,,0,,0.00,0.00
تقويم 1440 هجري ميلادي,,0,,0.00,0.00
تقويم 1440 هجري ميلادي واضح,,0,,0.00,0.00
تقويم 1440 هجري وميلادي 2019,,0,,0.00,0.00
تقويم 1440 هجري وميلادي pdf,,0,,0.00,0.00
تقويم 1440 هجري وميلادي pdf دراسي,,0,,0.00,0.00
تقويم 1440 هجري وميلادي خالد الرفاعي,,0,,0.00,0.00
تقويم 1440 هجري وميلادي كيوت,,0,,0.00,0.00
تقويم 1440 هجري وميلادي للطباعة,,0,,0.00,0.00
تقويم 1440 هجري وميلادي للطباعة الفصل الثانيى,,0,,0.00,0.00
تقويم 1440هـ هجري وميلادي,,0,,0.00,0.00
تقويم 1441 الهجري جامعة الملك عبدالعزيز,,0,,0.00,0.00
تقويم 1441 للهجري,,0,,0.00,0.00
تقويم 1441 ميلادي وهجري,,0,,0.00,0.00
تقويم 1441 هجري 2019 ميلادي,,0,,0.00,0.00
تقويم 1441 هجري دقة عالية,,0,,0.00,0.00
تقويم 1441 هجري في السعودية,,0,,0.00,0.00
تقويم 1441 هجري للتصوير,,0,,0.00,0.00
تقويم 1441 هجري للجامعه,,0,,0.00,0.00
تقويم 1441 هجري مع جدول,,0,,0.00,0.00
تقويم 1441 هجري مفتوح,,0,,0.00,0.00
تقويم 1441 هجري ميلادي,,0,,0.00,0.00
تقويم 1441 هجري وميلادي a3,,0,,0.00,0.00
تقويم 1441 هجري وميلادي pdf,,0,,0.00,0.00
تقويم 1441 هجري وميلادي twitter,,0,,0.00,0.00
تقويم 1441 هجري وميلادي جلوب,,0,,0.00,0.00
تقويم 1441 هجري وميلادي خالد الرفاعي,,0,,0.00,0.00
تقويم 1441 هجري وميلادي دقة عالية,,0,,0.00,0.00
تقويم 1441 هجري وميلادي للاعمال,,0,,0.00,0.00
تقويم 1441 هجري وميلادي للطباعة,,0,,0.00,0.00
تقويم 1441 هجري وميلادي للطباعه,,0,,0.00,0.00
تقويم 1441 هجري وميلادي للكتابه,,0,,0.00,0.00
تقويم 1441 هجري وميلادي للمهام,,0,,0.00,0.00
تقويم 1442 هجري ميلادي,,0,,0.00,0.00
تقويم 1443 الهجري,,0,,0.00,0.00
تقويم 16 12 1439 الهجري,,0,,0.00,0.00
تقويم 1939 هجري,,0,,0.00,0.00
تقويم 2004 هجري ميلادي,,0,,0.00,0.71
تقويم 2012 هجري وميلادي pdf,,0,,0.00,0.00
تقويم 2013 ميلادي وهجري,,0,,0.00,0.00
تقويم 2014 ميلادي هجري,,0,,0.00,0.00
تقويم 2014 ميلادي وهجري,,0,,0.00,0.00
تقويم 2014 هجري وميلادي pdf,,0,,0.00,0.00
تقويم 2015 ميلادي وهجري,,0,,0.00,0.00
تقويم 2015 هجري,,0,,0.00,0.00
تقويم 2015 هجري ميلادي,,0,,0.00,0.00
تقويم 2015 هجري وميلادي pdf,,0,,0.00,0.00
تقويم 2015 هجري وميلادي ارامكو,,0,,0.00,0.00
تقويم 2016 الهجري,,0,,0.00,0.00
تقويم 2016 ميلادي هجري,,0,,0.00,0.00
تقويم 2016 هجري ميلادي,,0,,0.00,0.00
تقويم 2016 هجري وميلادي pdf,,0,,0.00,0.00
تقويم 2016 هجري وميلادي ارامكو,,0,,0.00,0.00
تقويم 2016 هجري وميلادي اكسل,,0,,0.00,0.00
تقويم 2017 2018 ميلادي هجري,,0,,0.00,0.00
تقويم 2017 ميلادي pdf هجري,,0,,0.00,0.00
تقويم 2017 ميلادي هجري,,0,,0.00,0.00
تقويم 2017 ميلادي وهجري aivd,,0,,0.00,0.00
تقويم 2017 ميلادي وهجري pdf,,0,,0.00,0.00
تقويم 2017 ميلادي وهجري ابيض واسود,,0,,0.00,0.00
تقويم 2017 ميلادي وهجري ارامكو,,0,,0.00,0.00
تقويم 2017 ميلادي وهجري شهري,,0,,0.00,0.00
تقويم 2017 ميلادي وهجري عراقي,,0,,0.00,0.00
تقويم 2017 ميلادي وهجري عربي,,0,,0.00,0.00
تقويم 2017 هجري,,0,,0.00,0.00
تقويم 2017 هجري ميلادي,,0,,0.00,0.00
تقويم 2017 هجري ميلادي excel,,0,,0.00,0.00
تقويم 2017 هجري وميلادي doc,,0,,0.00,0.00
تقويم 2017 هجري وميلادي excel,,0,,0.00,0.00
تقويم 2017 هجري وميلادي ابيض واسود,,0,,0.00,0.00
تقويم 2017 هجري وميلادي الجزائر,,0,,0.00,0.00
تقويم 2017 هجري وميلادي السعودية,,0,,0.00,0.00
تقويم 2017 هجري وميلادي للطباعة,,0,,0.00,0.00
تقويم 2017 هجري وميلادي مع الاجازات,,0,,0.00,0.00
تقويم 2017-2018 ميلادي وهجري,,0,,0.00,0.00
تقويم 2017م وهجري,,0,,0.00,0.00
تقويم 2018 1439 هجري وميلادي,,0,,0.00,0.00
تقويم 2018 2019 هجري وميلادي pdf,,0,,0.00,0.00
تقويم 2018 الموافق 1439 1440 هجرية,,0,,0.00,0.00
تقويم 2018 مع الهجري,,0,,0.00,0.00
تقويم 2018 ميلادي هجري,,0,,0.00,0.00
تقويم 2018 ميلادي هجري ارامكو,,0,,0.00,0.00
تقويم 2018 ميلادي وهجري pdf,,0,,0.00,0.00
تقويم 2018 هجري pdf عربي,,0,,0.00,0.00
تقويم 2018 هجري عربي إنكليزي,,0,,0.00,0.00
تقويم 2018 هجري للتصميم,,0,,0.00,0.00
تقويم 2018 هجري ميلادي,,0,,0.00,0.00
تقويم 2018 هجري وميلادي doc,,0,,0.00,0.00
تقويم 2018 هجري وميلادي excel,,0,,0.00,0.00
تقويم 2018 هجري وميلادي psd,,0,,0.00,0.00
تقويم 2018 هجري وميلادي word,,0,,0.00,0.00
تقويم 2018 هجري وميلادي وورد,,0,,0.00,0.00
تقويم 2019 1440 1441 ميلادي وهجري,,0,,0.00,0.00
تقويم 2019 1440 1441ميلادي وهجري,,0,,0.00,0.00
تقويم 2019 2020 مع الهجري,,0,,0.00,0.00
تقويم 2019 2020 هجري وميلادي pdf,,0,,0.00,0.00
تقويم 2019 ميلادي 1441 هجري,,0,,0.00,0.00
تقويم 2019 ميلادي هجري,,0,,0.00,0.00
تقويم 2019 ميلادي هجري محرم,,0,,0.00,0.00
تقويم 2019 ميلادي و هجري,,0,,0.00,0.00
تقويم 2019 ميلادي وهجري 1440,,0,,0.00,0.00
تقويم 2019 ميلادي وهجري 1441,,0,,0.00,0.00
تقويم 2019 ميلادي وهجري pdf,,0,,0.00,0.00
تقويم 2019 ميلادي وهجري psd,,0,,0.00,0.00
تقويم 2019 ميلادي وهجري psd مفتوح,,0,,0.00,0.00
تقويم 2019 ميلادي وهجري ارامكز,,0,,0.00,0.00
تقويم 2019 ميلادي وهجري باشكال يوم ميلاد,,0,,0.00,0.00
تقويم 2019 ميلادي وهجري رمضان,,0,,0.00,0.00
تقويم 2019 ميلادي وهجري كبير,,0,,0.00,0.00
تقويم 2019 ميلادي وهجري ورقة,,0,,0.00,0.00
تقويم 2019 هجري,,0,,0.00,0.10
تقويم 2019 هجري الفصل الدراسي الثاني,,0,,0.00,0.00
تقويم 2019 هجري ميلادي,,0,,0.00,0.00
تقويم 2019 هجري وميلادجي,,0,,0.00,0.00
تقويم 2019 هجري وميلادي a4,,0,,0.00,0.00
تقويم 2019 هجري وميلادي excel,,0,,0.00,0.00
تقويم 2019 هجري وميلادي hd,,0,,0.00,0.00
تقويم 2019 هجري وميلادي pdf انجليزي,,0,,0.00,0.00
تقويم 2019 هجري وميلادي png,,0,,0.00,0.00
تقويم 2019 هجري وميلادي psd,,0,,0.00,0.00
تقويم 2019 هجري وميلادي ارامكو,,0,,0.00,0.00
تقويم 2019 هجري وميلادي جداري,,0,,0.00,0.00
تقويم 2019 هجري وميلادي شهر أغسطس,,0,,0.00,0.00
تقويم 2019 هجري وميلادي لدراسه,,0,,0.00,0.00
تقويم 2019 هجري وميلادي للطباعة,,0,,0.00,0.00
تقويم 2019 هجري وميلادي مزين,,0,,0.00,0.00
تقويم 2019 هجري وميلادي وورد,,0,,0.00,0.00
تقويم 2020 الهجري,,0,,0.00,0.00
تقويم 2020 مع الهجري غير ملون,,0,,0.00,0.00
تقويم 2020 ميلادي هجري,,0,,0.00,0.00
تقويم 2020 ميلادي وهجري pdf,,0,,0.00,0.00
تقويم 2020 ميلادي وهجري خالد,,0,,0.00,0.00
تقويم 2020 هجري ميلادي,,0,,0.00,0.00
تقويم 2020 هجري وميلادي excel,,0,,0.00,0.00
تقويم 2020 هجري وميلادي pdf للتصميم,,0,,0.00,0.00
تقويم 2020 هجري وميلادي pdf وايام الاجازات في السعودية,,0,,0.00,0.00
تقويم 2020م مع الهجري غير ملون,,0,,0.00,0.00
تقويم 2021 هجري ميلادي,,0,,0.00,0.00
تقويم 39 ميلادي هجري,,0,,0.00,0.00
تقويم 39 هجري,,0,,0.00,0.00
تقويم 39 هجري ميلادي,,0,,0.00,0.00
تقويم 39 هجري ميلادي ابيض واسود,,0,,0.00,0.00
تقويم 8-9 هجري,,0,,0.00,0.00
تقويم أم القرى الهجري 1441,,0,,0.00,0.00
تقويم أم القرى الهجري مع الميلادي 1438,,0,,0.00,0.00
تقويم أم القرى ميلادي هجري,,0,,0.00,0.00
تقويم إجازات السنة الهجرية 1441,,0,,0.00,0.00
تقويم ابريل 2019 مع الهجري,,0,,0.00,0.00
تقويم اجنبي وهجري,,0,,0.00,0.00
تقويم اجنبي وهجري 2017,,0,,0.00,0.00
تقويم ارامكو 2017 ميلادي هجري,,0,,0.00,0.00
تقويم ارامكو 2019 ميلادي وهجري,,0,,0.00,0.00
تقويم ارامكو ميلادي هجري 2018,,0,,0.00,0.00
تقويم اسبوعي واضح هجري,,0,,0.00,0.00
تقويم اشهر السنة الهجرية كرتون,,0,,0.00,0.00
تقويم الأشهر الهجرية للفوتوشوب,,0,,0.00,0.00
تقويم الأعمال لرمضان ميلادي وهجري pdf,,0,,0.00,0.00
تقويم الابراج هجري,,0,,0.00,0.00
تقويم الابرج هجري,,0,,0.00,0.00
تقويم الاشهر الهجري,,0,,0.00,0.00
تقويم الاشهر الهجرية والميلادية,,0,,0.00,0.00
تقويم الاشهر ميلادي و هجري,,0,,0.00,0.00
تقويم الاشهر ميلادي و هجري 2019,,0,,0.00,0.00
تقويم التاريخ الهجري 1440,,0,,0.00,0.00
تقويم التاريخ الهجري لعام 1437,,0,,0.00,0.00
تقويم التحويل من هجري الى ميلادي,,0,,0.00,0.00
تقويم الجامعي هجري ميلادي,,0,,0.00,0.00
تقويم الحكومة الهجري,,0,,0.00,0.00
تقويم الحمل بالهجري,,0,,0.00,0.00
تقويم الدراسي 1438 هجري,,0,,0.00,0.00
تقويم الدراسي 1439 هجري,,0,,0.00,0.00
تقويم الدراسي 1441 هجري وميلادي,,0,,0.00,0.00
تقويم الدراسي السعودي 1440 بالهجري والميلادي,,0,,0.00,0.00
تقويم الدراسي الهجري 1438,,0,,0.00,0.00
تقويم الدراسي لعام ١٤٤١ الهجري,,0,,0.00,0.00
تقويم الدراسي لعام ١٤٤١ الهجري مع مربعات فارغة,,0,,0.00,0.00
تقويم الدراسي ميلادي وهجري ١٤٤٠,,0,,0.00,0.00
تقويم الدراسي ١٤٣٩ هجري وميلادي,,0,,0.00,0.00
تقويم الدراسي ١٤٤٠ هجري بدف,,0,,0.00,0.00
تقويم الدراسي ١٤٤٠ هجري مصصم للطباعه,,0,,0.00,0.00
تقويم الدراسي ١٤٤٠ هجري مصصم للطباعه مفرغ,,0,,0.00,0.00
تقويم الدراسي ١٤٤٠ هجري مصمم للطباعه مفرغ,,0,,0.00,0.00
تقويم الدراسي ١٤٤٠ هجري مفرغ,,0,,0.00,0.00
تقويم الدراسي ١٤٤٠ هجري ميلادي,,0,,0.00,0.00
تقويم الدراسي ١٤٤٠ هجري ميلادي pdf,,0,,0.00,0.00
تقويم الدراسي ١٤٤٠ هجري ميلادي pdf 2019,,0,,0.00,0.00
تقويم الدراسي ١٤٤٠ هجري ميلادي حيب,,0,,0.00,0.00
تقويم الدراسي ١٤٤٠ هجري ميلادي مزخرف,,0,,0.00,0.00
تقويم الدراسي ١٤٤٠ هجري وميلادي,,0,,0.00,0.00
تقويم الرفاعي الهجري,,0,,0.00,0.00
تقويم الرواتب بالهجري,,0,,0.00,0.00
تقويم السنة 2019 هجري ميلادي,,0,,0.00,0.00
تقويم السنة الدراسية 1438 هجري وميلادي,,0,,0.00,0.00
تقويم السنة الدراسية 1439 هجري وميلادي,,0,,0.00,0.00
تقويم السنة الهجرية 1432,,0,,0.00,0.00
تقويم السنة الهجرية 1438,,0,,0.00,0.00
تقويم السنة الهجرية 1438 أروى العمراني,,0,,0.00,0.00
تقويم السنة الهجرية 1438 خالد الرفاعي,,0,,0.00,0.00
تقويم السنة الهجرية 1438 للمملكة السعودية,,0,,0.00,0.00
تقويم السنة الهجرية 1439,,0,,0.00,0.00
تقويم السنة الهجرية 1440,,0,,0.00,0.00
تقويم السنة الهجرية 1440 والميلادية,,0,,0.00,0.00
تقويم السنة الهجرية 1440shikha,,0,,0.00,0.00
تقويم السنة الهجرية 1441,,0,,0.00,0.00
تقويم السنة الهجرية 1441هـ,,0,,0.00,0.00
تقويم السنة الهجرية الجديدة 1340,,0,,0.00,0.00
تقويم السنة الهجرية الجديدة 1440,,0,,0.00,0.00
تقويم السنة الهجرية الجديدة 1441,,0,,0.00,0.00
تقويم السنة الهجرية الجديدة1340,,0,,0.00,0.00
تقويم السنة بالهجري و الميلادي,,0,,0.00,0.00
تقويم السنه الهجرية 1439,,0,,0.00,0.00
تقويم السنه هجري كرتوني,,0,,0.00,0.00
تقويم السنوي 2019 هجري وميلادي,,0,,0.00,0.00
تقويم الشمسي الهجري,,0,,0.00,0.00
تقويم الشهر الحالي بالهجري,,0,,0.00,0.00
تقويم الشهر الهجري 1440,,0,,0.00,0.00
تقويم الشيعة الهجري,,0,,0.00,0.00
تقويم الصلاة الهجري,,0,,0.00,0.00
تقويم الصلاة للعام الهجري 1441 مدينة طبرجل,,0,,0.00,0.00
تقويم الصلاة للعام الهجري مدينة طبرجل,,0,,0.00,0.00
تقويم العام الدراسي الجديد ١٤٣٩ ١٤٤٠ هجري,,0,,0.00,0.00
تقويم العام الهجري 1441,,0,,0.00,0.00
تقويم العام هجري وميلادي,,0,,0.00,0.00
تقويم الفصل الدراسي 1441 هجري وميلادي للمهام,,0,,0.00,0.00
تقويم الفصل الدراسي الاول 1441 هجري وميلادي للمهام,,0,,0.00,0.00
تقويم الفصل الدراسي الثاني للعام الهجري 1438 1439,,0,,0.00,0.00
تقويم الفصل الدراسي الثاني هجري وميلادي,,0,,0.00,0.00
تقويم الفصل الدراسي الهجري قابل للتعديل,,0,,0.00,0.00
تقويم الفصل الدراسي الهجري ١٤٤٠ ١٤٤١,,0,,0.00,0.00
تقويم الفصل الدراسي الهجري ١٤٤٠ ١٤٤١ قابل للتعديل,,0,,0.00,0.00
تقويم المدارس الهجري,,0,,0.00,0.00
تقويم المكتبة الهجري,,0,,0.00,0.00
تقويم المناخ هجري وميلادي,,0,,0.00,0.00
تقويم الميلادي 2020 وهجري,,0,,0.00,0.00
تقويم الميلادي ب الهجري,,0,,0.00,0.00
تقويم الميلادي هجري,,0,,0.00,0.00
تقويم الميلادي و الهجري,,0,,0.00,0.00
تقويم الميلادي و الهجري بالاسابيع لعام 1441 pdf,,0,,0.00,0.00
تقويم النجف الهجري,,0,,0.00,0.00
تقويم الهجرة الشمسية,,0,,0.00,0.00
تقويم الهجري 11,,0,,0.00,0.00
تقويم الهجري 1408,,0,,0.00,0.00
تقويم الهجري 1427,,0,,0.00,0.00
تقويم الهجري 1438 الدراسي,,0,,0.00,0.00
تقويم الهجري 1439 1440 ارامكو,,0,,0.00,0.00
تقويم الهجري 1439 a6,,0,,0.00,0.00
تقويم الهجري 1439 excel,,0,,0.00,0.00
تقويم الهجري 1439 exel,,0,,0.00,0.00
تقويم الهجري 1439 png,,0,,0.00,0.00
تقويم الهجري 1439 الدراسي,,0,,0.00,0.00
تقويم الهجري 1439 خالد الرفاعي,,0,,0.00,0.00
تقويم الهجري 1439 ومواقيت الصلاة في الاحساء رمضان,,0,,0.00,0.00
تقويم الهجري 1440 1441,,0,,0.00,0.00
تقويم الهجري 1440 الرفاعي,,0,,0.00,0.00
تقويم الهجري 1440 ام القرى,,0,,0.00,0.00
تقويم الهجري 1440 و ملادي,,0,,0.00,0.00
تقويم الهجري 1440 وميلادي,,0,,0.00,0.00
تقويم الهجري 1440 وميلادي 2019,,0,,0.00,0.00
تقويم الهجري 1440والميلادي,,0,,0.00,0.00
تقويم الهجري 1441 pdf,,0,,0.00,0.00
تقويم الهجري 26 11,,0,,0.00,0.00
تقويم الهجري fhg g,,0,,0.00,0.00
تقويم الهجري ارقام فقط,,0,,0.00,0.00
تقويم الهجري الترم الثانى 2018,,0,,0.00,0.00
تقويم الهجري الحرمين 2019,,0,,0.00,0.00
تقويم الهجري السنوي سنة 1441,,0,,0.00,0.00
تقويم الهجري العام القادم,,0,,0.00,0.00
تقويم الهجري الفصل الثاني 1438,,0,,0.00,0.00
تقويم الهجري المكتبة,,0,,0.00,0.00
تقويم الهجري الميلادي 1438,,0,,0.00,0.00
تقويم الهجري الميلادي 1441,,0,,0.00,0.00
تقويم الهجري الميلادي 2020,,0,,0.00,0.00
تقويم الهجري اليوم 2018,,0,,0.00,0.00
تقويم الهجري اليوم في المغرب,,0,,0.00,0.00
تقويم الهجري اليوم في عمان,,0,,0.00,0.00
تقويم الهجري اليوم كم,,0,,0.00,0.00
تقويم الهجري ام القرى 1438,,0,,0.00,0.00
تقويم الهجري ام القرى 1438 planner,,0,,0.00,0.00
تقويم الهجري ام القرى 1438 plsnner,,0,,0.00,0.00
تقويم الهجري ام القرى ١٤٤١,,0,,0.00,0.00
تقويم الهجري اوالميلادي الجديد,,0,,0.00,0.00
تقويم الهجري اوالميلادي الجديد لسنة 2019,,0,,0.00,0.00
تقويم الهجري بالاكسل,,0,,0.00,0.00
تقويم الهجري بالحكم وااحاديث,,0,,0.00,0.00
تقويم الهجري بالحكم والاحاديث,,0,,0.00,0.00
تقويم الهجري بالدراسة,,0,,0.00,0.00
تقويم الهجري بالطول,,0,,0.00,0.00
تقويم الهجري بالعرض,,0,,0.00,0.00
تقويم الهجري بالميلادي,,0,,0.00,0.00
تقويم الهجري تحميل,,0,,0.00,0.00
تقويم الهجري تحويل,,0,,0.00,0.00
تقويم الهجري ساعة الفجر,,0,,0.00,0.00
تقويم الهجري سنوي حائط,,0,,0.00,0.00
تقويم الهجري شهر 7و8,,0,,0.00,0.00
تقويم الهجري صور,,0,,0.00,0.00
تقويم الهجري صورة,,0,,0.00,0.00
تقويم الهجري عام 1439,,0,,0.00,0.00
تقويم الهجري فاخر 2018,,0,,0.00,0.00
تقويم الهجري ل1440,,0,,0.00,0.00
تقويم الهجري لسنة1441,,0,,0.00,0.00
تقويم الهجري لعام 1435 و 1436,,0,,0.00,0.00
تقويم الهجري لعام 1983,,0,,0.00,0.00
تقويم الهجري للجيب,,0,,0.00,0.00
تقويم الهجري للطباعة,,0,,0.00,0.00
تقويم الهجري للعام القادم,,0,,0.00,0.00
تقويم الهجري للميلادي,,0,,0.00,0.00
تقويم الهجري لمواقيت الصلاة في الاحساء,,0,,0.00,0.00
تقويم الهجري لميلادي,,0,,0.00,0.00
تقويم الهجري مع الميلادي 1439,,0,,0.00,0.00
تقويم الهجري ميلادي ٢٠١٨,,0,,0.00,0.00
تقويم الهجري والميلادي 1438,,0,,0.00,0.00
تقويم الهجري والميلادي 1439,,0,,0.00,0.00
تقويم الهجري والميلادي 1440,,0,,0.00,0.00
تقويم الهجري والميلادي 1441,,0,,0.00,0.00
تقويم الهجري والميلادي 2015,,0,,0.00,0.00
تقويم الهجري والميلادي 2016,,0,,0.00,0.33
تقويم الهجري والميلادي 2017,,0,,0.00,0.00
تقويم الهجري والميلادي 2018,,0,,0.00,0.00
تقويم الهجري والميلادي 2020,,0,,0.00,0.00
تقويم الهجري والميلادي 2020 2019,,0,,0.00,0.00
تقويم الهجري والميلادي اليوم,,0,,0.00,0.00
تقويم الهجري والميلادي فبراير,,0,,0.00,0.00
تقويم الهجري والميلادي لسنة 1438 2017,,0,,0.00,0.00
تقويم الهجري والميلادي لسنه 1434,,0,,0.00,0.00
تقويم الهجري والميلادي لسنه 2012,,0,,0.00,0.00
تقويم الهجري والميلادي لسنه 2013,,0,,0.00,0.00
تقويم الهجري والميلادي لسنه 2018,,0,,0.00,0.00
تقويم الهجري والميلادي لعام 1437,,0,,0.00,0.00
تقويم الهجري والميلادي لعام 2018,,0,,0.00,0.00
تقويم الهجري والميلادي لعام 2019,,0,,0.00,0.00
تقويم الهجري والميلادي لعام ١٤٤٠,,0,,0.00,0.00
تقويم الهجري والميلادي ١٤٣٩,,0,,0.00,0.00
تقويم الهجري والميلادي ٢٠١٨,,0,,0.00,0.00
تقويم الهجري والميلادي ٢٠٢٠,,0,,0.00,0.00
تقويم الهجري والميلادي1439,,0,,0.00,0.00
تقويم الهجري والميلادي1440 2018,,0,,0.00,0.00
تقويم الهجري والميلادي2018,,0,,0.00,0.00
تقويم الهجري ومواقيت الصلاة في الاحساء,,0,,0.00,0.00
تقويم الهجري وميلادي ١٤٤٠,,0,,0.00,0.00
تقويم الهجري يوجد بيه اعضاء,,0,,0.00,0.00
تقويم الهجري ١٤٣٨ اليوم,,0,,0.00,0.00
تقويم الهجري ١٤٣٨مع اوقات الصلاه في الباحه,,0,,0.00,0.00
تقويم الهجري ١٤٤٠ خالد الرفاعي,,0,,0.00,0.00
تقويم الهجري ١٤٤٠ للرفاعي,,0,,0.00,0.00
تقويم اليوم بالسعودية هجري,,0,,0.00,0.00
تقويم اليوم هجري 1440,,0,,0.00,0.00
تقويم اليوم ٢٠ ابريل بالهجري,,0,,0.00,0.00
تقويم ام القرى 1435 هجري وميلادي,,0,,0.00,0.00
تقويم ام القرى 1436 هجري وميلادي,,0,,0.00,0.00
تقويم ام القرى 1438 هجري,,0,,0.00,0.00
تقويم ام القرى 1438 هجري وميلادي,,0,,0.00,0.00
تقويم ام القرى 1440 هجري وميلادي,,0,,0.00,0.00
تقويم ام القرى 1441 التقويم الهجري شهر صفر ١٤٤١,,0,,0.00,0.00
تقويم ام القرى 1441التقويم الهجري شهر صفر ١٤٤١,,0,,0.00,0.00
تقويم ام القرى التقويم الهجري,,0,,0.00,0.00
تقويم ام القرى الهجري 1436,,0,,0.00,0.00
تقويم ام القرى الهجري 1439,,0,,0.00,0.00
تقويم ام القرى الهجري 1439 pdf,,0,,0.00,0.00
تقويم ام القرى الهجري 1440,,0,,0.00,0.00
تقويم ام القرى الهجري 1440 pdf,,0,,0.00,0.00
تقويم ام القرى الهجري لعام 1437,,0,,0.00,0.00
تقويم ام القرى الهجري لعام ١٤٣٧,,0,,0.00,0.00
تقويم ام القرى الهجري والميلادي 1435,,0,,0.00,0.00
تقويم ام القرى الهجري ١٤٣٧,,0,,0.00,0.00
تقويم ام القرى الهجري ١٤٣٩,,0,,0.00,0.00
تقويم ام القرى الهجري ١٤٤٠,,0,,0.00,0.00
تقويم ام القرى تحويل من هجري الى ميلادي,,0,,0.00,0.00
تقويم ام القرى لعام 1437 هجري,,0,,0.00,0.00
تقويم ام القرى ميلادي هجري 1438,,0,,0.00,0.00
تقويم ام القرى هجري ميلادي 1437,,0,,0.00,0.00
تقويم ام القرى والتقويم الهجري,,0,,0.00,0.00
تقويم بارفيلد الهجري,,0,,0.00,0.00
تقويم بالميلادي و الهجري بالاسابيع لعام 1441,,0,,0.00,0.00
تقويم بالميلادي و الهجري بالاسابيع لعام 1441 pdf,,0,,0.00,0.00
تقويم بالهجري عام1428,,0,,0.00,0.00
تقويم بالهجري و الميلادي,,0,,0.00,0.00
تقويم بصري للشهور الهجرية,,0,,0.00,0.00
تقويم ةعام 32 هجري,,0,,0.00,0.00
تقويم تاريخ الهجري لشهر ذي القعدة لعام 1440,,0,,0.00,0.00
تقويم تاريخ اليوم هجري وميلادي,,0,,0.00,0.00
تقويم تاريخ هجري jif,,0,,0.00,0.00
تقويم تاريخ هجري متحرك,,0,,0.00,0.00
تقويم جداري هجري 1440هـ,,0,,0.00,0.00
تقويم جوجل هجري,,0,,0.00,0.00
تقويم حائط هجري,,0,,0.00,0.00
تقويم حائطي بالشهور الهجرية 1440هـ,,0,,0.00,0.00
تقويم حائطي هجري 1440هـ,,0,,0.00,0.00
تقويم دراسي للطباعة هجري 1438,,0,,0.00,0.00
تقويم دراسي هجري,,0,,0.00,0.00
تقويم دراسي هجري 1438,,0,,0.00,0.00
تقويم دراسي هجري 1438 pdf,,0,,0.00,0.00
تقويم دراسي هجري لمى,,0,,0.00,0.00
تقويم دراسي هجري ميلادي,,0,,0.00,0.00
تقويم دراسي هجري وميلادي 2016,,0,,0.00,0.00
تقويم رمضان 2018 هجري وميلادي,,0,,0.00,0.00
تقويم رمضان هجري و ميلادي,,0,,0.00,0.00
تقويم زواج هجري,,0,,0.00,0.00
تقويم زواج هجري للتصميم,,0,,0.00,0.00
تقويم سال 1361 هجري شمسي,,0,,0.00,0.00
تقويم سبتمبر 2017 هجري وميلادي,,0,,0.00,0.00
تقويم سنة 1402 هجري,,0,,0.00,0.00
تقويم سنة 1436 هجري,,0,,0.00,0.00
تقويم سنة 1437 هجري,,0,,0.00,0.00
تقويم سنة 1438 الهجري,,0,,0.00,0.00
تقويم سنة 1440 هجري,,0,,0.00,0.00
تقويم سنة 1440 هجري 1441,,0,,0.00,0.00
تقويم سنة 1440 هجرية,,0,,0.00,0.00
تقويم سنة 2016 هجري وميلادي,,0,,0.00,0.00
تقويم سنة 2017 هجري وميلادي,,0,,0.00,0.00
تقويم سنة 2018 مقابل الهجري,,0,,0.00,0.00
تقويم سنة 2018 هجري,,0,,0.00,0.00
تقويم سنة 2018 هجري وميلادي,,0,,0.00,0.00
تقويم سنة 2020 هجري وميلادي,,0,,0.00,0.00
تقويم سنه 1441 هجري,,0,,0.00,0.00
تقويم سنه 1996 كم هجري,,0,,0.00,0.00
تقويم سنوي هجري تويتر,,0,,0.00,0.00
تقويم سنوي هجري ميلادي 2018,,0,,0.00,0.00
تقويم سنوي هجري ميلادي 2020,,0,,0.00,0.00
تقويم سنوي هجري و ميلادي 1441 تويتر,,0,,0.00,0.00
تقويم سنوي هجري و ميلادي تويتر,,0,,0.00,0.00
تقويم شهر 6 هجري المدارس,,0,,0.00,0.00
تقويم شهر 8 عربي هجري 2019,,0,,0.00,0.00
تقويم شهر جماد الاخر هجري,,0,,0.00,0.00
تقويم شهر جمادى الاخر هجري,,0,,0.00,0.00
تقويم شهر رمضان هجري ميلادي 2109,,0,,0.00,0.00
تقويم شهر مايو 2019 مع هجري,,0,,0.00,0.00
تقويم شهر ٣ يوم ١٥ هجري,,0,,0.00,0.00
تقويم شهر12 1439 الهجري,,0,,0.00,0.00
تقويم شهر7و6 هجري,,0,,0.00,0.00
تقويم شهري 2018 هجري وميلادي,,0,,0.00,0.00
تقويم شهري اشهر عشرة هجري,,0,,0.00,0.00
تقويم شهري اشهر عشرة هجري 30 يوم,,0,,0.00,0.00
تقويم شهري للعمال هجري,,0,,0.00,0.00
تقويم شهري هجري 1439,,0,,0.00,0.00
تقويم شهري هجري 1440مع ميلادي,,0,,0.00,0.00
تقويم شهري هجري مع ميلادي,,0,,0.00,0.00
تقويم شهري هجري ميلادي,,0,,0.00,0.00
تقويم شهري هجري ميلادي اكسل,,0,,0.00,0.00
تقويم شهري هجري ميلادي تحميل,,0,,0.00,0.00
تقويم شهري هجري وميلادي,,0,,0.00,0.00
تقويم شهري هجري وميلادي 2019,,0,,0.00,0.00
تقويم طباعة هجري,,0,,0.00,0.00
تقويم عام 1392 هجرية,,0,,0.00,0.00
تقويم عام 1435 هجري,,0,,0.00,0.00
تقويم عام 1435 هجري وميلادي,,0,,0.00,0.00
تقويم عام 1436 هجري,,0,,0.00,0.00
تقويم عام 1436 هجري وميلادي,,0,,0.00,0.00
تقويم عام 1437 هجري,,0,,0.00,0.00
تقويم عام 1437 هجري للزواج,,0,,0.00,0.00
تقويم عام 1438 هجري,,0,,0.00,0.00
تقويم عام 1439 هجري,,0,,0.00,0.00
تقويم عام 1439 هجري وميلادي 2018,,0,,0.00,0.00
تقويم عام 1440 بالهجري والميلادي,,0,,0.00,0.00
تقويم عام 1440 هجري,,0,,0.00,0.00
تقويم عام 2013 الهجري الى ميلادي,,0,,0.00,0.00
تقويم عام 2014 الهجري الى ميلادي,,0,,0.00,0.00
تقويم عام 2015 ميلادي وهجري,,0,,0.00,0.00
تقويم عام 2016 هجري وميلادي,,0,,0.00,0.00
تقويم عام 2017 ميلادي وهجري,,0,,0.00,0.00
تقويم عام 2017 هجري وميلادي,,0,,0.00,0.00
تقويم عام 2018 ميلادي وهجري,,0,,0.00,0.00
تقويم عام 2019 ميلادي وهجري,,0,,0.00,0.00
تقويم عام 2019 هجري وميلادي,,0,,0.00,0.00
تقويم عام ١٤٣٦ هجري وميلادي,,0,,0.00,0.00
تقويم عام ١٤٣٧ هجري وميلادي,,0,,0.00,0.00
تقويم عام ١٤٣٨ هجري,,0,,0.00,0.00
تقويم عام ١٤٤٠ الهجري,,0,,0.00,0.00
تقويم عربي هجري 2018,,0,,0.00,0.00
تقويم عربي هجري 2019,,0,,0.00,0.00
تقويم عربي وهجري,,0,,0.00,0.00
تقويم قوقل الهجري,,0,,0.00,0.00
تقويم ل سنه هجريه 1440,,0,,0.00,0.00
تقويم لعام 1439 هجري وميلادي,,0,,0.00,0.00
تقويم للثيمات هجري,,0,,0.00,0.00
تقويم مايو 2019 مع هجري,,0,,0.00,0.00
تقويم مدينة الطائف هجري,,0,,0.00,0.00
تقويم مزدوج هجري وميلادي,,0,,0.00,0.00
تقويم مشترك هجري وميلادي,,0,,0.00,0.00
تقويم مصر الهجري,,0,,0.00,0.00
تقويم من الميلادي الى الهجري,,0,,0.00,0.00
تقويم ميلادب وهجري,,0,,0.00,0.00
تقويم ميلادى هجرة 2019,,0,,0.00,0.00
تقويم ميلادى هجري 2018,,0,,0.00,0.00
تقويم ميلادى هجري 2018-1439,,0,,0.00,0.00
تقويم ميلادي هجري 1439,,0,,0.00,0.00
تقويم ميلادي هجري 1440,,0,,0.00,0.00
تقويم ميلادي هجري 1441,,0,,0.00,0.00
تقويم ميلادي هجري 2000 2001,,0,,0.00,0.00
تقويم ميلادي هجري 2014 pdf,,0,,0.00,0.00
تقويم ميلادي هجري 2015,,0,,0.00,0.00
تقويم ميلادي هجري 2015 pdf,,0,,0.00,0.00
تقويم ميلادي هجري 2016,,0,,0.00,0.00
تقويم ميلادي هجري 2016 pdf,,0,,0.00,0.00
تقويم ميلادي هجري 2017,,0,,0.00,0.00
تقويم ميلادي هجري 2017 انا ايجابي,,0,,0.00,0.00
تقويم ميلادي هجري 2017 مربعات,,0,,0.00,0.00
تقويم ميلادي هجري 2018,,0,,0.00,0.00
تقويم ميلادي هجري 2018 pdf,,0,,0.00,0.00
تقويم ميلادي هجري 2019,,0,,0.00,0.00
تقويم ميلادي هجري 2019 pdf,,0,,0.00,0.00
تقويم ميلادي هجري 2019 انجليزى,,0,,0.00,0.00
تقويم ميلادي هجري 2019 انجليزى صور واضحه,,0,,0.00,0.00
تقويم ميلادي هجري 2019-2020,,0,,0.00,0.00
تقويم ميلادي هجري 2020,,0,,0.00,0.00
تقويم ميلادي هجري 2020 1441,,0,,0.00,0.00
تقويم ميلادي هجري 2020 pdf,,0,,0.00,0.00
تقويم ميلادي هجري 2020 للطباعة,,0,,0.00,0.00
تقويم ميلادي هجري تحويل,,0,,0.00,0.00
تقويم ميلادي هجري شهر ربيع اول 1440,,0,,0.00,0.00
تقويم ميلادي هجري شهرية,,0,,0.00,0.00
تقويم ميلادي هجري للطباعة,,0,,0.00,0.00
تقويم ميلادي هجري ١٤٣٩,,0,,0.00,0.00
تقويم ميلادي هجري ١٤٤٠,,0,,0.00,0.00
تقويم ميلادي هجري ١٤٤١,,0,,0.00,0.00
تقويم ميلادي هجري ٢٠١٦,,0,,0.00,0.00
تقويم ميلادي هجري ٢٠١٨,,0,,0.00,0.00
تقويم ميلادي هجري ٢٠١٩,,0,,0.00,0.00
تقويم ميلادي هجري ٢٠٢٠,,0,,0.00,0.00
تقويم ميلادي و هجري مدى الحياة يعمل على الأكسل,,0,,0.00,0.00
تقويم ميلادي وهجري 1438,,0,,0.00,0.00
تقويم ميلادي وهجري 1439,,0,,0.00,0.00
تقويم ميلادي وهجري 1440,,0,,0.00,0.00
تقويم ميلادي وهجري 1441,,0,,0.00,0.00
تقويم ميلادي وهجري 2013,,0,,0.00,0.00
تقويم ميلادي وهجري 2014,,0,,0.00,0.00
تقويم ميلادي وهجري 2016,,0,,0.00,0.00
تقويم ميلادي وهجري 2018 2019,,0,,0.00,0.00
تقويم ميلادي وهجري 2018 doc,,0,,0.00,0.00
تقويم ميلادي وهجري 2019,,0,,0.00,0.00
تقويم ميلادي وهجري 2019 اسبوعيا,,0,,0.00,0.00
تقويم ميلادي وهجري 2019 مايو,,0,,0.00,0.00
تقويم ميلادي وهجري 2020,,0,,0.00,0.00
تقويم ميلادي وهجري infographic word,,0,,0.00,0.00
تقويم ميلادي وهجري infographic word 1440,,0,,0.00,0.00
تقويم ميلادي وهجري word,,0,,0.00,0.00
تقويم ميلادي وهجري لتدوين الملاحظات,,0,,0.00,0.00
تقويم ميلادي وهجري لسطح المكتب,,0,,0.00,0.00
تقويم ميلادي وهجري لعام 1436,,0,,0.00,0.00
تقويم ميلادي وهجري للطباعه,,0,,0.00,0.00
تقويم ميلادي وهجري ١٤٣٧,,0,,0.00,0.00
تقويم ميلادي وهجري ١٤٣٩,,0,,0.00,0.00
تقويم ميلادي وهجري ١٤٤٠,,0,,0.00,0.00
تقويم ميلادي وهجري ٢٠١٧,,0,,0.00,0.00
تقويم ميلادي وهجري ٢٠١٨,,0,,0.00,0.00
تقويم هجر 1441 هـ النسخة الرقمية pdf,,0,,0.00,0.00
تقويم هجر جمعية تحفيظ القرآن الكريم بمحافظة الأحساء لعام 1440,,0,,0.00,0.00
تقويم هجر للمهام,,0,,0.00,0.00
تقويم هجري 1346,,0,,0.00,0.00
تقويم هجري 1401,,0,,0.00,0.00
تقويم هجري 1404,,0,,0.00,0.00
تقويم هجري 1425,,0,,0.00,0.00
تقويم هجري 1426,,0,,0.00,0.00
تقويم هجري 1426 مع تثويم ميلادي,,0,,0.00,0.00
تقويم هجري 1426 مع تقويم ميلادي,,0,,0.00,0.00
تقويم هجري 1434,,0,,0.00,0.00
تقويم هجري 1435,,0,,0.00,0.00
تقويم هجري 1435 ميلادي 2014,,0,,0.00,0.00
تقويم هجري 1437هـ,,0,,0.00,0.00
تقويم هجري 1438 doc,,0,,0.00,0.00
تقويم هجري 1438 pdf,,0,,0.00,0.00
تقويم هجري 1438 اسود ابيض,,0,,0.00,0.00
تقويم هجري 1438 الحج,,0,,0.00,0.00
تقويم هجري 1438 ام القرى,,0,,0.00,0.00
تقويم هجري 1438 كامل للكمبيوتر,,0,,0.00,0.00
تقويم هجري 1438 وردي,,0,,0.00,0.00
تقويم هجري 1438ام القرى,,0,,0.00,0.00
تقويم هجري 1439 1438,,0,,0.00,0.00
تقويم هجري 1439 png,,0,,0.00,0.00
تقويم هجري 1439 png تحميل,,0,,0.00,0.00
تقويم هجري 1439 الزعاق,,0,,0.00,0.00
تقويم هجري 1439 تصميم,,0,,0.00,0.00
تقويم هجري 1439 شوال,,0,,0.00,0.00
تقويم هجري 1439 للتصميم,,0,,0.00,0.00
تقويم هجري 1439 للطباعة,,0,,0.00,0.00
تقويم هجري 1439 وميلادي,,0,,0.00,0.00
تقويم هجري 1440 أم القرآ,,0,,0.00,0.00
تقويم هجري 1440 أم القرى,,0,,0.00,0.00
تقويم هجري 1440 رمضان,,0,,0.00,0.00
تقويم هجري 1440 شهر 11,,0,,0.00,0.00
تقويم هجري 1440 للتنظيم,,0,,0.00,0.00
تقويم هجري 1440 للتنظيم للفصل الثاني,,0,,0.00,0.00
تقويم هجري 1440 وللميلادي 2019,,0,,0.00,0.00
تقويم هجري 1440 وميلادي 2019,,0,,0.00,0.00
تقويم هجري 1440-1441,,0,,0.00,0.00
تقويم هجري 1440تويتر,,0,,0.00,0.00
تقويم هجري 1440هـ,,0,,0.00,0.00
تقويم هجري 1441 pdf,,0,,0.00,0.00
تقويم هجري 1441 ابيض واسود,,0,,0.00,0.00
تقويم هجري 1441 بناتي,,0,,0.00,0.00
تقويم هجري 1441 دراسة,,0,,0.00,0.00
تقويم هجري 1441 للطباعة,,0,,0.00,0.00
تقويم هجري 1441 مهام,,0,,0.00,0.00
تقويم هجري 1441 وميلادي,,0,,0.00,0.00
تقويم هجري 1441pdf,,0,,0.00,0.00
تقويم هجري 1442 محرم,,0,,0.00,0.00
تقويم هجري 1487,,0,,0.00,0.00
تقويم هجري 2017,,0,,0.00,0.00
تقويم هجري 2018,,0,,0.00,0.00
تقويم هجري 2019,,0,,0.00,0.00
تقويم هجري 29,,0,,0.00,0.00
تقويم هجري 29 12 1440,,0,,0.00,0.00
تقويم هجري 38,,0,,0.00,0.00
تقويم هجري 9,,0,,0.00,0.00
تقويم هجري 9 من ذي الحجة,,0,,0.00,0.00
تقويم هجري doc,,0,,0.00,0.00
تقويم هجري doc لعام 1439,,0,,0.00,0.00
تقويم هجري doc لعام 1439 أم القرى,,0,,0.00,0.00
تقويم هجري dox,,0,,0.00,0.00
تقويم هجري dxo,,0,,0.00,0.00
تقويم هجري ld v s tj,,0,,0.00,0.00
تقويم هجري pds للتصاميم,,0,,0.00,0.00
تقويم هجري png,,0,,0.00,0.00
تقويم هجري png لشهر,,0,,0.00,0.00
تقويم هجري png لشهر شوال 1439,,0,,0.00,0.00
تقويم هجري png للتصاميم,,0,,0.00,0.00
تقويم هجري psd للتصميم,,0,,0.00,0.00
تقويم هجري word template,,0,,0.00,0.00
تقويم هجري أستاذ,,0,,0.00,0.00
تقويم هجري أم القرى,,0,,0.00,0.00
تقويم هجري إلى ميلادي,,0,,0.00,0.00
تقويم هجري افرنجي ٢٠١٩,,0,,0.00,0.00
تقويم هجري اكتروني ريال,,0,,0.00,0.00
تقويم هجري الحرس الوطني,,0,,0.00,0.00
تقويم هجري الرفاعي,,0,,0.00,0.00
تقويم هجري الفصل الثاني,,0,,0.00,0.00
تقويم هجري الفصل الدراسي الاول 1441,,0,,0.00,0.00
تقويم هجري الفصل الدراسي الثاني 1440,,0,,0.00,0.00
تقويم هجري الفصل الدراسي الثاني 1440 للمدرسه,,0,,0.00,0.00
تقويم هجري الكتروني,,0,,0.00,0.00
تقويم هجري الكتروني ريال,,0,,0.00,0.00
تقويم هجري اليوم 1439,,0,,0.00,0.00
تقويم هجري اليوم 4 رمضان 1439,,0,,0.00,0.00
تقويم هجري اليوم تركيا,,0,,0.00,0.00
تقويم هجري بالميلادي,,0,,0.00,0.00
تقويم هجري برنامج 1439,,0,,0.00,0.00
تقويم هجري برنامج تحميل 1439,,0,,0.00,0.00
تقويم هجري برنامج تحميل1439,,0,,0.00,0.00
تقويم هجري برنامج1439,,0,,0.00,0.00
تقويم هجري بسيط,,0,,0.00,0.00
تقويم هجري به ميلادي,,0,,0.00,0.00
تقويم هجري تحويل,,0,,0.00,0.00
تقويم هجري تخرج,,0,,0.00,0.00
تقويم هجري تقسيمات الاسبوع,,0,,0.00,0.00
تقويم هجري تمبلر,,0,,0.00,0.00
تقويم هجري تويتر,,0,,0.00,0.00
تقويم هجري جاهز للتصميم,,0,,0.00,0.00
تقويم هجري جداول hd,,0,,0.00,0.00
تقويم هجري جداول l hud,,0,,0.00,0.00
تقويم هجري جداول مواعيد,,0,,0.00,0.00
تقويم هجري جدول,,0,,0.00,0.00
تقويم هجري جدول a3,,0,,0.00,0.00
تقويم هجري جدول hd,,0,,0.00,0.00
تقويم هجري جميل,,0,,0.00,0.00
تقويم هجري جوجل,,0,,0.00,0.00
تقويم هجري خلفية شفافة,,0,,0.00,0.00
تقويم هجري خلفية شفافيه,,0,,0.00,0.00
تقويم هجري دراسة 1436,,0,,0.00,0.00
تقويم هجري دراسي 1435-1436,,0,,0.00,0.00
تقويم هجري دراسي 1436,,0,,0.00,0.00
تقويم هجري دراسي للفصل الثاني,,0,,0.00,0.00
تقويم هجري دون,,0,,0.00,0.00
تقويم هجري رمضان 2018 الرياض,,0,,0.00,0.00
تقويم هجري سكرابز,,0,,0.00,0.00
تقويم هجري سلك,,0,,0.00,0.00
تقويم هجري سنة 1419,,0,,0.00,0.00
تقويم هجري سنة 1437,,0,,0.00,0.00
تقويم هجري سنة 1439,,0,,0.00,0.00
تقويم هجري سنة 2018-2019,,0,,0.00,0.00
تقويم هجري سنة 2019-2020,,0,,0.00,0.00
تقويم هجري سنه ١٤٣٦,,0,,0.00,0.00
تقويم هجري شاشة القفل,,0,,0.00,0.00
تقويم هجري شاشة القفل اندرويد,,0,,0.00,0.00
تقويم هجري شاشة القفل للاندرويد,,0,,0.00,0.00
تقويم هجري شعبان 1438,,0,,0.00,0.00
تقويم هجري شعبان png,,0,,0.00,0.00
تقويم هجري شمسي 1438,,0,,0.00,0.00
تقويم هجري شمسي الرواتب,,0,,0.00,0.00
تقويم هجري شمسي ميلادي,,0,,0.00,0.32
تقويم هجري شمسي ١٣٩٥,,0,,0.00,0.00
تقويم هجري شمسي ١٤٣٨,,0,,0.00,0.00
تقويم هجري شهر جمادى الأول,,0,,0.00,0.00
تقويم هجري شهر ربيع أول,,0,,0.00,0.00
تقويم هجري شهر شعبان 1438,,0,,0.00,0.00
تقويم هجري شهر شوال 1440,,0,,0.00,0.00
تقويم هجري شوال 1440,,0,,0.00,0.00
تقويم هجري صور متحركه,,0,,0.00,0.00
تقويم هجري صيغة word,,0,,0.00,0.00
تقويم هجري طباعة خددية,,0,,0.00,0.00
تقويم هجري عام 1440,,0,,0.00,0.00
تقويم هجري عام كامل,,0,,0.00,0.00
تقويم هجري عام ١٣٨٣,,0,,0.00,0.00
تقويم هجري عصري,,0,,0.00,0.00
تقويم هجري على الجوال,,0,,0.00,0.00
تقويم هجري على سطح المكتب,,0,,0.00,0.00
تقويم هجري على شاشة القفل للاندرويد,,0,,0.00,0.00
تقويم هجري على شكل هدية,,0,,0.00,0.00
تقويم هجري عن عام 1417,,0,,0.00,0.00
تقويم هجري فارغ,,0,,0.00,0.00
تقويم هجري فتوشوب,,0,,0.00,0.00
تقويم هجري فرنجي ٢٠١٩,,0,,0.00,0.00
تقويم هجري فوتوشوب,,0,,0.00,0.00
تقويم هجري قابل للتعديل,,0,,0.00,0.00
تقويم هجري قووقل,,0,,0.00,0.00
تقويم هجري كاريكتر,,0,,0.00,0.00
تقويم هجري كيوت,,0,,0.00,0.00
تقويم هجري لافرنجي,,0,,0.00,0.00
تقويم هجري لافرنجي تحويل,,0,,0.00,0.00
تقويم هجري لسطح المكتب ويندز xp,,0,,0.00,0.00
تقويم هجري لسطح المكتب ويندوز 7,,0,,0.00,0.00
تقويم هجري لسطح المكتب ويندوز xp,,0,,0.00,0.00
تقويم هجري لسنة 39,,0,,0.00,0.00
تقويم هجري لشهر شعبان,,0,,0.00,0.00
تقويم هجري لشهر شعبان بدون خلفيه,,0,,0.00,0.00
تقويم هجري لعام 1436,,0,,0.00,0.00
تقويم هجري لعام 1436 بالاحاديث,,0,,0.00,0.00
تقويم هجري لعام 1437 بالاحاديث,,0,,0.00,0.00
تقويم هجري لعام 1440,,0,,0.00,0.00
تقويم هجري لعام 1441,,0,,0.00,0.00
تقويم هجري للأندرويد,,0,,0.00,0.00
تقويم هجري للأندرويد site www.adslgate.com,,0,,0.00,0.00
تقويم هجري للاعياد,,0,,0.00,0.00
تقويم هجري للاهداف,,0,,0.00,0.00
تقويم هجري للتصميم 1438,,0,,0.00,0.00
تقويم هجري للتصميم 2017,,0,,0.00,0.00
تقويم هجري للتصميم 2019,,0,,0.00,0.00
تقويم هجري للطباعة,,0,,0.00,0.00
تقويم هجري للعيد,,0,,0.00,0.00
تقويم هجري للفصل الدراسي الثاني1440,,0,,0.00,0.00
تقويم هجري للكتابه,,0,,0.00,0.00
تقويم هجري للكمبيوتر,,0,,0.00,0.00
تقويم هجري للمكتب,,0,,0.00,0.00
تقويم هجري للمونتاج 2019,,0,,0.00,0.00
تقويم هجري للمونتاج 2019 سكرايز,,0,,0.00,0.00
تقويم هجري للميلادي,,0,,0.00,0.00
تقويم هجري لهذا الشهر,,0,,0.00,0.00
تقويم هجري لهذا اليوم,,0,,0.00,0.00
تقويم هجري مايكروسوفت,,0,,0.00,0.00
تقويم هجري متميز,,0,,0.00,0.00
تقويم هجري مرلادي,,0,,0.00,0.00
تقويم هجري مسجد,,0,,0.00,0.00
تقويم هجري مسجد ميقوع,,0,,0.00,0.00
تقويم هجري مسلادي,,0,,0.00,0.00
تقويم هجري مطبوع,,0,,0.00,0.00
تقويم هجري مع ا,,0,,0.00,0.00
تقويم هجري مع المواعيد,,0,,0.00,0.00
تقويم هجري مع اوقات الفصول و الرواتب,,0,,0.00,0.00
تقويم هجري مع ملاحظات 1441,,0,,0.00,0.00
تقويم هجري مع ملاحظات 1441-2020,,0,,0.00,0.00
تقويم هجري مع ملاحظات 2020,,0,,0.00,0.00
تقويم هجري مفتوح,,0,,0.00,0.00
تقويم هجري مفرغ,,0,,0.00,0.00
تقويم هجري مقابل ميلادي,,0,,0.00,0.00
تقويم هجري مكه,,0,,0.00,0.00
تقويم هجري ملف png,,0,,0.00,0.00
تقويم هجري مهام,,0,,0.00,0.00
تقويم هجري موضح به أهم النشطة في المملكة,,0,,0.00,0.00
تقويم هجري موضح به رسل السلام,,0,,0.00,0.00
تقويم هجري موضح بها أهم الأنشطة الطلابية في المملكة,,0,,0.00,0.00
تقويم هجري موضح بها أهم الأنشطة في المملكة,,0,,0.00,0.00
تقويم هجري موميلادي,,0,,0.00,0.00
تقويم هجري ميكروسوفت,,0,,0.00,0.00
تقويم هجري ميلاد,,0,,0.00,0.00
تقويم هجري ميلادجي,,0,,0.00,0.00
تقويم هجري ميلادي 1435,,0,,0.00,0.00
تقويم هجري ميلادي 1437,,0,,0.00,0.00
تقويم هجري ميلادي 1437 pdf,,0,,0.00,0.00
تقويم هجري ميلادي 1438,,0,,0.00,0.00
تقويم هجري ميلادي 1439 2018,,0,,0.00,0.00
تقويم هجري ميلادي 1439 خالد الرفاعي,,0,,0.00,0.00
تقويم هجري ميلادي 1440 2019,,0,,0.00,0.00
تقويم هجري ميلادي 1440 pdf,,0,,0.00,0.00
تقويم هجري ميلادي 1440 فاضي,,0,,0.00,0.00
تقويم هجري ميلادي 1441,,0,,0.00,0.00
تقويم هجري ميلادي 1441 pdf,,0,,0.00,0.00
تقويم هجري ميلادي 1441.2020,,0,,0.00,0.00
تقويم هجري ميلادي 15 رجب 1990,,0,,0.00,0.00
تقويم هجري ميلادي 1981,,0,,0.00,0.00
تقويم هجري ميلادي 1990,,0,,0.00,0.00
تقويم هجري ميلادي 2001,,0,,0.00,0.00
تقويم هجري ميلادي 2013,,0,,0.00,0.33
تقويم هجري ميلادي 2014,,0,,0.00,0.00
تقويم هجري ميلادي 2015,,0,,0.00,0.00
تقويم هجري ميلادي 2015 pdf,,0,,0.00,0.00
تقويم هجري ميلادي 2016,,0,,0.00,0.00
تقويم هجري ميلادي 2016 pdf,,0,,0.00,0.00
تقويم هجري ميلادي 2017,,0,,0.00,0.00
تقويم هجري ميلادي 2017 excel,,0,,0.00,0.00
تقويم هجري ميلادي 2017 pdf,,0,,0.00,0.00
تقويم هجري ميلادي 2017 أرامكو,,0,,0.00,0.00
تقويم هجري ميلادي 2017 أرامكو pdf,,0,,0.00,0.00
تقويم هجري ميلادي 2017 شيعي,,0,,0.00,0.00
تقويم هجري ميلادي 2017 مايو,,0,,0.00,0.00
تقويم هجري ميلادي 2018 pdf,,0,,0.00,0.00
تقويم هجري ميلادي 2018 للطباعة,,0,,0.00,0.00
تقويم هجري ميلادي 2019,,0,,0.00,0.00
تقويم هجري ميلادي 2019 1441,,0,,0.00,0.00
تقويم هجري ميلادي 2019 aiv dkhdv,,0,,0.00,0.00
تقويم هجري ميلادي 2019 pdf,,0,,0.00,0.00
تقويم هجري ميلادي 2019 طباعة,,0,,0.00,0.00
تقويم هجري ميلادي 2019 فبراير,,0,,0.00,0.00
تقويم هجري ميلادي 2019 مفتوح,,0,,0.00,0.00
تقويم هجري ميلادي 2020 لتعديل,,0,,0.00,0.00
تقويم هجري ميلادي 2020 للتعديل,,0,,0.00,0.00
تقويم هجري ميلادي 219,,0,,0.00,0.00
تقويم هجري ميلادي 37 17,,0,,0.00,0.00
تقويم هجري ميلادي pdf١٤٣٨,,0,,0.00,0.00
تقويم هجري ميلادي إكسل,,0,,0.00,0.00
تقويم هجري ميلادي اليوم,,0,,0.00,0.00
تقويم هجري ميلادي ام القرى,,0,,0.00,0.00
تقويم هجري ميلادي بالشهور للطباعة,,0,,0.00,0.00
تقويم هجري ميلادي سنة 1441هـ,,0,,0.00,0.00
تقويم هجري ميلادي سنة كاملة,,0,,0.00,0.00
تقويم هجري ميلادي شمسي,,0,,0.00,0.36
تقويم هجري ميلادي شهري 1439,,0,,0.00,0.00
تقويم هجري ميلادي طباعة,,0,,0.00,0.00
تقويم هجري ميلادي طباعه,,0,,0.00,0.00
تقويم هجري ميلادي طباعه ٢٠١٩ ١٤٤٠,,0,,0.00,0.00
تقويم هجري ميلادي لتسجيل المواعيد,,0,,0.00,0.00
تقويم هجري ميلادي لتسجيل المواعيد على الاندرويد,,0,,0.00,0.00
تقويم هجري ميلادي لعام 1436,,0,,0.00,0.00
تقويم هجري ميلادي لعام 1438,,0,,0.00,0.00
تقويم هجري ميلادي للطباعة مهام,,0,,0.00,0.00
تقويم هجري ميلادي للطباعط,,0,,0.00,0.00
تقويم هجري ميلادي للكمبيوتر,,0,,0.00,0.00
تقويم هجري ميلادي مفرغ,,0,,0.00,0.00
تقويم هجري ميلادي من 1400الى 1413,,0,,0.00,0.00
تقويم هجري ميلادي هجري خالد الرفاعي,,0,,0.00,0.00
تقويم هجري ميلادي وهجري شمسي,,0,,0.00,0.00
تقويم هجري ميلادي ١٤٣٧,,0,,0.00,0.00
تقويم هجري ميلادي ١٤٣٨,,0,,0.00,0.00
تقويم هجري ميلادي ١٤٣٩,,0,,0.00,0.00
تقويم هجري ميلادي ١٤٤٠,,0,,0.00,0.00
تقويم هجري ميلادي ١٤٤٠ ٢٠١٩,,0,,0.00,0.00
تقويم هجري ميلادي ١٤٤١,,0,,0.00,0.00
تقويم هجري ميلادي ٢٠١٦,,0,,0.00,0.33
تقويم هجري ميلادي ٢٠١٧,,0,,0.00,0.00
تقويم هجري ميلادي ٢٠١٨,,0,,0.00,0.00
تقويم هجري ميلادي ٢٠١٩,,0,,0.00,0.00
تقويم هجري ميلادي1439,,0,,0.00,0.00
تقويم هجري ميلادي1442,,0,,0.00,0.00
تقويم هجري ميلادي2019,,0,,0.00,0.00
تقويم هجري ميلاي,,0,,0.00,0.00
تقويم هجري ميﻻدي بشكل جميل,,0,,0.00,0.00
تقويم هجري هجلاي ميلادي,,0,,0.00,0.00
تقويم هجري و ميلادي 1439,,0,,0.00,0.00
تقويم هجري و ميلادي 1440,,0,,0.00,0.00
تقويم هجري و ميلادي 1441,,0,,0.00,0.00
تقويم هجري و ميلادي 2014,,0,,0.00,0.00
تقويم هجري و ميلادي 2016,,0,,0.00,0.00
تقويم هجري و ميلادي 2017,,0,,0.00,0.00
تقويم هجري و ميلادي 2017 1438,,0,,0.00,0.00
تقويم هجري و ميلادي 2018,,0,,0.00,0.00
تقويم هجري و ميلادي 2019,,0,,0.00,0.00
تقويم هجري و ميلادي ١٤٤٠,,0,,0.00,0.00
تقويم هجري و ميلادي ٢٠١٨,,0,,0.00,0.00
تقويم هجري و ميلادي ٢٠١٩,,0,,0.00,0.00
تقويم هجري و ميلادي٢٠١٥,,0,,0.00,0.00
تقويم هجري والميلادى,,0,,0.00,0.00
تقويم هجري والميلادي 2017,,0,,0.00,0.00
تقويم هجري وة ميلادي,,0,,0.00,0.00
تقويم هجري ورد,,0,,0.00,0.00
تقويم هجري وزارة الصحة,,0,,0.00,0.00
تقويم هجري وساعة,,0,,0.00,0.00
تقويم هجري وعربي,,0,,0.00,0.00
تقويم هجري وعربي بالانجليزي 2019,,0,,0.00,0.00
تقويم هجري وعربي بالنجليزي,,0,,0.00,0.00
تقويم هجري وميلادي 1438,,0,,0.00,0.00
تقويم هجري وميلادي 1441شهري,,0,,0.00,0.00
تقويم هجري وميلادي 1996,,0,,0.00,0.00
تقويم هجري وميلادي 1997,,0,,0.00,0.00
تقويم هجري وميلادي 2012,,0,,0.00,0.00
تقويم هجري وميلادي 2014,,0,,0.00,0.00
تقويم هجري وميلادي 2015,,0,,0.00,0.00
تقويم هجري وميلادي 2015 pdf,,0,,0.00,0.00
تقويم هجري وميلادي 2015 للطباعه,,0,,0.00,0.00
تقويم هجري وميلادي 2016,,0,,0.00,0.00
تقويم هجري وميلادي 2016 pdf,,0,,0.00,0.00
تقويم هجري وميلادي 2017,,0,,0.00,0.00
تقويم هجري وميلادي 2017 pdf,,0,,0.00,0.00
تقويم هجري وميلادي 2018 pdf,,0,,0.00,0.00
تقويم هجري وميلادي 2019,,0,,0.00,0.71
تقويم هجري وميلادي 2019 a4,,0,,0.00,0.00
تقويم هجري وميلادي 2019 كل شهر في صفحة,,0,,0.00,0.00
تقويم هجري وميلادي pdf,,0,,0.00,0.00
تقويم هجري وميلادي اكسيل,,0,,0.00,0.00
تقويم هجري وميلادي الإيمان,,0,,0.00,0.00
تقويم هجري وميلادي جاهز للطباعة,,0,,0.00,0.00
تقويم هجري وميلادي جاهز للطباعة بناتي,,0,,0.00,0.00
تقويم هجري وميلادي جاهز للطباعة بناتي 1438 2017,,0,,0.00,0.00
تقويم هجري وميلادي جاهز للطباعة بناتي 2017,,0,,0.00,0.00
تقويم هجري وميلادي دراسه,,0,,0.00,0.00
تقويم هجري وميلادي فاضي 2017,,0,,0.00,0.00
تقويم هجري وميلادي لجدول,,0,,0.00,0.00
تقويم هجري وميلادي لسنة 2017,,0,,0.00,0.00
تقويم هجري وميلادي لعام 2017,,0,,0.00,0.00
تقويم هجري وميلادي لعام 2018,,0,,0.00,0.00
تقويم هجري وميلادي لعام 2019,,0,,0.00,0.00
تقويم هجري وميلادي للطباعة,,0,,0.00,0.00
تقويم هجري وميلادي مع بعض,,0,,0.00,0.00
تقويم هجري وميلادي وحساب الأيام,,0,,0.00,0.00
تقويم هجري وميلادي ١٤٣٧,,0,,0.00,0.00
تقويم هجري وميلادي ١٤٣٨,,0,,0.00,0.00
تقويم هجري وميلادي ١٤٤٠,,0,,0.00,0.00
تقويم هجري وميلادي ٢٠١٥,,0,,0.00,0.00
تقويم هجري وميلادي ٢٠١٧,,0,,0.00,0.00
تقويم هجري وميلادي ٢٠١٨,,0,,0.00,0.00
تقويم هجري وميلادي ٢٠٢٠,,0,,0.00,0.00
تقويم هجري وميلادي1441,,0,,0.00,0.00
تقويم هجري وميلادي١٤٤١,,0,,0.00,0.00
تقويم هجري وميلادي٢٠١٨,,0,,0.00,0.00
تقويم هجري وميلاردي,,0,,0.00,0.00
تقويم هجري وميلالدي1441,,0,,0.00,0.00
تقويم هجري وميلدي,,0,,0.00,0.00
تقويم هجري وورد,,0,,0.00,0.00
تقويم هجري يغرد من حسابك,,0,,0.00,0.00
تقويم هجري يهبل 1438,,0,,0.00,0.00
تقويم هجري ١٤٣٨,,0,,0.00,0.00
تقويم هجري ١٤٤1,,0,,0.00,0.00
تقويم هجري ١٤٤1 ام القرى,,0,,0.00,0.00
تقويم هجري ١٤٤٠ pdf,,0,,0.00,0.00
تقويم هجري ١٤٤٠ ام القرى,,0,,0.00,0.00
تقويم هجري ١٤٤٠ فارغ,,0,,0.00,0.00
تقويم هجري ١٤٤٠ للطباعة,,0,,0.00,0.00
تقويم هجري ١٤٤١ بالاسابيع,,0,,0.00,0.00
تقويم هجري ١٤٤١ بالاسبيع,,0,,0.00,0.00
تقويم هجري ٢٠١٨,,0,,0.00,0.00
تقويم هجري.psd,,0,,0.00,0.00
تقويم هجرية حكومية 2018,,0,,0.00,0.00
تقويم هجرية موظفي نهائي,,0,,0.00,0.00
تقويم هجريو وميلادي 1440,,0,,0.00,0.00
تقويم هر 3 هجري,,0,,0.00,0.00
تقويم هعام 2013 الهجري الى ميلادي,,0,,0.00,0.00
تقويم هعام 2014 الهجري الى ميلادي,,0,,0.00,0.00
تقويم وهجري 2020,,0,,0.00,0.00
تقويم ١٤29 هجري وميلادي,,0,,0.00,0.00
تقويم ١٤٣٣ هجري,,0,,0.00,0.00
تقويم ١٤٣٦ هجري وميلادي,,0,,0.00,0.00
تقويم ١٤٣٧ الهجري,,0,,0.00,0.00
تقويم ١٤٣٧ الهجري والميلادي,,0,,0.00,0.00
تقويم ١٤٣٧ هجري الدراسي,,0,,0.00,0.00
تقويم ١٤٣٨ هجري ميلادي,,0,,0.00,0.00
تقويم ١٤٣٩ هجري png,,0,,0.00,0.00
تقويم ١٤٤٠ الهجري,,0,,0.00,0.00
تقويم ١٤٤٠ هجري وميلادي مكتبي,,0,,0.00,0.00
تقويم ١٤٤١ الهجري,,0,,0.00,0.00
تقويم ١٤٤١ هجري ميلادي,,0,,0.00,0.00
تقويم ٢٠١٤ هجري ميلادي,,0,,0.00,0.00
تقويم ٢٠١٧ هجري ميلادي,,0,,0.00,0.00
تقويم ٢٠١٩ الهجري,,0,,0.00,0.00
تقويم ٢٠١٩ هجري,,0,,0.00,0.10
تمبلر تقويم الهجري,,0,,0.00,0.00
تمبلر تقويم هجري,,0,,0.00,0.00
تنبيهات الصلاة في تطبيق التقويم الهجري للايفون,,0,,0.00,0.00
تنزيل التقويم الهجري 1438,,0,,0.00,0.00
تنزيل التقويم الهجري 1439,,0,,0.00,0.00
تنزيل التقويم الهجري 1440,,0,,0.00,0.00
تنزيل التقويم الهجري 1440 والميلادي 2019,,0,,0.00,0.00
تنزيل التقويم الهجري 1441,,0,,0.00,0.00
تنزيل التقويم الهجري 2018,,0,,0.00,0.00
تنزيل التقويم الهجري 2019,,0,,0.00,0.00
تنزيل التقويم الهجري 2020,,0,,0.00,0.00
تنزيل التقويم الهجري الجديد,,0,,0.00,0.00
تنزيل التقويم الهجري الذهبي,,0,,0.00,0.00
تنزيل التقويم الهجري العماني,,0,,0.00,0.00
تنزيل التقويم الهجري على سطح المكتب,,0,,0.00,0.33
تنزيل التقويم الهجري لعام 1441,,0,,0.00,0.00
تنزيل التقويم الهجري للاندرويد,,0,,0.00,0.00
تنزيل التقويم الهجري للايفون,,0,,0.00,0.00
تنزيل التقويم الهجري للكمبيوتر,,0,,0.00,0.00
تنزيل التقويم الهجري للموبايل,,0,,0.00,0.00
تنزيل التقويم الهجري مجانا,,0,,0.00,0.00
تنزيل التقويم الهجري والميلادي 2018,,0,,0.00,0.00
تنزيل التقويم الهجري والميلادي 2019,,0,,0.00,0.00
تنزيل التقويم الهجري والميلادي 2020,,0,,0.00,0.00
تنزيل التقويم الهجري ١٤٣٩,,0,,0.00,0.00
تنزيل التقويم الهجري ١٤٤٠,,0,,0.00,0.00
تنزيل التقويم الهجري ٢٠١٩,,0,,0.00,0.00
تنزيل التقويم خالد الرفاعي 1440 هجري,,0,,0.00,0.00
تنزيل برنامج التقويم الهجري والميلادي 2019,,0,,0.00,0.00
تنزيل تقويم هجري مع التعديل,,0,,0.00,0.00
تنزيل تقويم هجري وميلادي 2017,,0,,0.00,0.00
تنزيل تقويم هجري وميلادي 2019,,0,,0.00,0.00
تهنئة بالعام الهجري ١٤٤1 مع التقويم الهجري,,0,,0.00,0.00
تهنئة بالعام الهجري ١٤٤٠ مع التقويم,,0,,0.00,0.00
توزيع التقويم بالهجري والميلادي,,0,,0.00,0.00
ثيم تقويم زواج هجري,,0,,0.00,0.00
ثيم تقويم هجري,,0,,0.00,0.00
ثيم تقويم هجري للتصميم,,0,,0.00,0.00
ثيم تقويم هجري للوورد,,0,,0.00,0.00
ثيمات تقويم هجري,,0,,0.00,0.00
ثيمات تقويم هجري شهر ربيع أول,,0,,0.00,0.00
جدول التقويم الجامعي الهجري,,0,,0.00,0.00
جدول التقويم الدراسي الهجري 1440,,0,,0.00,0.00
جدول التقويم الهجري 1438,,0,,0.00,0.00
جدول التقويم الهجري 1438 لطالبات,,0,,0.00,0.00
جدول التقويم الهجري 1438 لطالبات الفصل الدراسي الثاني,,0,,0.00,0.00
جدول التقويم الهجري 1439,,0,,0.00,0.00
جدول التقويم الهجري 1440,,0,,0.00,0.00
جدول التقويم الهجري 1441,,0,,0.00,0.00
جدول التقويم الهجري اليوم,,0,,0.00,0.00
جدول التقويم الهجري لشهر,,0,,0.00,0.00
جدول التقويم الهجري لعام 1437,,0,,0.00,0.00
جدول التقويم الهجري والميلادي 2018,,0,,0.00,0.00
جدول التقويم الهجري والميلادي اكسس,,0,,0.00,0.00
جدول التقويم الهجري والميلادي مايكروسوفت,,0,,0.00,0.00
جدول التقويم هجري و ميلادي,,0,,0.00,0.00
جدول تقويم 2017 ميلادي وهجري,,0,,0.00,0.00
جدول تقويم الهجري لسنة 2019,,0,,0.00,0.00
جدول تقويم ام القرى الهجري 1440 pdf,,0,,0.00,0.00
جدول تقويم هجري بيكسل,,0,,0.00,0.00
جدول تقويم ١٤٣٨ هجري,,0,,0.00,0.00
جرافيك التقويم الهجري,,0,,0.00,0.00
جعل تقويم الايفون هجري,,0,,0.00,0.00
جعل للتقويم.الهجري هلى شاشة الجوال,,0,,0.00,0.00
جمعية البر بالاحساء تقويم هجري 1411,,0,,0.00,0.00
جمعية البر بالاحساء تقويم هجري 1441,,0,,0.00,0.00
جول التقويم الهجري مع الميلدي,,0,,0.00,0.00
حاسبة الحمل بالتقويم الهجري,,0,,0.00,0.00
حاسبة تحويل التقويم الميلادي الي الهجري,,0,,0.00,0.00
حدث في مثل هذا اليوم التقويم الهجري,,0,,0.00,0.00
حدث في مثل هذا اليوم بالتقويم الهجري,,0,,0.00,0.00
حدث في مثل هذا اليوم تقويم هجري,,0,,0.00,0.00
حساب التقويم الهجري مقابل الميلادي 2017,,0,,0.00,0.00
حساب ايام التقويم الهجري,,0,,0.00,0.00
حساب تاريخ الميلاد بالتقويم الهجري,,0,,0.00,0.00
حساب عمرك عن طريق التقويم الهجري الشمسي,,0,,0.00,0.00
حساب فترة زمنية بالتقويم الهجري,,0,,0.00,0.00
حقيقة تغير التقويم الهجري,,0,,0.00,0.00
حل مشكلة التقويم الهجري أكسس أوفيسنا,,0,,0.00,0.00
حمل تقويم الهجري و,,0,,0.00,0.00
حمل تقويم ميلادي وهجري مدى الحياة يعمل على الأكسل,,0,,0.00,0.00
حمل تقويم هجري مدى الحياة يعمل على الأكسل,,0,,0.00,0.00
خدمة البيت السعيد التقويم الهجري,,0,,0.00,0.00
خطا التقويم الهجري,,0,,0.00,0.00
خلفيات التقويم الهجري,,0,,0.00,0.00
خلفيات تقويم هجري,,0,,0.00,0.00
خلفيات تقويم هجري 1440,,0,,0.00,0.00
خلفيات تقويم هجري للتصميم,,0,,0.00,0.00
خلفية تقويم هجري,,0,,0.00,0.00
درس التقويم السنوي الهجري,,0,,0.00,0.00
دعم التقويم الهجري php,,0,,0.00,0.00
دفتر التقويم الهجري 1440ه,,0,,0.00,0.00
دقة عالية التقويم الهجري,,0,,0.00,0.00
دمج التقويم الهجري للاندرويد 1438,,0,,0.00,0.00
دمج تقويم هجري وميلادي للاب توب,,0,,0.00,0.00
ذو الحجة 1439 التقويم الهجري,,0,,0.00,0.00
رزمانة التقويم الهجري 1440,,0,,0.00,0.00
رزمانة التقويم الهجري 1441,,0,,0.00,0.00
رزنامة التقويم الهجري 1439,,0,,0.00,0.00
رزنامة التقويم الهجري 1439 pdf,,0,,0.00,0.00
رزنامة التقويم الهجري 1439 pdf خالد الرفاعي,,0,,0.00,0.00
رزنامة التقويم الهجري والميلادي 2016,,0,,0.00,0.00
رسم تقويم هجري,,0,,0.00,0.00
رمز تقويم هجري,,0,,0.00,0.00
رمز تقويم هجري كرتون,,0,,0.00,0.00
رمزيات التقويم الهجري,,0,,0.00,0.00
رمزيات تقويم هجري,,0,,0.00,0.00
رموز تقويم الهجري,,0,,0.00,0.00
روزمانة التقويم الهجري 1441,,0,,0.00,0.00
ساعة بالتقويم الهجري سامسوج,,0,,0.00,0.00
سبب اعتماد التقويم الهجري للمسلمين,,0,,0.00,0.00
سكراب تقويم سنوي هجري,,0,,0.00,0.00
سكراب تقويم هجري,,0,,0.00,0.00
سكرابز التقويم الهجري,,0,,0.00,0.00
سكرابز التقويم الهجري لشهر جمادى ثاني 1439,,0,,0.00,0.00
سكرابز تقويم زواج هجري,,0,,0.00,0.00
سكرابز تقويم هجري,,0,,0.00,0.00
سكرابز تقويم هجري 1438,,0,,0.00,0.00
سكرابز تقويم هجري 1439,,0,,0.00,0.00
سكرابز تقويم هجري 1440,,0,,0.00,0.00
سكرابز تقويم هجري 1441,,0,,0.00,0.00
سكرابز تقويم هجري شهر ذو العقده,,0,,0.00,0.00
سكرابز تقويم هجري شهر ذو القعدة,,0,,0.00,0.00
سكرابز تقويم هجري للتصميم,,0,,0.00,0.00
سكرابز علامة التقويم هجري,,0,,0.00,0.00
سكرابز علامة التقويم هجري للتصميم,,0,,0.00,0.00
سكرابز علامة التقويم هجري لون ذهبي,,0,,0.00,0.00
سكرابز كلمة التقويم الهجري,,0,,0.00,0.00
سكربت التقويم الهجري,,0,,0.00,0.00
سكربت التقويم الهجري php,,0,,0.00,0.00
سكربت التقويم الهجري php site arabteam2000-forum.com,,0,,0.00,0.00
سكربت التقويم الهجري ام القرى,,0,,0.00,0.00
سنة 2014-2013 تقويم الهجري عودة,,0,,0.00,0.00
سنة 2014-2013 تقويم الهجري عودة سعودية,,0,,0.00,0.00
سيرة التقويم الهجري,,0,,0.00,0.00
شاشة تقويم هجري,,0,,0.00,0.00
شبهة اخطاء التقويم الهجري,,0,,0.00,0.00
شرح درس التقويم الميلادي والتقويم الهجري للصف الثاني الابتدائي,,0,,0.00,0.33
شرح درس لمادة الاسريه لدرس التقويم الهجري السنوي,,0,,0.00,0.00
شرح درس مادة الاسريه درس التقويم الهجري السنوي,,0,,0.00,0.00
شرح فوائد التقويم الهجري,,0,,0.00,0.00
شرح فوائد التقويم الهجري والميلادي,,0,,0.00,0.00
شرح فوائد التقويم الهجري والميلادي صف ثالث ابتدائي,,0,,0.00,0.00
شكل تقويم هجري,,0,,0.00,0.00
شكل تقويم هجري كرتون,,0,,0.00,0.00
شهر 3 بالتقويم الهجري,,0,,0.00,0.00
شهر اغسطس التقويم الهجري,,0,,0.00,0.00
شهر رمضان 2019 تقويم هجري ميلادي,,0,,0.00,0.00
شهر شعبان لعام 1433 هجري تقويم أم القرى,,0,,0.00,0.00
شهر محرم في التقويم الهجري,,0,,0.00,0.00
شهور التقويم الهجري 1439,,0,,0.00,0.00
صفحات التقويم الهجري,,0,,0.00,0.00
صفحة التقويم الهجري,,0,,0.00,0.00
صفحة تقويم ١٤٤٠ هجري وميلادي,,0,,0.00,0.00
صور التقويم الهجري 1440,,0,,0.00,0.00
صور التقويم الهجري 1441,,0,,0.00,0.00
صور التقويم الهجري 7 رمضان 1440,,0,,0.00,0.00
صور التقويم الهجري جمادا الاخر,,0,,0.00,0.00
صور التقويم الهجري شهر 6,,0,,0.00,0.00
صور التقويم الهجري لعام 1441,,0,,0.00,0.00
صور تقويم ثلاثه شهور هجريه,,0,,0.00,0.00
صور تقويم ثلاثه شهور هجريه 1440,,0,,0.00,0.00
صور تقويم شهور هجريه 1440,,0,,0.00,0.00
صور تقويم شهور هجريه 1440-2019,,0,,0.00,0.00
صور تقويم ميلادي هجري 2019,,0,,0.00,0.00
صور تقويم هجري 1439,,0,,0.00,0.00
صور تقويم هجري بناتي,,0,,0.00,0.00
صور تقويم هجري محرم,,0,,0.00,0.00
صور تقويم هجري يومي,,0,,0.00,0.00
صور علامات التقويم الهجري,,0,,0.00,0.00
صور للتقويم الهجري 1441,,0,,0.00,0.00
صور من التقويم الهجري,,0,,0.00,0.00
صورة التقويم الهجري 1438,,0,,0.00,0.00
صورة التقويم الهجري ل1441,,0,,0.00,0.00
صورة التقويم الهجري والميلادي,,0,,0.00,0.00
صورة اوراق التقويم الهجري,,0,,0.00,0.00
صورة اوراق التقويم الهجري متطايرة,,0,,0.00,0.00
صورة تقويم الهجري,,0,,0.00,0.00
صورة تقويم شهر 12 هجري,,0,,0.00,0.00
صورة تقويم شهر ذو الحجه هجري,,0,,0.00,0.00
صورة تقويم هجري 1440,,0,,0.00,0.00
صورة تقويم هجري اليوم 4 رمضان 1439,,0,,0.00,0.00
صورة تقويم هجري بداية رمضان,,0,,0.00,0.00
صورة تقويم هجري للتصميم,,0,,0.00,0.00
صورة شفافة للتقويم الهجري لشهر جمادى ثاني 1439,,0,,0.00,0.00
صورة للتقويم الهجري 1438,,0,,0.00,0.00
صورة للتقويم الهجري فاضي,,0,,0.00,0.00
صورة للتقويم الهجري لشهر جمادى ثاني 1439,,0,,0.00,0.00
صورة للتقويم الهجري لهذا العام1440,,0,,0.00,0.00
صورة للتقويم هجري 1440,,0,,0.00,0.00
صورةالايام بتقويم الهجري,,0,,0.00,0.00
صورةالايام بتقويم الهجري العرب,,0,,0.00,0.00
صوره 1 صفر ب التقويم الهجري,,0,,0.00,0.00
صوره للتقويم الهجري والميلادي,,0,,0.00,0.00
صوره من التقويم الهجري 1438,,0,,0.00,0.00
ضبط التقويم الهجري في الايفون 1440,,0,,0.00,0.00
ضبط التقويم من هجري إلى ميلادي,,0,,0.00,0.00
طباعة التقويم الهجري 1438,,0,,0.00,0.00
طباعة التقويم الهجري 1439,,0,,0.00,0.00
طباعة التقويم الهجري 1439 اسود,,0,,0.00,0.00
طباعة التقويم الهجري 1440,,0,,0.00,0.00
طباعة التقويم الهجري 1440 من رمضان الى ذو الحجه,,0,,0.00,0.00
طباعة التقويم الهجري 1441,,0,,0.00,0.00
طباعة التقويم الهجري 1441 شهر 3.4,,0,,0.00,0.00
طباعة التقويم الهجري لعام 1437,,0,,0.00,0.00
طباعة التقويم الهجري لعام 1438,,0,,0.00,0.00
طباعة التقويم الهجري ميلادي,,0,,0.00,0.00
طباعة التقويم الهجري ميلادي 2017,,0,,0.00,0.00
طباعة التقويم الهجري والميلادي 1440,,0,,0.00,0.00
طباعة التقويم الهجري والميلادي 2017,,0,,0.00,0.00
طباعة التقويم الهجري والميلادي 2018,,0,,0.00,0.00
طباعة التقويم الهجري والميلادي 2019,,0,,0.00,0.00
طباعة التقويم هجري ميلادي 1440 على a3,,0,,0.00,0.00
طباعة تقويم 1418 هجري,,0,,0.00,0.00
طباعة تقويم السنة الجديدة ميلادي وهجري,,0,,0.00,0.00
طباعة تقويم الهجري مع الميلادي,,0,,0.00,0.00
طباعة تقويم ميلادي وهجري 2018,,0,,0.00,0.00
طباعة تقويم ميلادي وهجري 2018 بالانجليزي,,0,,0.00,0.00
طباعة تقويم ميلادي وهجري الرياض,,0,,0.00,0.00
طباعة تقويم هجري ميلادي 1439-2018,,0,,0.00,0.00
طباعه تقويم 1439 شهر 3 هجري,,0,,0.00,0.00
طباعه تقويم 1439 شهر3 هجري,,0,,0.00,0.00
طريقة استخدام التقويم الهجري,,0,,0.00,0.00
طريقة اضافة التقويم الهجري للاكسل,,0,,0.00,0.00
طريقة تحويل التقويم الهجري الى ميلادي,,0,,0.00,0.00
طريقة تصميم تقويم هجري,,0,,0.00,0.00
طريقة تغيير التقويم للهجري ف الهواوي,,0,,0.00,0.00
طريقة تفعيل التقويم الهجري ايفون,,0,,0.00,0.00
طريقة حذف التقويم الهجري من الاندرويد,,0,,0.00,0.00
طريقة عمل تقويم الهجري بالفوتوشوب,,0,,0.00,0.00
طريقة عمل تقويم الهجري بالفوتوشوب 1441,,0,,0.00,0.00
طريقة عمل تقويم الهجري والميلادي,,0,,0.00,0.00
طريقة عمل تقويم ميلادي او هجري للسنة الجديدة,,0,,0.00,0.00
طريقة كتابة التقويم الهجري,,0,,0.00,0.00
عام 1439 و 1440 التقويم الهجري و الميلادي,,0,,0.00,0.00
عبارات جاهزة للتصميم التقويم الهجري,,0,,0.00,0.00
عدد الأيام بين تقويم أم القرى والتقويم الهجري,,0,,0.00,0.00
عدد ايام السنة الهجرية تقويم ام القرى,,0,,0.00,0.00
عدد تقويم الهجري 1443,,0,,0.00,0.00
عرض بوربوينت عن التقويم الهجري السنوي,,0,,0.00,0.00
عرض تقديمي جاهز لدرس التقويم الهجري والميلادي,,0,,0.00,0.00
عرض تقويم هجري ميلادي php,,0,,0.00,0.00
عرض تقويم هجري ميلادي php 2019,,0,,0.00,0.00
عروض بوربوينت لمادة الاسريه لدرس التقويم الهجري السنوي,,0,,0.00,0.00
علامة تقويم هجري كرتون,,0,,0.00,0.00
عللي وضع المسلمين تقويم هجري ثابت,,0,,0.00,0.00
علم التقويم الهجري الابدي,,0,,0.00,0.00
على اي اساس وضع التقويم الهجري,,0,,0.00,0.00
على مذا يعتمد التقويم الهجري,,0,,0.00,0.00
عمل التقويم هجري اكسل,,0,,0.00,0.00
عمل تقويم ميلادي وهجري الرياض,,0,,0.00,0.00
عمل تقويم هجري توماتيكي,,0,,0.00,0.00
عمل تقويم هجري مع تنبيهات المواعيد,,0,,0.00,0.00
عمل تقويم هجري وميلادي,,0,,0.00,0.00
عمل تقويم هجري وميلادي ويندوز 10,,0,,0.00,0.00
فترات التبويض بالتقويم الهجري,,0,,0.00,0.00
فريم تقويم هجري,,0,,0.00,0.00
في أي عام ميلادي بدأ التقويم الهجري,,0,,0.00,0.00
في أي قرن بدأ التقويم الهجري,,0,,0.00,0.00
في أي قرن ميلادي بدأ التقويم الهجري,,0,,0.00,0.00
في السعودية التقويم الهجري,,0,,0.00,0.00
في اي قرن بدا التقويم الهجري,,0,,0.00,0.00
في اي قرن كان التقويم الهجري,,0,,0.00,0.00
في عام ميلادي بدأ التقويم الهجري,,0,,0.00,0.00
قالب تقويم هجري,,0,,0.00,0.00
قالب تقويم هجري 440,,0,,0.00,0.00
قالب تقويم هجري 441,,0,,0.00,0.00
قالب للتقويم الهجري لعام 1439,,0,,0.00,0.00
قطعة التقويم الهجري قدرات,,0,,0.00,0.00
قوالب تقويم الأشهر الهجرية جاهز للفوتوشوب,,0,,0.00,0.00
كالشر تقويم هجري,,0,,0.00,0.00
كتاب التقويم الهجري العجيري,,0,,0.00,0.00
كتابة التقويم الهجري في الإكسل,,0,,0.00,0.00
كروت صغيره مفرغة للكتابة داخلها مزينة بالتقويم الهجري,,0,,0.00,0.00
كروت صغيره مفرغة مزينة بالتقويم الهجري,,0,,0.00,0.00
كلمات نضعها في التقويم الهجري,,0,,0.00,0.00
كلمة التقويم الهجري,,0,,0.00,0.00
كود التقويم الهجري للأكسس,,0,,0.00,0.00
كود تقويم التاريخ الهجري للأكسس,,0,,0.00,0.00
كود للتقويم الهجري والميلادي,,0,,0.00,0.00
كود لمواقع للتقويم الهجري والميلادي,,0,,0.00,0.00
كيف اجد التقويم الهجري للاندرويد,,0,,0.00,0.00
كيف اجعل التقويم هجري فقط,,0,,0.00,0.00
كيف احول التقويم الهجري الى ميلادي,,0,,0.00,0.00
كيف احول التقويم الهجري الى ميلادي في الايباد,,0,,0.00,0.00
كيف اسوي التقويم الهجري,,0,,0.00,0.00
كيف اسوي التقويم الهجري عن طريق ادوبي فلاش,,0,,0.00,0.00
كيف اسوي التقويم هجري,,0,,0.00,0.00
كيف اسوي تقويم هجري بالوورد,,0,,0.00,0.00
كيف اضع التقويم الهجري والميلادي بالجوال,,0,,0.00,0.00
كيف اقوم باعداد تقويم هجري,,0,,0.00,0.00
كيف انشئ تقويم شهري هجري,,0,,0.00,0.00
كيف تضع التقويم الهجري والميلادي في ويندوز 10,,0,,0.00,0.00
كيف نقوم بصنع التقويم الهجري,,0,,0.00,0.00
كيفية إدراج التقويم الهجري في قوقل كلندر,,0,,0.00,0.00
كيفية تحويل التقويم من هجري الي ميلادي في ملف اكسل,,0,,0.00,0.00
كيفية عمل تقويم هجري,,0,,0.00,0.00
كيفية عمل تقويم هجري فوتوشوب,,0,,0.00,0.00
لتغيير التقويم من هجري الى ميلادي في جهاز اللاب توب,,0,,0.00,0.00
للطباعة التقويم الهجري ميلادي,,0,,0.00,0.00
للطباعة التقويم الهجري ميلادي 2017,,0,,0.00,0.00
لليوم التقويم الهجري,,0,,0.00,0.00
لماذا اعتمد التقويم الهجري,,0,,0.00,0.00
لماذا اعتمدن المملكة التقويم الهجري,,0,,0.00,0.00
لماذا وضع المسلمين تقويم ثابت هجري,,0,,0.00,0.00
لماذا وضع المسلمين تقويم هجري ثابت,,0,,0.00,0.00
لوضع التقويم الهجري في شريط المهام,,0,,0.00,0.00
لوضع التقويم الهجري في شريط المهام على الكومبيتر,,0,,0.00,0.00
ما اسم الخليفة الذي وضع التقويم الهجري,,0,,0.00,0.00
ما الفائده من التقويم الهجري السنوي,,0,,0.00,0.00
ما الفرق بالأيام بين تقويم أم القرى والتقويم الهجري,,0,,0.00,0.00
ما هي أهمية التقويم الهجري,,0,,0.00,0.00
ما يموافق 12 نوفمبر 2017 يوافق بالتقويم الهجري,,0,,0.00,0.00
ماهو احسن تقويم هجري للايفون,,0,,0.00,0.00
ماهو اصح التقويم الهجري ام الميلادي,,0,,0.00,0.00
ماهو التقويم قبل التقويم الهجري,,0,,0.00,0.00
ماهو تقويم الهجري لهذا يوم,,0,,0.00,0.00
مايكروسوفت تقويم هجري ميلادي لسطح المكتب,,0,,0.00,0.00
متابعة التقويم الهجري حسب رؤية الهلال,,0,,0.00,0.00
متى ابتدأ العمل بالتقويم الهجري,,0,,0.00,0.00
متى اختباراة بالتقويم الهجري النهائية,,0,,0.00,0.00
متى اختبارات النهائيه بالتقويم الهجري النهائية,,0,,0.00,0.00
متى اختبارات بالتقويم الهجري النهائية,,0,,0.00,0.00
متى بدا التقويم الشمسي الهجري,,0,,0.00,0.00
متى بدا العمل بالتقويم الهجري,,0,,0.00,0.00
متى تم احتساب التقويم الهجري,,0,,0.00,0.00
متى تم العمل بالتقويم الهجري,,0,,0.00,0.00
متى يكون يوم الصحة العالمي بالتقويم الهجري,,0,,0.00,0.00
متى يلتقي التقويم الهجري مع التقويم الميلادي,,0,,0.00,0.00
محرم 1440 هجري تقويم الزهراء,,0,,0.00,0.00
محرم بالتقويم الهجري,,0,,0.00,0.00
محول التقويم الهجري للميلادي,,0,,0.00,0.00
محول التقويم الهجري والميلادي 2017,,0,,0.00,0.00
محول التقويم هجري ميلادي,,0,,0.00,0.00
مخترع التقويم الهجري,,0,,0.00,0.00
مخطوطة التقويم الهجري png,,0,,0.00,0.00
مشروع التقويم الدعوي الهجري,,0,,0.00,0.00
مشروع بذرة خير التقويم الهجري,,0,,0.00,0.00
مطبوعات التقويم الهجري,,0,,0.00,0.00
مطبوعات التقويم الهجري 1440,,0,,0.00,0.00
مطبوعات تقويم السنة الهجرية,,0,,0.00,0.00
مطبوعات تقويم السنة الهجرية 1438,,0,,0.00,0.00
مطوية عن التقويم الهجري جاهز,,0,,0.00,0.00
مطويه عن التقويم الهجري,,0,,0.00,0.00
مطويه عن التقويم الهجري 1441,,0,,0.00,0.00
معرفة التقويم الميلادي من الهجري,,0,,0.00,0.00
معرفة التقويم الهجري اليوم,,0,,0.00,0.00
معرفت التقويم الهجري والميلادي,,0,,0.00,0.00
معنى التقويم الهجري بالانجليزي,,0,,0.00,0.00
مفكرة تقويم هجري,,0,,0.00,0.00
مفهوم التقويم الهجري,,0,,0.00,0.00
مقابل التقويم الهجري,,0,,0.00,0.00
مقابلة التقويم الهجري والميلادي,,0,,0.00,0.00
مقارنة التقويم الميلادي بالهجري,,0,,0.00,0.00
مقارنة التقويم الهجري مع الميلادي,,0,,0.00,0.00
مقارنة التقويم الهجري والميلادي 2017,,0,,0.00,0.00
مقاس التقويم الهجري,,0,,0.00,0.00
مقاس التقويم الهجري البلك,,0,,0.00,0.00
ملف التقويم الهجري,,0,,0.00,0.00
ملف التقويم الهجري 1440 والميلادي 2018,,0,,0.00,0.00
ملف التقويم الهجري 1440 والميلادي 2018 للاندرويد,,0,,0.00,0.00
ملف التقويم الهجري للاتش تي سي,,0,,0.00,0.00
ملف تقويم هجري,,0,,0.00,0.00
من التقويم الميلادي الي الهجري,,0,,0.00,0.00
من اول خليفة امر باستعمال التقويم الهجري,,0,,0.00,0.00
من تقويم هجري الى ميلادي,,0,,0.00,0.00
من تقويم هجري الى ميلادي 2017,,0,,0.00,0.00
من تقويم هجري لميلادي,,0,,0.00,0.00
من وضع التقويم الهجري الشمسي,,0,,0.00,0.00
من وين اجيب لوحات تقويم ميلادي او هجري,,0,,0.00,0.00
منظم تقويم الهجري والميلادي 1441,,0,,0.00,0.00
موضوع عن التقويم الهجري,,0,,0.00,0.00
موقع السيد السيستاني التقويم الهجري,,0,,0.00,0.00
موقع السيد علي السيستاني التقويم الهجري,,0,,0.00,0.00
موقع ام القرى للتقويم الهجري,,0,,0.00,0.00
موقع للتقويم الهجري والميلادي,,0,,0.00,0.00
ميلادي هجري تقويم 2019,,0,,0.00,0.00
ميلادي وهجري التقويم الهجري 1441,,0,,0.00,0.00
ميلادي وهجري التقويم الهجري 1441 والميلادي 2020,,0,,0.00,0.00
نتيجة التقويم الهجري 1435,,0,,0.00,0.00
نتيجة التقويم الهجري 1441,,0,,0.00,0.00
نتيجة التقويم الهجري 2019,,0,,0.00,0.00
نحميل التقويم الهجري والميلادي وورد,,0,,0.00,0.00
نسخة التقويم الزراعي القطري الدفتري لعام 1438 هجري,,0,,0.00,0.00
نسخة التقويم القطري الدفتري لعام 1437 هجري,,0,,0.00,0.00
نسخة التقويم القطري الدفتري لعام 1438 هجري,,0,,0.00,0.00
نسخة التقويم الهجري,,0,,0.00,0.00
نشأة التقويم الهجري,,0,,0.00,0.00
نقل التقويم من هجري الى ميلادي,,0,,0.00,0.00
نماذج التقويم الهجري لعام 1439,,0,,0.00,0.00
نموذج التقويم الهجري,,0,,0.00,0.00
نموذج التقويم الهجري 1438,,0,,0.00,0.00
نموذج التقويم الهجري 1438 اكسل,,0,,0.00,0.00
نموذج التقويم هجري وميلادي 2019,,0,,0.00,0.00
نورة النزاري تقويم هجري,,0,,0.00,0.00
هجري الى ميلادي تقويم,,0,,0.00,0.00
هجري تقويم 1441,,0,,0.00,0.00
هجري ميلادي تقويم 2019,,0,,0.00,0.00
هجري وميلادي التقويم,,0,,0.00,0.00
هجري وميلادي تقويم 2017,,0,,0.00,0.00
هجري وميلادي تقويم 2019,,0,,0.00,0.00
هدية رمضان تقويم هجري,,0,,0.00,0.00
هدية رمضان تقويم هجري lfd jv,,0,,0.00,0.00
هدية رمضان تقويم هجري كمبيوتر,,0,,0.00,0.00
هل 2030 بالتقويم الهجري ام الميلادي,,0,,0.00,0.00
هل الشهر القمري هو التقويم الهجري,,0,,0.00,0.00
هونر 9 تعديل التقويم الى هجري,,0,,0.00,0.00
هيكل تقويم هجري,,0,,0.00,0.00
والمسلادي التقويم الهجري,,0,,0.00,0.00
والميلادى التقويم الهجري,,0,,0.00,0.00
ودجت التقويم الهجري,,0,,0.00,0.00
ودجت تقويم هجري ويندوز 7,,0,,0.00,0.00
ورد التقويم الهجري,,0,,0.00,0.00
ورد التقويم الهجري 1441,,0,,0.00,0.00
ورقة تقويم هجري شهر صفر,,0,,0.00,0.00
وزارة الدفاع تقويم الهجري ١٤٤١,,0,,0.00,0.00
وزارة الصحة التقويم الهجري,,0,,0.00,0.00
وكالة لمسات متكاملة التقويم الهجري,,0,,0.00,0.00
ويكيبيديا التقويم الهجري الشمسي,,0,,0.00,0.00
يتيوب عن درس الاسرية التقويم الهجري والميلادي,,0,,0.00,0.00
يتيوب عن فديودرس الاسرية التقويم الهجري والميلادي,,0,,0.00,0.00
يحب التقويم الهجري,,0,,0.00,0.00
يرجى تحديد الفئة العمرية في السياق للتقويم الهجري,,0,,0.00,0.00
١١ ١١ ١٤٤٠ التقويم الهجري,,0,,0.00,0.00
١٤٤٠ التقويم الهجري 1440,,0,,0.00,0.00
١٤٤١ التقويم الهجري 1441,,0,,0.00,0.00
