Keyword,Intent,Volume,Keyword Difficulty,CPC (USD),Competitive Density
باركود,Commercial,49500,38,0.11,0.35
انشاء باركود,"Informational, Commercial",12100,42,0.14,0.60
قارئ الباركود,Informational,12100,35,0.10,0.49
باركود جبل علي,Informational,9900,29,0.00,0.33
باركود مجانا,Informational,9900,41,0.14,0.61
باركود مجاني,Commercial,9900,36,0.14,0.61
تحويل الرابط الى باركود,"Informational, Commercial",9900,27,0.06,0.44
تحويل الصور الى باركود,Informational,9900,20,0.12,0.65
مسح الباركود,Informational,8100,39,0.10,0.17
تحويل الفيديو الى باركود,Informational,6600,28,0.15,0.71
تحويل الى باركود,Informational,5400,17,0.08,0.49
ماسح باركود,Informational,5400,34,0.11,0.32
تحويل باركود,Informational,4400,33,0.08,0.53
تحويل للباركود,Informational,4400,35,0.08,0.53
تحويل بي دي اف الى باركود,Commercial,3600,17,0.12,0.71
تحويل رابط الى باركود,Informational,3600,26,0.09,0.54
صانع الباركود,"Informational, Commercial",3600,41,0.13,0.53
ماسح الباركود,Informational,3600,33,0.09,0.35
عمل باركود,Informational,2900,39,0.14,0.53
فتح الباركود,Informational,2400,33,0.12,0.08
قراءة الباركود,Informational,2400,41,0.11,0.17
مونكي باركود,Informational,2400,19,0.06,0.09
تحويل الصور للباركود,Informational,1900,26,0.10,0.66
إنشاء باركود مجاني,Commercial,1600,34,0.17,0.60
قراءة باركود,Informational,1600,30,0.12,0.15
كيف اسوي باركود,Informational,1600,24,0.24,0.20
باركود تويتر,Informational,1300,31,0.00,0.33
تحويل الرابط إلى باركود,Informational,1300,24,0.10,0.53
تحويل الرابط باركود,Commercial,1300,30,0.08,0.47
تحويل الملف الى باركود,Commercial,1300,23,0.12,0.67
تحويل رابط الى باركود مجانا,Informational,1300,30,0.11,0.44
تحويل رابط الي باركود,"Informational, Commercial",1300,31,0.10,0.53
تحويل فيديو الى باركود,"Informational, Commercial",1300,27,0.15,0.71
تحويل من رابط الى باركود,Informational,1300,28,0.08,0.49
عمل باركود مجاني,Commercial,1300,32,0.13,0.59
فتح باركود,Commercial,1300,30,0.15,0.13
باركود مونكي,"Informational, Transactional",1000,21,0.09,0.21
تحويل ملف pdf الى باركود,"Informational, Commercial",1000,18,0.19,0.69
تصوير الباركود,Informational,1000,36,0.11,0.36
صنع باركود,Commercial,1000,34,0.15,0.49
قارئ الباركود بدون برنامج,Informational,1000,34,0.13,0.09
قارئ باركود,,1000,,0.11,0.44
كيف اسوي باركود اغنيه,"Informational, Transactional",1000,31,0.36,0.33
628 باركود,Informational,880,26,0.00,0.33
الباركود للمنتجات الغذائية,Informational,880,26,0.00,0.33
انشاء باركود لرابط,"Informational, Commercial",880,36,0.17,0.60
باركود اغاني جاهز,"Informational, Transactional",880,11,0.17,0.33
باركود العطور,Informational,880,,0.00,0.33
تحويل الصور إلى باركود,Informational,880,18,0.11,0.55
تحويل الصورة إلى باركود,Commercial,880,23,0.09,0.45
تحويل ملف الى باركود,"Informational, Transactional",880,16,0.10,0.70
شركة باركود لتقييم الأصول,Informational,880,14,0.00,0.03
صور باركود,Informational,880,33,0.33,0.19
عمل باركود لرابط,Informational,880,44,0.13,0.70
واتس ويب باركود,"Informational, Transactional",880,30,0.00,0.00
ادخل رقم الباركود,Informational,720,34,0.17,0.01
انشاء باركود مجانا,Commercial,720,33,0.21,0.69
انشاء باركود مجاني,Informational,720,33,0.21,0.69
باركود 628,Informational,720,27,0.00,0.33
باركود اغاني,Informational,720,5,0.29,0.33
باركود الاسعار,Informational,720,22,0.17,0.33
تحويل الموقع الى باركود,"Informational, Commercial",720,30,0.18,0.68
تحويل مقطع فيديو الى باركود,"Informational, Commercial",720,27,0.29,0.78
تحويل ملف بي دي اف الى باركود,Informational,720,26,0.17,0.74
طريقة عمل باركود,Informational,720,30,0.18,0.35
باركود 629,Informational,590,27,0.00,0.33
باركود الموقع,Commercial,590,32,0.20,0.17
باركود تقدير,Informational,590,23,0.00,0.01
باركود عين,Informational,590,7,0.00,0.33
باركود للموقع,Informational,590,20,0.20,0.17
برنامج الباركود,"Informational, Transactional",590,45,0.16,0.38
تحويل pdf الى باركود,Commercial,590,21,0.11,0.68
تحويل الباركود الى رابط,Informational,590,36,0.07,0.36
تصميم باركود,Commercial,590,28,0.19,0.60
شركة باركود,"Informational, Transactional",590,17,0.00,0.01
شركه باركود,"Informational, Transactional",590,27,0.00,0.01
صانع باركود مجاني,Commercial,590,31,0.11,0.53
طابعة باركود,Informational,590,10,0.26,1.00
كيف امسح الباركود,Informational,590,36,0.15,0.28
كيفية مسح الباركود,Informational,590,36,0.14,0.30
موقع تحويل pdf إلى باركود مجانا,Commercial,590,13,0.12,0.42
امسح الباركود,Informational,480,33,0.09,0.13
باركود السعودية,Informational,480,18,0.00,0.01
باركود الواتس,"Informational, Transactional",480,19,0.20,0.21
باركود الواتساب,Informational,480,20,0.20,0.21
باركود اون لاين,Informational,480,26,0.13,0.04
باركود واتس,"Informational, Transactional",480,32,0.20,0.17
باركود واتس اب,Informational,480,25,0.20,0.21
باركود وزارة الصحة,Informational,480,29,0.00,0.33
باركود ٦٢٩,Informational,480,25,0.00,0.33
تحويل البوربوينت الى باركود,Informational,480,17,0.07,0.37
تحويل بوربوينت الى باركود,"Informational, Transactional",480,27,0.07,0.37
عمل باركود لملف,Commercial,480,20,0.16,0.76
فري باركود,Informational,480,46,0.18,0.03
قارئ الباركود qr,Informational,480,38,0.12,0.33
قراءة الباركود بالكاميرا,Informational,480,36,0.12,0.25
واتساب ويب باركود,"Informational, Transactional",480,27,0.37,0.02
إنشاء باركود لملف pdf,"Informational, Commercial",390,15,0.18,0.51
باركود الامارات,Informational,390,14,0.00,0.33
باركود قوقل,Navigational,390,34,0.17,0.02
تحويل الروابط الى باركود,Commercial,390,27,0.09,0.47
تحويل الملفات إلى باركود,Informational,390,17,0.12,0.55
تحويل مقطع الى باركود,Informational,390,26,0.19,0.72
رابط باركود,Commercial,390,33,0.11,0.56
عمل باركود لصورة,Informational,390,18,0.17,0.60
قراءة الباركود من الصور,"Informational, Transactional",390,30,0.17,0.21
كيف اعرف المنتج اصلي من الباركود,Informational,390,30,0.27,0.17
الباركود السعودي,Navigational,320,22,0.09,0.03
باركود qr,Informational,320,39,0.14,0.40
باركود فيديو,"Informational, Transactional",320,23,0.18,0.71
باركود قارئ الباركود,Informational,320,37,0.00,0.36
باركود لفيديو,Informational,320,,0.20,0.74
باركود مسلسل,"Informational, Transactional",320,22,0.13,0.01
باركود منتجات جبل علي,Informational,320,26,0.00,0.33
برنامج باركود عربي مجاني,Informational,320,29,0.13,0.43
تحويل pdf إلى باركود,"Informational, Commercial",320,17,0.12,0.57
تحويل الرقم الى باركود,Informational,320,27,0.19,0.27
تطبيق الباركود,Informational,320,42,0.18,0.35
جدول باركود الدول,Informational,320,27,0.00,0.33
مولد الباركود,Commercial,320,28,0.09,0.43
واتساب باركود,Informational,320,29,0.27,0.01
إنشاء باركود لرابط,"Informational, Commercial",260,37,0.10,0.42
باركود الصور,"Informational, Transactional",260,30,0.11,0.40
باركود المنتجات,Informational,260,28,0.24,0.20
تحميل الباركود,Commercial,260,36,0.11,0.42
تحويل بدف الى باركود,Informational,260,20,0.09,0.53
توليد باركود,Commercial,260,30,0.13,0.50
طريقة الباركود,Informational,260,36,0.13,0.04
طريقة باركود,Informational,260,35,0.13,0.04
قارئ الباركود اون لاين,Informational,260,15,0.13,0.16
كيف افتح الباركود,"Informational, Transactional",260,25,0.17,0.32
كيفية فتح باركود,Informational,260,38,0.15,0.37
الباركود للمنتجات,Informational,210,21,0.34,0.03
باركود 762,Informational,210,17,0.00,0.33
باركود المنتجات السعودية,Informational,210,20,0.00,0.02
باركود سناب,Informational,210,30,0.04,0.01
خط الباركود,Informational,210,14,0.00,0.33
رمز الباركود,Informational,210,42,0.15,0.24
رموز باركود,Informational,210,36,0.16,0.27
طابعة باركود زيبرا,Informational,210,6,0.22,0.98
طريقة مسح الباركود,Informational,210,26,0.17,0.35
عمل باركود لفيديو,Commercial,210,17,0.20,0.74
كيف احول الرابط الى باركود,Informational,210,28,0.16,0.66
ما هو الباركود,Informational,210,27,0.00,0.33
موقع باركود,Commercial,210,33,0.12,0.48
الباركود الاصلي,Informational,170,33,0.23,0.12
الباركود الاماراتي,,170,,0.00,0.33
البحث بالباركود,Informational,170,29,0.13,0.06
باركود 622,Informational,170,27,0.00,0.33
باركود رابط,Informational,170,35,0.16,0.63
برنامج تحويل الصور الى باركود,Informational,170,17,0.16,0.66
تصميم باركود مجاني,Commercial,170,31,0.20,0.81
جهاز قارئ الباركود,Informational,170,12,0.19,1.00
صناعة باركود مجاني,Informational,170,33,0.21,0.77
طباعة باركود,Informational,170,17,0.26,0.85
طريقة عمل باركود لصورة,Informational,170,20,0.26,0.53
عمل باركود لملف pdf,Informational,170,12,0.27,0.33
قارئ الباركود لاسلكي,Informational,170,5,0.20,0.99
كيف اسوي باركود لرابط,Informational,170,36,0.30,0.75
كيف اعمل باركود,Informational,170,30,0.18,0.65
كيفية عمل باركود,Informational,170,25,0.18,0.16
629 باركود,Informational,140,26,0.00,0.33
ارقام باركود الدول,Informational,140,26,0.00,0.33
الباركود بالعربي,Informational,140,34,0.32,0.02
انشاء رمز باركود,Informational,140,33,0.19,0.79
باركود ملون,Informational,140,34,0.08,0.07
برنامج قارئ الباركود,Informational,140,33,0.20,0.16
برنامج قراءة الباركود,Informational,140,42,0.23,0.08
برنامج مسح الباركود,"Informational, Transactional",140,26,0.19,0.55
تحويل النص الى باركود,Commercial,140,27,0.14,0.43
جهاز باركود,Informational,140,15,0.20,1.00
عمل باركود لموقع,Informational,140,33,0.23,0.73
فتح رابط الباركود,Informational,140,29,0.20,0.15
فتح رابط باركود,Informational,140,30,0.20,0.15
قارئ الباركود جوجل,Navigational,140,44,0.09,0.33
قارئ باركود لاسلكي,Informational,140,7,0.15,1.00
كيف اسوي باركود لصورة,Informational,140,29,0.25,0.78
كيف اقرا الباركود,Informational,140,34,0.17,0.14
كيفية قراءة الباركود,Informational,140,35,0.17,0.14
منتجات جبل علي باركود,Informational,140,25,0.00,0.33
ارقام الباركود,Informational,110,26,0.10,0.05
استعلام عن باركود,Informational,110,19,0.00,0.33
اضافة باركود,Informational,110,33,0.17,0.99
انواع الباركود,,110,,0.00,0.33
باركود 5000,Informational,110,19,0.00,0.01
باركود 761,Informational,110,5,0.00,0.33
باركود png,Informational,110,17,0.19,0.04
باركود الدول,,110,,0.00,0.33
باركود السعوديه,Informational,110,23,0.00,0.33
باركود وزارة التجارة,"Informational, Transactional",110,23,0.00,0.33
برنامج فتح الباركود,Informational,110,36,0.14,0.35
تحميل قارئ الباركود,Informational,110,27,0.09,0.46
تحويل اللوكيشن الى باركود,Commercial,110,20,0.29,0.77
تحويل ملف وورد الى باركود,Informational,110,25,0.14,0.55
سكان باركود,Informational,110,30,0.15,0.36
شكل الباركود,Informational,110,23,0.00,0.21
طابعة باركود لاصق,"Informational, Transactional",110,6,0.41,1.00
طريقة انشاء باركود,Informational,110,23,0.28,0.70
طريقة تحويل الرابط الى باركود,Informational,110,23,0.18,0.65
عمل رابط باركود,Informational,110,31,0.14,0.62
قارئ الباركود للكمبيوتر,,110,,0.71,0.35
قارئ الباركود من الصور,Informational,110,32,0.20,0.30
قراءة الباركود اون لاين,,110,,0.12,0.03
كيف اسوي باركود لفيديو,Informational,110,27,0.28,0.73
لعمل باركود,Informational,110,30,0.08,0.29
معنى باركود,,110,,0.00,0.33
موقع انشاء باركود,Informational,110,29,0.12,0.59
qr باركود,,90,,0.12,0.40
أنشاء باركود,,90,,0.12,0.31
استخراج باركود,,90,,0.14,0.40
استيكر باركود,,90,,0.23,0.28
انشاء رابط باركود,Informational,90,34,0.20,0.63
باركود انشاء,,90,,0.12,0.62
باركود تحويل,,90,,0.07,0.52
باركود مصر,,90,,0.00,0.04
باركود منتج,,90,,0.16,0.43
تحويل الفديو الى باركود,,90,,0.12,0.64
تحويل ملف pdf إلى باركود,,90,,0.14,0.75
دعوة باركود,,90,,0.21,0.48
طريقة عمل باركود لرابط,Informational,90,35,0.24,0.67
طريقة مسح الباركود في الاندرويد,,90,,0.12,0.23
فحص باركود,,90,,0.13,0.23
قارئ الباركود واي فاي,,90,,0.13,0.38
كاميرا باركود,,90,,0.13,0.49
مسلسل باركود الحلقة الاولى,"Informational, Transactional",90,23,0.46,0.02
باركود بيبسي,,70,,0.00,0.01
باركود قوقل ماب,,70,,0.30,0.64
برنامج عمل باركود,,70,,0.18,0.49
تحويل رابط الى باركود مجاني,,70,,0.12,0.29
تطبيق قارئ الباركود,,70,,0.13,0.35
دعوات باركود,,70,,0.21,0.48
موقع صناعة الباركود,,70,,0.17,0.73
برنامج لعمل باركود,,50,,0.18,0.49
تحويل فيديو الى باركود مجانا,,50,,0.08,0.28
تنزيل قارئ الباركود,,50,,0.11,0.31
صانع الباركود اون لاين,,50,,0.17,0.46
صناعة باركود qr,,50,,0.13,0.23
عمل باركود لملف وورد,,50,,0.14,0.45
كاشف الباركود,,50,,0.19,0.34
موقع لعمل الباركود,,50,,0.19,0.67
افضل تطبيق قارئ باركود,,40,,0.15,0.57
باركود فيس بوك,,40,,0.00,0.69
برنامج مبيعات باركود مجاني,,40,,1.29,0.74
تطبيق مسح الباركود,,40,,0.17,0.34
رول باركود,,40,,0.21,1.00
طريقة عمل باركود لفيديو,,40,,0.25,0.63
طريقة عمل باركود لملف pdf,,40,,0.28,0.70
طريقة فتح الباركود,,40,,0.15,0.30
عمل باركود اغنيه,,40,,0.22,0.86
كيف يعمل قارئ الباركود,,40,,0.00,0.46
مسح باركود اون لاين,,40,,0.07,0.07
موقع عمل باركود,,40,,0.19,0.67
whatsapp باركود,,30,,0.00,0.33
اجهزة باركود للبيع,,30,,0.00,1.00
ارقام الباركود لدول العالم,,30,,0.00,0.33
استراتيجية الباركود في التعليم,,30,,0.00,0.33
افضل برنامج لقراءة الباركود للايفون,,30,,0.00,0.57
افضل موقع لعمل باركود,,30,,0.32,0.86
الباركود المدرسي,,30,,0.00,0.33
الباركود للايفون,,30,,0.00,0.13
البحث برقم الباركود,,30,,0.00,0.16
البحث عن المنتج برقم الباركود,,30,,0.17,0.44
التأكد من الباركود,,30,,0.25,0.25
الحصول على باركود,,30,,0.15,0.70
الماسح الضوئي الباركود,,30,,0.16,0.42
باركود 625,,30,,0.00,0.33
باركود اسرائيل,,30,,0.00,0.33
باركود الزكاة والدخل,,30,,0.58,0.33
باركود الصناعة,,30,,0.00,0.33
باركود الكويت,,30,,0.00,0.03
باركود المانيا,,30,,0.00,0.33
باركود انستقرام,,30,,0.19,0.17
باركود جينيريتور,,30,,0.20,0.17
باركود سناب شات,,30,,0.00,0.02
باركود طويل,,30,,0.00,0.05
باركود عمل,,30,,0.17,0.65
باركود كولا,,30,,0.00,0.20
باركود مالبورو,,30,,0.00,0.33
باركود واتس اب ويب,,30,,0.00,0.07
باركود وزارة التعليم,,30,,0.00,0.33
برنامج الباركود للحلقات,,30,,0.00,0.33
برنامج تحضير الطلاب بالباركود,,30,,0.00,0.18
برنامج تحضير الموظفين بالباركود,,30,,0.00,0.86
برنامج صانع الباركود,,30,,0.16,0.66
برنامج قراءة الباركود للكمبيوتر,,30,,0.00,0.02
برنامج لصنع باركود,,30,,0.22,0.78
برنامج لعمل الباركود للمنتجات,,30,,0.38,0.38
برنامج ماسح الباركود,,30,,0.25,0.36
بطاقة باركود,,30,,0.20,0.71
تحميل برنامج باركود زيبرا,,30,,0.00,0.33
تحميل برنامج طباعة الباركود,,30,,0.00,0.07
تحميل برنامج قارئ الباركود,,30,,0.00,0.57
تحميل فيديو باركود,,30,,0.16,0.56
تحميل قارئ الباركود للكمبيوتر,,30,,0.00,0.21
تحويل اغنية الى باركود,,30,,0.15,0.68
تحويل البي دي اف الى باركود,,30,,0.09,0.29
تحويل الرابط إلى باركود مجاني,,30,,0.09,0.37
تحويل الرابط للباركود,,30,,0.11,0.25
تحويل الروابط للباركود,,30,,0.13,0.60
تسجيل الحضور بالباركود,,30,,0.00,0.00
تطبيق معرفة بلد الصنع بواسطة الباركود,,30,,0.00,0.33
تعديل الباركود,,30,,0.19,0.86
تعريف الباركود,,30,,0.00,0.04
تعريف الباركود على الكمبيوتر,,30,,0.00,0.33
تعريف طابعة باركود zebra gk420t,,30,,0.00,0.16
تنزيل قارئ الباركود مجانا,,30,,0.00,0.71
جهاز كاشير باركود,,30,,0.00,1.00
جهاز مسح الباركود,,30,,0.19,1.00
حبل الباركود,,30,,0.00,1.00
خطوط باركود مجانية,,30,,0.00,0.33
دعوات الكترونية بالباركود,,30,,0.00,0.43
دورة الباركود,,30,,0.00,0.33
ضبط اعدادات طابعة باركود xprinter,,30,,0.00,0.76
طابعة باركود زيبرا gk420t,,30,,0.25,1.00
طريقة تصميم الباركود,,30,,0.22,0.65
طريقة شحن بطاقة سوا بالباركود,,30,,0.00,0.29
طريقة عمل الباركود للمحلات,,30,,0.00,0.71
طريقة قراءة الباركود في الاندرويد,,30,,0.00,0.33
طريقة مسح الباركود في الايفون,,30,,0.26,0.05
عطر باركود,,30,,0.00,0.97
عمل باركود لملف pdf مجانا,,30,,0.22,0.88
فتح موقع عن طريق الباركود,,30,,0.00,0.29
قارئ الباركود في الايفون,,30,,0.23,0.23
قارئ الباركود لا يعمل,,30,,0.00,0.54
قارئ الباركود مجانا,,30,,0.13,0.36
قارئ الباركود هواوي,,30,,0.00,1.00
قارئ باركود اندرويد,,30,,0.12,1.00
قراءة الباركود للايفون,,30,,0.21,0.36
كتابة باركود,,30,,0.15,0.46
كيف اسجل عن طريق الباركود,,30,,0.00,0.04
كيف اسوي باركود بالجوال,,30,,0.15,0.61
كيف اسوي باركود لموقع,,30,,0.28,0.99
كيف اسوي مسح باركود,,30,,0.21,0.07
كيف اصمم باركود,,30,,0.15,0.74
كيف اطلع الباركود حق الواتس,,30,,0.00,0.33
كيف اعرف العطر الاصلي من الباركود,,30,,0.00,0.17
كيف اعمل باركود لمنتج,,30,,0.38,0.90
كيف انشئ باركود,,30,,0.14,0.62
كيف تصنع باركود,,30,,0.22,0.76
كيف تصنع باركود خاص بك,,30,,0.22,0.95
كيفية الحصول على باركود لمنتج,,30,,0.33,1.00
كيفية تصميم باركود,,30,,0.18,0.72
كيفية معرفة المنتج الاصلي عن طريق الباركود,,30,,0.20,0.25
كيفية معرفة بلد المنشأ من الباركود,,30,,0.00,0.05
ليبل باركود,,30,,0.00,1.00
ماسح باركود للايفون,,30,,0.00,0.33
مسح الباركود ايفون,,30,,0.00,0.14
مشكلة عدم قراءة الباركود,,30,,0.00,0.33
موقع باركود مجاني,,30,,0.20,0.79
موقع تحويل الرابط الى باركود,,30,,0.12,0.69
موقع تحويل الصور الى باركود,,30,,0.12,0.71
موقع صانع الباركود,,30,,0.00,0.26
موقع لانشاء باركود,,30,,0.21,0.71
موقع يحول الرابط الى باركود,,30,,0.15,0.71
ميزان باركود,,30,,0.17,1.00
نظام الباركود للمحلات,,30,,0.00,1.00
هدايا باركود,,30,,0.00,1.00
ورق باركود,,30,,0.38,1.00
4030 باركود,,20,,0.00,0.06
6294 باركود,,20,,0.00,0.33
762 باركود,,20,,0.00,0.33
اجهزة باركود,,20,,0.00,1.00
اختصار الباركود,,20,,0.15,0.10
اختصار الروابط باركود,,20,,0.14,0.53
استخدام الباركود,,20,,0.16,0.29
استخدام الباركود في التعليم,,20,,0.00,0.04
استخدام الباركود في العملية التعليمية,,20,,0.00,0.04
استراتيجية الباركود,,20,,0.00,0.33
اسعار طابعة الباركود,,20,,0.00,0.86
اسعار قارئ الباركود,,20,,0.00,0.86
اظهار باركود الواي فاي ايفون,,20,,0.00,0.33
اعدادات طابعة الباركود زيبرا gk420t,,20,,0.00,0.33
اعدادات طباعة الباركود,,20,,0.00,0.21
اعدادات قارئ الباركود,,20,,0.00,0.29
افضل برنامج باركود,,20,,0.29,0.55
افضل برنامج باركود للاندرويد,,20,,0.00,1.00
افضل برنامج قارئ باركود للايفون,,20,,0.00,0.76
افضل تطبيق لقراءة الباركود,,20,,0.00,0.00
افضل طابعة باركود,,20,,0.25,1.00
افضل قارئ باركود,,20,,0.21,0.98
اكواد باركود,,20,,0.00,0.21
الباركود الجديد,,20,,0.00,0.00
الباركود المربع,,20,,0.00,0.00
الباركود بالانجليزي,,20,,0.00,0.33
الباركود في الايفون,,20,,0.00,0.18
الباركود للواتس اب,,20,,0.00,0.00
الباركود ماهو,,20,,0.00,0.33
البحث عن طريق الباركود,,20,,0.16,0.33
البحث عن منتج بالباركود,,20,,0.19,0.28
البحث في قوقل بالباركود,,20,,0.07,0.33
التحضير بالباركود,,20,,0.00,0.33
التسجيل عن طريق الباركود,,20,,0.00,0.00
الحصول على باركود لمنتج,,20,,0.00,0.86
العنوان الوطني باركود,,20,,0.00,0.33
الفرق بين الباركود والكيو ار كود,,20,,0.00,0.01
الكشف عن باركود,,20,,0.00,0.29
ان شاء باركود,,20,,0.12,0.30
انشاء باركود qr,,20,,0.19,0.77
انشاء باركود اغنيه,,20,,0.00,0.82
انشاء باركود اون لاين,,20,,0.12,0.40
انشاء باركود دائم,,20,,0.35,0.91
انشاء باركود لصورة,,20,,0.24,0.76
انشاء باركود لملف pdf,,20,,0.25,0.86
انشاء باركود لمنتج,,20,,0.47,0.45
انشاء باركود لموقع جغرافي,,20,,0.24,0.82
انشاء باركود ملون,,20,,0.12,0.60
انشاء باركود منتج,,20,,0.60,0.62
انواع الباركود pdf,,20,,0.00,0.05
اهمية الباركود,,20,,0.00,0.33
ايقونة باركود,,20,,0.00,0.33
باركود 0123,,20,,0.00,0.33
باركود 403,,20,,0.00,0.33
باركود 4033,,20,,0.00,0.33
باركود 6281,,20,,0.00,0.33
باركود 6291,,20,,0.00,0.00
باركود 6294,,20,,0.00,0.33
باركود 694,,20,,0.00,0.33
باركود 7612,,20,,0.00,0.00
باركود 7622,,20,,0.00,0.33
باركود 841,,20,,0.00,0.33
باركود اتصالات,,20,,0.00,0.33
باركود اغنية عيد ميلاد,,20,,0.18,0.14
باركود الادوية,,20,,0.00,0.01
باركود الامارات الجديد,,20,,0.00,0.33
باركود التاشيرة,,20,,0.00,0.33
باركود الجوال,,20,,0.07,0.67
باركود السلع,,20,,0.00,0.03
باركود الشريحه,,20,,0.00,0.19
باركود العطر الاصلي,,20,,0.00,0.45
باركود العطور الاصليه,,20,,0.29,0.21
باركود العطور الفرنسية,,20,,0.00,1.00
باركود العنوان الوطني,,20,,0.00,0.03
باركود الكتب,,20,,0.00,0.09
باركود الكتب المدرسية,,20,,0.00,0.34
باركود المنتجات الاماراتية,,20,,0.00,0.33
باركود المنتجات المصرية,,20,,0.00,0.33
باركود الواتس اب للايفون,,20,,0.00,0.33
باركود انستا,,20,,0.19,0.17
باركود انكر,,20,,0.00,0.86
باركود بريطانيا,,20,,0.00,0.33
باركود بنده,,20,,0.00,0.01
باركود بولندا,,20,,0.00,0.33
باركود تويوتا,,20,,0.00,0.33
باركود جاهز,,20,,0.15,0.31
باركود جاهز للطباعة,,20,,0.00,1.00
باركود جديد,,20,,0.16,0.63
باركود جرير,,20,,0.62,0.42
باركود خصم نون,,20,,0.39,0.70
باركود دبي,,20,,0.00,0.02
باركود دول العالم,,20,,0.00,0.33
باركود ريدر,,20,,0.26,0.98
باركود سكانر,,20,,0.19,1.00
باركود سكنر,,20,,0.00,0.78
باركود سوبر ماركت,,20,,0.00,0.33
باركود سينما,,20,,0.00,0.33
باركود شحن سوا,,20,,0.00,1.00
باركود شريطي,,20,,0.00,0.10
باركود طولي,,20,,0.00,0.08
باركود عطر فرزاتشي,,20,,0.00,1.00
باركود عمان,,20,,0.00,0.33
باركود فاضي,,20,,0.19,0.19
باركود كيو ار,,20,,0.17,0.48
باركود لاغنية,,20,,0.00,0.10
باركود لغتي,,20,,0.00,0.02
باركود للبيع,,20,,0.00,1.00
باركود للتصميم,,20,,0.20,0.33
باركود للتقييم العقاري,,20,,2.72,0.37
باركود لموقع,,20,,0.18,0.36
باركود لوكيشن,,20,,0.23,0.81
باركود ماكدونالدز,,20,,0.00,0.05
باركود مزخرف,,20,,0.07,0.44
باركود مسابقات,,20,,0.00,0.00
باركود مفرغ,,20,,0.28,0.25
باركود هديه,,20,,0.00,0.82
باركود وزارة العدل,,20,,0.00,0.33
باركود وورد,,20,,0.11,0.29
باركود ١٢٣,,20,,0.00,0.33
بحث باركود جوجل,,20,,0.07,0.25
برمجة الباركود,,20,,0.00,0.33
برمجة قارئ الباركود,,20,,0.00,0.50
برمجة قارئ الباركود honeywell,,20,,0.00,0.18
برمجة قارئ الباركود symbol,,20,,0.00,0.16
برنامج إنشاء باركود,,20,,0.00,0.64
برنامج الباركود التحفيزي,,20,,0.00,0.33
برنامج التحقق من الباركود,,20,,0.00,0.71
برنامج انشاء باركود للايفون,,20,,0.00,1.00
برنامج باركود للكمبيوتر,,20,,0.00,0.09
برنامج باركود لمعرفة المنتج الاصلي,,20,,0.21,0.61
برنامج تحويل الباركود,,20,,0.17,0.79
برنامج تحويل الرابط الى باركود,,20,,0.16,0.59
برنامج تحويل الرابط الى باركود للايفون,,20,,0.00,0.86
برنامج تسجيل حضور الطلاب بالباركود,,20,,0.80,0.57
برنامج تشغيل الباركود,,20,,0.00,0.86
برنامج تصميم باركود,,20,,0.20,0.69
برنامج تصميم باركود مجاني,,20,,0.11,0.79
برنامج توليد الباركود,,20,,0.00,0.86
برنامج توليد باركود مجاني,,20,,0.15,0.49
برنامج حضور وانصراف الموظفين بالباركود,,20,,3.03,0.82
برنامج زيبرا لطباعة الباركود,,20,,0.00,0.03
برنامج صانع الباركود qr,,20,,0.00,0.46
برنامج صانع باركود مجاني,,20,,0.00,0.62
برنامج صناعة الباركود عربي,,20,,0.19,1.00
برنامج صنع باركود,,20,,0.19,0.86
برنامج طباعة الباركود,,20,,0.38,0.36
برنامج طباعة الباركود زيبرا gk420t,,20,,0.00,0.05
برنامج طباعة الباركود عربي مجاني,,20,,0.00,0.13
برنامج طباعة الباركود مجانا,,20,,0.30,0.37
برنامج طباعة ملصقات الباركود,,20,,0.00,0.43
برنامج عمل باركود لمنتج,,20,,0.38,0.38
برنامج عمل باركود مجاني,,20,,0.21,0.61
برنامج قارئ الباركود للايفون,,20,,0.00,0.00
برنامج قارئ الباركود للكمبيوتر,,20,,0.00,0.05
برنامج قراءة الباركود للايفون,,20,,0.00,1.00
برنامج كشف الباركود,,20,,0.19,0.75
برنامج لصنع الباركود,,20,,0.22,0.78
برنامج لعمل الباركود مجانا,,20,,0.21,0.61
برنامج لقراءة الباركود,,20,,0.22,0.64
برنامج لقراءة الباركود للايفون,,20,,0.00,0.36
برنامج ملصقات الباركود,,20,,0.00,0.14
برنامج يسوي باركود,,20,,0.20,0.88
برنامج يطلع الباركود,,20,,0.00,0.93
تاتو باركود,,20,,0.00,0.29
تثبيت قارئ الباركود,,20,,0.00,0.00
تحضير الطلاب بالباركود,,20,,0.00,0.23
تحميل الباركود للكمبيوتر,,20,,0.00,0.20
تحميل البرامج عن طريق الباركود,,20,,0.00,0.71
تحميل برنامج الباركود,,20,,0.14,0.36
تحميل برنامج الباركود مجانا,,20,,0.15,0.43
تحميل برنامج تصميم الباركود,,20,,0.00,0.86
تحميل برنامج صانع الباركود مجانا,,20,,0.13,0.57
تحميل برنامج صناعة الباركود مجانا,,20,,0.16,0.70
تحميل برنامج ماسح الباركود,,20,,0.00,0.00
تحميل جميع خطوط الباركود,,20,,0.00,0.33
تحميل خط الباركود,,20,,0.00,0.01
تحميل خط باركود 39,,20,,0.00,0.01
تحويل الرابط الى باركود للايفون,,20,,0.00,0.79
تحويل الصورة باركود,,20,,0.18,0.31
تحويل الصورة للباركود,,20,,0.10,0.33
تحويل الكلام الى باركود,,20,,0.14,0.64
تحويل اليوتيوب الى باركود,,20,,0.14,0.80
تحويل صورة الى باركود,,20,,0.00,0.02
تحويل عرض بوربوينت الى باركود,,20,,0.10,0.53
تحويل مقطع الفيديو الى باركود,,20,,0.18,0.42
تحويل مقطع يوتيوب الى باركود,,20,,0.19,0.84
تسجيل باركود,,20,,0.16,0.13
تصميم باركود اون لاين,,20,,0.00,0.57
تطبيق الباركود للايفون,,20,,0.00,0.71
تطبيق انشاء باركود,,20,,0.28,0.69
تطبيق يقرأ الباركود,,20,,0.00,0.86
تعريف باركود,,20,,0.00,0.04
تعريف طابعة الباركود gk420t,,20,,0.00,0.33
تعريف طابعة باركود bixolon,,20,,0.00,0.33
تعريف طابعة باركود gk420t,,20,,0.00,0.33
تعريف طابعة باركود honeywell,,20,,0.00,0.21
تعريف طابعة باركود xprinter,,20,,0.00,0.07
تعريف قارئ الباركود,,20,,0.00,0.14
تعريف قارئ الباركود datalogic,,20,,0.00,0.33
تعريف قارئ الباركود honeywell,,20,,0.00,0.31
تعريف قارئ الباركود symbol ls2208,,20,,0.00,0.05
تفعيل باركود,,20,,0.19,0.72
تنزيل باركود,,20,,0.14,0.41
تنزيل برنامج باركود,,20,,0.13,0.39
تنزيل خطوط الباركود,,20,,0.00,0.33
جهاز الباركود للمحلات,,20,,0.00,0.00
جهاز طباعة الباركود,,20,,0.22,1.00
جهاز قارئ الباركود جرير,,20,,0.21,1.00
جهاز قارئ الباركود للكمبيوتر,,20,,0.00,0.00
جهاز قراءة الباركود,,20,,0.18,1.00
جهاز ماسح الباركود,,20,,0.18,1.00
جوجل باركود,,20,,0.11,0.32
حل مشكلة الباركود,,20,,0.00,0.33
خط باركود 128,,20,,0.00,0.33
خطوات عمل باركود,,20,,0.16,0.53
دخول باركود,,20,,0.11,0.23
دورة عن الباركود,,20,,0.00,0.33
رابط عمل باركود,,20,,0.13,0.54
رفع فيديو باركود,,20,,0.29,0.62
رفع ملف باركود,,20,,0.22,0.73
رقم الباركود,,20,,0.00,0.02
رقم باركود السعودية,,20,,0.00,0.33
رياضة باركود,,20,,0.00,0.33
سعر جهاز الباركود,,20,,0.00,0.64
سعر جهاز الباركود للمحلات,,20,,0.15,1.00
سعر طابعة باركود,,20,,0.00,0.86
سعر طابعة باركود zebra,,20,,0.00,0.00
سكرابز باركود,,20,,0.00,0.17
شحن سوا عن طريق الباركود,,20,,0.00,1.00
شرح ارقام الباركود,,20,,0.00,0.33
شرح الباركود,,20,,0.00,0.33
شعار باركود,,20,,0.00,0.12
صانع الباركود qr,,20,,0.22,0.56
صنع باركود لصورة,,20,,0.20,0.78
ضبط اعدادات طابعة الباركود,,20,,0.00,0.33
طابعة الباركود تطبع ورقتين,,20,,0.00,0.71
طابعة باركود zebra,,20,,0.00,1.00
طابعة باركود zebra gk420t,,20,,0.00,0.86
طابعة باركود بلوتوث,,20,,0.22,1.00
طابعة باركود جرير,,20,,0.28,1.00
طابعة باركود هانيويل,,20,,0.00,1.00
طابعة زيبرا باركود,,20,,0.25,1.00
طباعة الباركود zebra,,20,,0.00,1.00
طباعة الباركود على ورق a4,,20,,0.00,0.90
طباعة الباركود من الاكسل,,20,,0.00,0.33
طباعة باركود اون لاين,,20,,0.00,0.38
طريقة استخدام الباركود,,20,,0.15,0.43
طريقة استخدام الباركود للايفون,,20,,0.00,0.39
طريقة الباركود في الايفون,,20,,0.21,0.32
طريقة الباركود في التعليم,,20,,0.00,0.33
طريقة البحث بالباركود,,20,,0.16,0.29
طريقة التسجيل بالباركود,,20,,0.00,0.33
طريقة التسجيل عن طريق الباركود,,20,,0.00,0.33
طريقة المسح على الباركود,,20,,0.16,0.62
طريقة تحميل الباركود,,20,,0.00,0.48
طريقة تشغيل قارئ الباركود,,20,,0.00,0.81
طريقة تصميم باركود,,20,,0.22,0.65
طريقة تعريف طابعة الباركود,,20,,0.00,0.33
طريقة شحن سوا بالباركود,,20,,0.00,0.13
طريقة صناعة باركود,,20,,0.00,1.00
طريقة طباعة الباركود,,20,,0.00,0.78
طريقة عمل الباركود في الايفون,,20,,0.20,0.55
طريقة عمل الباركود للمنتجات,,20,,0.41,0.71
طريقة عمل باركود اغنية,,20,,0.00,0.71
طريقة عمل باركود المنتجات,,20,,0.33,0.71
طريقة عمل باركود خاص,,20,,0.00,0.86
طريقة عمل باركود خاص بي,,20,,0.00,0.22
طريقة عمل باركود للموقع,,20,,0.26,0.76
طريقة عمل باركود لمقطع فيديو,,20,,0.28,0.62
طريقة عمل باركود لملف بي دي اف,,20,,0.00,0.73
طريقة عمل باركود لملف وورد,,20,,0.19,0.64
طريقة عمل باركود لموقع,,20,,0.26,0.76
طريقة قراءة الباركود,,20,,0.21,0.44
طريقة قراءة الباركود في الكمبيوتر,,20,,0.00,0.08
طريقة نسخ الباركود,,20,,0.20,0.21
طريقة وضع باركود,,20,,0.24,0.66
علامة الباركود,,20,,0.00,0.25
عمل باركود qr,,20,,0.16,0.78
عمل باركود اون لاين,,20,,0.16,0.67
عمل باركود بالاكسل,,20,,0.00,0.33
عمل باركود خاص,,20,,0.00,1.00
عمل باركود خاص بي,,20,,0.23,0.81
عمل باركود شخصي,,20,,0.00,1.00
عمل باركود لاغنيه,,20,,0.22,0.86
عمل باركود لمقطع فيديو,,20,,0.26,0.74
عمل باركود لملف بوربوينت,,20,,0.20,0.63
عمل باركود لملف بي دي اف,,20,,0.17,0.81
عمل باركود لمنتج,,20,,0.44,0.42
عمل باركود ملون,,20,,0.12,0.32
عمل باركود واتس اب,,20,,0.22,0.77
فائدة الباركود,,20,,0.00,0.33
فتح الباركود من الكمبيوتر,,20,,0.00,0.33
فك باركود,,20,,0.13,0.20
فوائد الباركود,,20,,0.00,0.33
قارئ الباركود apk,,20,,0.06,0.23
قارئ الباركود المطور,,20,,0.00,1.00
قارئ الباركود بدون تحميل,,20,,0.00,0.07
قارئ الباركود تحميل,,20,,0.00,0.29
قارئ الباركود سامسونج,,20,,0.00,0.09
قارئ الباركود قوقل,,20,,0.13,0.45
قارئ الباركود لا يقرأ بعض الباركود,,20,,0.00,0.33
قارئ الباركود للاندرويد,,20,,0.12,1.00
قارئ الباركود للايفون,,20,,0.21,0.39
قارئ الباركود للكمبيوتر اون لاين,,20,,0.00,0.33
قارئ الباركود مجاني,,20,,0.08,0.42
قارئ الباركود موقع,,20,,0.00,0.35
قارئ الباركود وزارة التجارة,,20,,0.00,0.33
قارئ باركود honeywell,,20,,0.00,1.00
قارئ باركود الجوازات,,20,,0.00,0.00
قارئ باركود العطور,,20,,0.00,0.18
قارئ باركود ثابت,,20,,0.15,1.00
قارئ باركود زيبرا,,20,,0.22,1.00
قارىء باركود,,20,,0.08,0.82
قاعدة بيانات الادوية بالباركود,,20,,0.00,0.14
قراءة الباركود بالكمبيوتر,,20,,0.00,0.33
قراءة الباركود بالموبايل,,20,,0.14,0.36
قراءة الباركود بالموبايل وربطه بالكمبيوتر,,20,,0.00,0.33
قراءة الباركود للكمبيوتر,,20,,0.00,0.33
قراءة الباركود من الكمبيوتر,,20,,0.00,0.33
قرائة الباركود في الايفون,,20,,0.15,0.19
كيف احط الباركود,,20,,0.19,0.68
كيف احول ملف بي دي اف الى باركود,,20,,0.20,0.68
كيف ادخل على الباركود,,20,,0.17,0.40
كيف اسوي باركود خاص بي,,20,,0.00,0.29
كيف اسوي باركود لاغنيه,,20,,0.25,0.87
كيف اطبع باركود,,20,,0.20,0.81
كيف اطبع باركود اغنيه,,20,,0.00,0.71
كيف اطلع باركود اغنيه,,20,,0.17,0.16
كيف اعرف ان العطر اصلي من الباركود,,20,,0.00,0.10
كيف اعرف تاريخ الانتهاء من الباركود,,20,,0.28,0.23
كيف اعمل باركود خاص بي,,20,,0.12,0.60
كيف اعمل باركود لرابط,,20,,0.23,0.77
كيف افتح الباركود في الكتب المدرسيه,,20,,0.00,0.57
كيف امسح الباركود للاندرويد,,20,,0.00,0.57
كيف انسخ باركود اغنيه,,20,,0.00,0.00
كيف تسوي باركود,,20,,0.20,0.73
كيف طريقة مسح الباركود,,20,,0.17,0.30
كيف نعمل باركود,,20,,0.17,0.71
كيف يتم عمل الباركود,,20,,0.15,0.65
كيف يتم قراءة الباركود,,20,,0.20,0.71
كيف يعمل الباركود,,20,,0.00,0.33
كيفية استخدام الباركود,,20,,0.17,0.39
كيفية استخدام قارئ الباركود,,20,,0.00,1.00
كيفية الحصول على الباركود,,20,,0.00,0.29
كيفية انشاء باركود,,20,,0.21,0.72
كيفية تحويل الرابط الى باركود,,20,,0.17,0.76
كيفية تشغيل قارئ الباركود,,20,,0.00,0.00
كيفية طباعة الباركود,,20,,0.00,0.51
كيفية طباعة ملصقات الباركود,,20,,0.00,1.00
كيفية عمل الباركود للمنتجات,,20,,0.31,0.58
كيفية عمل باركود المنتجات,,20,,0.00,0.00
كيفية عمل باركود لصورة,,20,,0.16,0.86
كيفية عمل باركود لملف,,20,,0.22,0.71
كيفية عمل باركود لمنتج,,20,,0.31,0.58
كيفية عمل باركود لموقع,,20,,0.25,0.83
كيفية قراءة الباركود في الايفون,,20,,0.00,0.14
ما معنى الباركود,,20,,0.00,0.33
ما هو قارئ الباركود,,20,,0.00,0.57
ماسح الباركود للكمبيوتر,,20,,0.00,0.27
ماسح باركود اون لاين,,20,,0.00,0.24
ماكينة باركود,,20,,0.22,1.00
ماكينة طباعة باركود,,20,,0.24,1.00
محلات بيع قارئ الباركود,,20,,0.00,1.00
مخترع الباركود,,20,,0.00,0.33
مسابقة الباركود,,20,,0.00,0.33
مسلسل باركود,,20,,0.04,0.05
مصمم باركود,,20,,0.20,0.78
مصور الباركود,,20,,0.10,0.33
مطعم باركود ثول,,20,,0.00,0.33
معادلة الباركود,,20,,0.00,0.00
معرفة العطر الاصلي من الباركود,,20,,0.00,0.73
معرفة المنتج الاصلي عن طريق الباركود,,20,,0.00,0.43
معرفة المنتج عن طريق الباركود,,20,,0.00,0.04
معرفة المنتج من الباركود,,20,,0.20,0.47
معرفة بلد الصنع من الباركود,,20,,0.00,0.08
معرفة بلد المنتج من الباركود,,20,,0.00,0.11
معرفة تاريخ الانتهاء من الباركود,,20,,0.14,0.15
معلومات عن الباركود,,20,,0.00,0.33
مقاس الباركود,,20,,0.00,1.00
مقاسات طابعة الباركود,,20,,0.00,0.00
مميزات الباركود,,20,,0.00,0.33
موازين باركود,,20,,0.00,1.00
موقع انشاء باركود مجاني,,20,,0.20,0.73
موقع تحويل الرابط إلى باركود,,20,,0.00,1.00
موقع تحويل الروابط الى باركود,,20,,0.11,0.89
موقع تصميم باركود,,20,,0.23,0.69
موقع عمل باركود مجاني,,20,,0.23,0.86
موقع قارئ الباركود,,20,,0.00,0.06
موقع قارئ الباركود للكمبيوتر,,20,,0.00,0.33
موقع لعمل باركود مجاني,,20,,0.23,0.86
موقع لقراءة الباركود,,20,,0.00,0.02
موقع مسح الباركود,,20,,0.11,0.14
موقع معرفة العطر الأصلي من الباركود,,20,,0.00,0.33
موقع مونكي باركود,,20,,0.15,0.50
موقع يسوي باركود,,20,,0.22,0.77
ميزان باركود aclas,,20,,0.00,0.48
نظام الباركود,,20,,0.00,0.88
نموذج باركود,,20,,0.00,0.54
هيئة الغذاء والدواء باركود,,20,,0.00,0.33
ورق باركود a4,,20,,0.00,0.80
ورق باركود لاصق,,20,,0.20,1.00
وزارة التجارة باركود,,20,,0.00,0.33
وضع باركود لرابط,,20,,0.18,0.84
6008 باركود اي دولة,,10,,0.00,0.33
6281 باركود,,10,,0.00,0.33
whatsapp web باركود,,10,,0.00,0.00
أرقام الباركود لجميع دول العالم,,10,,0.00,0.33
إعدادات طابعة الباركود zebra lp 2824,,10,,0.00,0.33
ادخال باركود,,10,,0.15,0.40
اصدار باركود,,10,,0.23,0.86
اصنع باركود,,10,,0.19,0.48
اعدادات طابعة الباركود,,10,,0.00,0.33
افضل باركود للايفون,,10,,0.00,0.57
افضل تطبيق باركود,,10,,0.00,0.00
افضل ماسح باركود للاندرويد,,10,,0.00,0.71
الباركود pdf,,10,,0.00,0.00
الباركود العالمي,,10,,0.00,0.04
الباركود العماني,,10,,0.00,0.33
الباركود في التعليم,,10,,0.00,0.33
التحقق من الباركود,,10,,0.20,0.29
انشاء باركود لملف وورد,,10,,0.14,0.54
اهمية الباركود في التعليم,,10,,0.00,0.00
باركود 028,,10,,0.00,0.33
باركود 4030,,10,,0.00,0.33
باركود 600,,10,,0.00,0.33
باركود البضائع,,10,,0.00,0.33
باركود الدروس,,10,,0.00,0.00
باركود الفيس بوك,,10,,0.00,0.36
باركود الكتب المدرسية السعودية,,10,,0.00,0.07
باركود الوتساب,,10,,0.00,0.33
باركود اليابان,,10,,0.00,0.33
باركود امريكا,,10,,0.00,0.33
باركود ايفون,,10,,0.00,0.13
باركود تعليمي,,10,,0.00,0.09
باركود جوجل ماب,,10,,0.21,0.71
باركود خصم كريم,,10,,0.00,0.00
باركود شوب,,10,,0.00,0.00
باركود صانع,,10,,0.17,0.79
باركود كتاب لغتي,,10,,0.00,0.33
باركود كريم,,10,,0.00,0.03
باركود ميكر,,10,,0.21,0.76
باركود نون,,10,,0.00,0.02
باركود هدايا,,10,,0.00,0.82
باركود ٦٢٢,,10,,0.00,0.33
بحث عن الباركود,,10,,0.14,0.25
بحث عن الباركود pdf,,10,,0.00,0.00
بديل الباركود,,10,,0.00,0.09
برنامج الباركود للمنتجات,,10,,0.15,0.36
برنامج الباركود للمنتجات الاصليه,,10,,0.29,0.46
برنامج انشاء باركود,,10,,0.22,0.78
برنامج باركود عربي,,10,,0.00,0.71
برنامج باركود للايفون,,10,,0.00,0.00
برنامج تحويل الرقم الى باركود,,10,,0.00,0.33
برنامج تحويل الروابط الى باركود,,10,,0.00,0.71
برنامج تحويل النص الى باركود,,10,,0.00,0.86
برنامج طباعة الباركود زيبرا,,10,,0.00,0.07
برنامج كتابة الباركود,,10,,0.00,0.00
برنامج معرفة العطر الأصلي من الباركود,,10,,0.21,0.15
برنامج معرفة العطر الاصلي من الباركود,,10,,0.00,0.33
برنامج يحول الرابط الى باركود,,10,,0.21,0.82
برنامج يحول الرابط للباركود,,10,,0.00,0.00
تتبع شحنة زاجل بالباركود,,10,,0.00,0.00
تحميل برنامج الباركود للكمبيوتر,,10,,0.00,0.06
تحميل خط باركود,,10,,0.00,0.01
تحميل خط باركود 128,,10,,0.00,0.33
تحويل الارقام الى باركود,,10,,0.07,0.27
تحويل الورد الى باركود,,10,,0.10,0.54
تحويل الوورد الى باركود,,10,,0.10,0.59
تحويل رابط يوتيوب الى باركود,,10,,0.14,0.79
تصميم باركود لموقع,,10,,0.27,0.72
تصوير الباركود هواوي,,10,,0.00,0.00
تطبيق تحويل الرابط الى باركود,,10,,0.19,0.73
تعريف باركود honeywell,,10,,0.00,1.00
تعريف طابعة باركود,,10,,0.00,0.44
تعريف طابعة باركود zebra tlp 2844,,10,,0.00,0.29
تعريف طابعة باركود زيبرا gk420t,,10,,0.00,0.33
تعريف قارئ الباركود symbol,,10,,0.00,0.28
تقنية الباركود,,10,,0.00,0.00
جهاز باركود للجرد,,10,,0.00,0.00
جهاز باركود مستعمل للبيع,,10,,0.00,0.00
جوجل قارئ الباركود,,10,,0.00,0.24
دواء باركود,,10,,0.00,0.33
رفع الصور باركود,,10,,0.19,0.67
رفع الملفات باركود,,10,,0.22,0.73
رمز الباركود للدول,,10,,0.00,0.00
رموز الدول في الباركود,,10,,0.00,0.33
سناب شات باركود,,10,,0.00,0.14
شرح استراتيجية الباركود,,10,,0.00,0.00
شركات الباركود في السعودية,,10,,0.00,0.33
شريط باركود,,10,,0.00,1.00
صنع باركود خاص,,10,,0.00,1.00
طابعة باركود tsc,,10,,0.00,1.00
طابعة باركود سوق كوم,,10,,0.00,1.00
طابعة باركود وفواتير,,10,,0.00,1.00
طريقة صنع باركود,,10,,0.22,0.79
طريقة طباعة الباركود على ورق a4,,10,,0.00,0.00
طريقة عمل باركود شخصي,,10,,0.00,0.00
طريقة عمل باركود للواتس اب,,10,,0.00,0.81
طريقة عمل باركود لمنتج,,10,,0.41,0.71
طريقة عمل بزنس كارد بالباركود,,10,,0.48,1.00
طريقة قراءة الباركود من الصور,,10,,0.24,0.38
طريقة مسح الباركود بالجوال,,10,,0.13,0.37
عمل الباركود للمنتجات,,10,,0.00,0.00
عمل باركود للصور,,10,,0.09,0.34
عمل باركود للموقع,,10,,0.06,0.29
عمل باركود مجانا,,10,,0.16,0.52
عمل باركود موقع,,10,,0.11,0.31
فاتورة باركود,,10,,1.63,0.88
فتح الواتس بالباركود,,10,,0.00,0.14
قارئ الباركود للابتوب,,10,,0.00,0.00
قارئ الباركود للجوال,,10,,0.00,0.00
قارئ الباركود للدخان,,10,,0.00,0.00
قارئ الباركود للكتب,,10,,0.00,0.00
قارئ الباركود للمحلات,,10,,0.00,0.00
قارئ الباركود للمنتجات,,10,,0.19,1.00
قارئ باركود جرير,,10,,0.27,1.00
قارئ باركود سيمبول,,10,,0.16,1.00
قاعدة بيانات باركود,,10,,0.00,0.02
قراءة الباركود هواوي,,10,,0.00,0.29
قراءة رمز الباركود,,10,,0.00,0.50
كيف اتاكد من الباركود,,10,,0.23,0.38
كيف ادخل الباركود,,10,,0.19,0.42
كيف اسوي اغنيه باركود,,10,,0.23,0.75
كيف اسوي باركود لملف pdf,,10,,0.23,0.68
كيف اصور الباركود,,10,,0.14,0.41
كيف اطلع الباركود من اليوتيوب,,10,,0.00,0.00
كيف اعرف العطر اصلي من الباركود,,10,,0.00,0.00
كيفية استخدام برنامج الباركود,,10,,0.00,0.57
كيفية البحث عن طريق الباركود,,10,,0.00,0.00
كيفية برمجة ميزان الباركود,,10,,0.00,0.00
كيفية صنع باركود,,10,,0.18,0.71
كيفية عمل باركود موقع,,10,,0.00,0.00
لاصق باركود,,10,,0.00,0.88
ماسح الباركود اون لاين,,10,,0.00,0.00
مسابقة الباركود للمدارس,,10,,0.00,0.33
مسح الباركود اندرويد,,10,,0.00,0.33
مشاكل طابعة الباركود زيبرا,,10,,0.00,0.29
معرفة المنتج عن طريق رقم الباركود,,10,,0.00,0.00
معنى كلمة باركود,,10,,0.00,0.33
مقاسات الباركود,,10,,0.00,1.00
مقاسات ورق الباركود,,10,,0.00,1.00
موقع إنشاء باركود,,10,,0.18,0.95
موقع الباركود العالمي,,10,,0.00,0.09
موقع لصناعة الباركود,,10,,0.00,0.00
واتس ويب بدون باركود,,10,,0.00,0.33
وضع باركود,,10,,0.18,0.79
0745114345516 باركود,,0,,0.00,0.00
0789 باركود,,0,,0.00,0.00
1190610921943 باركود,,0,,0.00,0.00
14 موقع لعمل باركود qr بسهولة,,0,,0.00,0.00
4030 باركود اي دوله,,0,,0.00,0.00
4shared للباركود,,0,,0.00,0.00
612 باركود,,0,,0.00,0.00
612400031275 باركود,,0,,0.00,0.00
629 رمز الباركود,,0,,0.00,0.00
6290 باركود,,0,,0.00,0.00
6290 باركود المنشأ,,0,,0.00,0.00
62906289 باركود,,0,,0.00,0.00
6294 باركود اي دولة,,0,,0.00,0.00
6297000 باركود,,0,,0.00,0.00
7612 باركود اي دوله,,0,,0.00,0.00
7612400031275 باركود,,0,,0.00,0.00
7612800 باركود,,0,,0.00,0.00
7612800 باركود دولة,,0,,0.00,0.00
76128002 باركود,,0,,0.00,0.00
7622100858737 باركود,,0,,0.00,0.00
8681657099054 باركود,,0,,0.00,0.00
89004821 الباركود,,0,,0.00,0.00
bigo live مسح الباركود,,0,,0.00,0.00
dt hs d باركود,,0,,0.00,0.00
e-sim كيف بدون باركود,,0,,0.00,0.00
hkahx باركود للموظفين,,0,,0.00,0.00
hs code عمل باركود,,0,,0.00,0.00
hs code عمل باركودا,,0,,0.00,0.00
https ar.wikipedia.org wiki قارئ_الباركود,,0,,0.00,0.00
https mawdoo3.com كيف_يعمل_الباركود,,0,,0.00,0.00
inateck شرح قارئ الباركود,,0,,0.00,0.00
inateck قارئ الباركود,,0,,0.00,0.00
j'fdr الباركود,,0,,0.00,0.00
kay باركود,,0,,0.00,0.00
lمولد باركود,,0,,0.00,0.00
make باركود,,0,,0.00,0.00
metum تعريف قارئ باركود,,0,,0.00,0.00
php باركود,,0,,0.00,0.00
png باركود,,0,,0.00,0.00
sct باركود,,0,,0.00,0.00
site sa باركود,,0,,0.00,0.00
stc باركود,,0,,0.00,0.00
symbol باركود,,0,,0.00,0.00
symbol باركود لا يعمل,,0,,0.00,0.00
tiger e400 hd ملف قنوات وباركود,,0,,0.00,0.00
tiger e400 hd ملف قنوات وباركود xtream,,0,,0.00,0.00
tiger e400 hd ملف قنوات وباركود xtream codes,,0,,0.00,0.00
www ien edu sa باركود,,0,,0.00,0.00
xml باركود,,0,,0.00,0.00
آلية عمل الباركود,,0,,0.00,0.00
أجهزة الباركود للمستودعات,,0,,0.00,0.00
أدلة العمل الإرشادي بالمدارس باركود,,0,,0.00,0.00
أسألة الباركود فقه 2 متوسط,,0,,0.00,0.00
أسئلة الباركود فقه 2 متوسط,,0,,0.00,0.00
أسرع طريقة لعمل باركود شخصي,,0,,0.00,0.00
أصنع باركود تسعيرة,,0,,0.00,0.00
أعداد باركود بالعربي,,0,,0.00,0.00
أفضل برامج باركود,,0,,0.00,0.00
أفضل تطبيقات قراءة أكواد الباركود وqr,,0,,0.00,0.00
أفضل خط باركود,,0,,0.00,0.00
أفضل مواقع تقدم روابط مختصرة وباركود,,0,,0.00,0.00
أفضل مواقع صناعة باركود,,0,,0.00,0.00
أفضل موقع باركود,,0,,0.00,0.00
أكاديمية باركودا,,0,,0.00,0.00
أنشاء الباركود,,0,,0.00,0.00
أهداف استخدام الباركود,,0,,0.00,0.00
أهمية استخدام تقنية الباركود,,0,,0.00,0.00
أهمية الباركود,,0,,0.00,0.00
أهمية تقنية الباركود,,0,,0.00,0.00
أول من إخترع الباركود,,0,,0.00,0.00
أون لاين لإنشاء الباركود,,0,,0.00,0.00
إدخال الأصناف عن طريق الباركود فيجوال بيسك,,0,,0.00,0.00
إستخدامات الباركود,,0,,0.00,0.00
إكسل فواتير باركود,,0,,0.00,0.00
إنشاء باركود خاص بي,,0,,0.00,0.00
إنشاء باركود يفتح مربع نص,,0,,0.00,0.00
إنشاء باركود يفتح مربع نص بدون نت,,0,,0.00,0.00
ا باركود,,0,,0.00,0.00
ابجد هوزلمعرفة الباركود من تي دولة,,0,,0.00,0.00
اتحميل الباركود,,0,,0.00,0.00
اتفضل باركود للايفون,,0,,0.00,0.00
اجبرت شركات الادويه بوضع باركود,,0,,0.00,0.00
اجمل تصميم باركود فجوال بيسك,,0,,0.00,0.00
اجمل تصميم باركود فيجوال بيسك,,0,,0.00,0.00
اجهزة الباركود zebra,,0,,0.00,0.00
اجهزة الباركود الرياض,,0,,0.00,0.00
اجهزة الباركود جدة,,0,,0.00,0.00
اجهزة الباركود للسوبر ماركت,,0,,0.00,0.00
اجهزة باركود للمخازن,,0,,0.00,0.00
اجهزه الباركود qr السعوديه,,0,,0.00,0.00
اختبار إلكتروني عن طريق الباركود,,0,,0.00,0.00
اختراق الواتس عن طريق الباركود,,0,,0.00,0.00
اختصار الروابط مع باركود,,0,,0.00,0.00
اختصار عدة روابط في باركود,,0,,0.00,0.00
اخذ باركود باللابتوب,,0,,0.00,0.00
اخذ باركود مقطع يوتيوب,,0,,0.00,0.00
ادخال اصناف في الباركود,,0,,0.00,0.00
ادخال الباركود لحام بولي ايثيلين,,0,,0.00,0.00
ادخال بيانات الباركود,,0,,0.00,0.00
ادخال عندى قارئ باركود,,0,,0.00,0.00
ادراج الباركود على منتجات نون,,0,,0.00,0.00
ادراج باركود علي ملف وورد,,0,,0.00,0.00
ادوية بدون باركود,,0,,0.00,0.00
ارسال التقارير عبر باركود,,0,,0.00,0.00
ارقام الباركود المسجلة هيئة المواصفات والمقاييس,,0,,0.00,0.00
ارقام الباركود لبريطانيا,,0,,0.00,0.00
ارقام الباركود لجميع الدول,,0,,0.00,0.00
ارقام الباركود لكل دولة,,0,,0.00,0.00
ارقام الدول في الباركود,,0,,0.00,0.00
ارقام باركود جاهزة,,0,,0.00,0.00
ارقام موسسة لبيع روال باركود,,0,,0.00,0.00
اريد الحصول على باركود لمنتج,,0,,0.00,0.00
اريد الحصول على باركود لمنتجي,,0,,0.00,0.00
ازاي اسجل الباركود,,0,,0.00,0.00
اساور باركود,,0,,0.00,0.00
استخدام استراتيجيه قارء الباركود,,0,,0.00,0.00
استخدام الايفون في قراءة الباركود,,0,,0.00,0.00
استخدام الباركود في التحضير,,0,,0.00,0.00
استخدام الباركود في الدورات,,0,,0.00,0.00
استخدام الباركود في الرياضيات,,0,,0.00,0.00
استخدام الباركود في المدارس,,0,,0.00,0.00
استخدام الباركود في منصة عين,,0,,0.00,0.00
استخدام الباركود قناة عين التعليميه في تطوير التعليم العام,,0,,0.00,0.00
استخدام الباركود للتحضير وبرنامج access,,0,,0.00,0.00
استخدام الباركود للذهاب للموقع,,0,,0.00,0.00
استخدام الباركود وقناة عين التعليميه في تطوير التعليم العام,,0,,0.00,0.00
استخدام تقنية الباركود في التعليم,,0,,0.00,0.33
استخدام تقنية الباركود في الرياضيات,,0,,0.00,0.00
استخدام كامير الجوال بديل اسكنر الباركود,,0,,0.00,0.00
استخدم الجوال باركود,,0,,0.00,0.00
استخراج الباركود للرابط,,0,,0.00,0.00
استخراج الفاتورة برقم الباركود,,0,,0.00,0.00
استخراج كلمات سر من نور مع باركود,,0,,0.00,0.00
استخراج مفتاح التفعيل للويندوز بواسطة الباركود,,0,,0.00,0.00
استخرج باركود,,0,,0.00,0.00
استراتيجية الباركود بالاب,,0,,0.00,0.00
استراتيجية الباركود بالتعليم,,0,,0.00,0.00
استراتيجية باركود,,0,,0.00,0.00
استراحة الباركود,,0,,0.00,0.00
استرو a10 باركود,,0,,0.00,0.00
استكر الباركود,,0,,0.00,0.00
استكر الباركود الصين,,0,,0.00,0.00
استكر باركود للنظارات,,0,,0.00,0.00
استكرات باركود الدمام,,0,,0.00,0.00
استيكر باركود السعودية,,0,,0.00,0.00
استيكر باركود المجوهرات,,0,,0.00,0.00
استيكر باركود للنظارات,,0,,0.00,0.00
استيكرات باركود,,0,,0.00,0.00
اسعار برنامج مسابقة الباركود الالكترونية,,0,,0.00,0.00
اسعار ميزان باركود مستعمل,,0,,0.00,0.00
اسعار ميزان باركود مكة,,0,,0.00,0.00
اسعار ورق باركود لاصق,,0,,0.00,0.00
اسكنر لايقرا الباركود,,0,,0.00,0.00
اسم الباركود,,0,,0.00,0.00
اسم خط الباركود مع الصورة,,0,,0.00,0.00
اسماء الطلاب باركود نور,,0,,0.00,0.00
اسماء الطلاب باركود نور حساب المدير,,0,,0.00,0.00
اسماء مستحضرات التجميل مع الباركود في السعودية,,0,,0.00,0.00
اسهل برنامج مبيعات ومشتريات بالباركود ومخازن بسعر رخيص جدا,,0,,0.00,0.00
اسورة بلاستيك معلوماتية وباركود,,0,,0.00,0.00
اسوس باركود,,0,,0.00,0.00
اصنع باركود لملف pdf,,0,,0.00,0.00
اصنع رابط بار باركود,,0,,0.00,0.00
اصنع لنفسك باركود للتسويق والعروض,,0,,0.00,0.00
اضافات bbm بالباركود,,0,,0.00,0.00
اضافات بلاك بيري باركود,,0,,0.00,0.00
اضافة ازرار لمس للمواد التي ليس لها باركود,,0,,0.00,0.00
اضافة اكثر من عرض على باركود واحد,,0,,0.00,0.00
اضافة الباركود الى الباوربوينت,,0,,0.00,0.00
اضافة الباركود في الصوره top 4 top,,0,,0.00,0.00
اضافة الباركود لاكسس,,0,,0.00,0.00
اضافة الباركود لموقع,,0,,0.00,0.00
اضافة باركود السناب في الفوتوشوب,,0,,0.00,0.00
اضافة باركود الى المشروع,,0,,0.00,0.00
اضافة باركود الى المشروع الفيجول بيسك 2010,,0,,0.00,0.00
اضافة باركود رابط في وورد,,0,,0.00,0.00
اضافة باركود على مستند,,0,,0.00,0.00
اضافة باركود فى pdf,,0,,0.00,0.00
اضافة باركود قوقل فورم,,0,,0.00,0.00
اضافة باركود لكتاب,,0,,0.00,0.00
اضافة باركود لمفلين,,0,,0.00,0.00
اضافة باركود لموقع استراحة,,0,,0.00,0.00
اضافة رابط بالباركود,,0,,0.00,0.00
اضافة سناب بالباركود,,0,,0.00,0.00
اضافة طابعة باركود,,0,,0.00,0.00
اضافة طابعة باركود marvel,,0,,0.00,0.00
اضافة موقعي في باركود,,0,,0.00,0.00
اضافة نسبة على السعر فى الباركود,,0,,0.00,0.00
اضافه باركود على المنتج قبل تصنيفه,,0,,0.00,0.00
اضافه باركود لملفات الورد,,0,,0.00,0.00
اضافه عن طريق الباركود,,0,,0.00,0.00
اضافه عن طريق الباركود سناب,,0,,0.00,0.00
اضرار اشعه قارئ الباركود,,0,,0.00,0.00
اطارات الباركود,,0,,0.00,0.00
اطول باركود في العالم,,0,,0.00,0.00
اعدادات الباركود lebla,,0,,0.00,0.00
اعدادات الصفحة لطباعة على استكر الباركود,,0,,0.00,0.00
اعدادات باركود gc420t,,0,,0.00,0.00
اعدادات طابع الباركود لطباعة العدد مرة واحدة,,0,,0.00,0.00
اعدادات طابعة الباركود زيبرا gc420t,,0,,0.00,0.00
اعدادات طابعة باركود,,0,,0.00,0.00
اعدادات طابعة باركود gk420t,,0,,0.00,0.00
اعدادات طابعة باركود honey well,,0,,0.00,0.00
اعدادات طابعة باركود زيبرا,,0,,0.00,0.00
اعدادات طابعة باركود زيبربرنامج,,0,,0.00,0.00
اعدادات طباعة باركود,,0,,0.00,0.00
اعطال طابعات الباركود,,0,,0.00,0.00
اعطال طابعات الباركود posbank,,0,,0.00,0.00
اعلان الباركودات,,0,,0.00,0.00
افضل اجهزة قراءة الباركود,,0,,0.00,0.00
افضل الاجهزة في التحكم في الوصول مع ماسح الباركود,,0,,0.00,0.00
افضل برامج الباركود,,0,,0.00,0.00
افضل برامج تصميم الباركود,,0,,0.00,0.00
افضل برتامج طباعة باركود,,0,,0.00,0.00
افضل برنامج باركود للاندرويد 2017,,0,,0.00,0.00
افضل برنامج باركود للمحلات,,0,,0.00,0.00
افضل برنامج طباعة الباركود,,0,,0.00,0.00
افضل برنامج قارئ باركود android,,0,,0.00,0.00
افضل برنامج قارئ باركود للاندرويد,,0,,0.00,0.00
افضل برنامج قارئ باركود للاندرويد 2018,,0,,0.00,0.00
افضل برنامج قارئ باركود للاندرويد 2019,,0,,0.00,0.00
افضل برنامج قارئ باركود للاندرويد من الصور,,0,,0.00,0.00
افضل برنامج قارئ باركود للايفون 2019,,0,,0.00,0.00
افضل برنامج لقراءة qr الباركود للاندرويد,,0,,0.00,0.00
افضل برنامج لقراءة qr باركود,,0,,0.00,0.00
افضل برنامج لقراءة الباركود للاندرويد,,0,,0.00,0.00
افضل برنامج للباركود,,0,,0.00,0.00
افضل برنامج معرفة العطر الاصلي من الباركود,,0,,0.00,0.00
افضل تطبيق قارئ الباركود للاندرويد,,0,,0.00,0.00
افضل تطبيق قارئ الباركود للايفون,,0,,0.00,0.00
افضل تطبيق لقراءة الباركود للاندرويد,,0,,0.00,0.00
افضل جهاز باركود,,0,,0.00,0.00
افضل خط باركود,,0,,0.00,0.00
افضل طابعه باركود في جدة,,0,,0.00,0.00
افضل طريقه لعمل باركود للا صناف,,0,,0.00,0.00
افضل طريقه لعمل باركود للاصناف,,0,,0.00,0.00
افضل قارئ باركود للاندرويد,,0,,0.00,0.00
افضل قارئ باركود للايباد,,0,,0.00,0.00
افضل ماركة لطابعة الباركود,,0,,0.00,0.00
افضل متغير لتخزين الباركود,,0,,0.00,0.00
افضل مواقع صناعة الباركود,,0,,0.00,0.00
افضل مواقع صناعة الباركود مع اللوقو,,0,,0.00,0.00
افضل موقع باركود,,0,,0.00,0.00
افضل موقع عمل باركود,,0,,0.00,0.00
افضل موقعين لعمل الباركود,,0,,0.00,0.00
افكار بالباركود,,0,,0.00,0.00
اقوى برمجة للباركود,,0,,0.00,0.00
اكادمية باركودا,,0,,0.00,0.00
اكتب الرقم و يطلع الباركود,,0,,0.00,0.00
اكتب باركود,,0,,0.00,0.00
اكتشاف العطر عن طريق الباركود,,0,,0.00,0.00
اكتيفيا جو باركود,,0,,0.00,0.00
اكثر من 23000 صنف مع الباركود لسوبر ماركت,,0,,0.00,0.00
اكسس بحث في السجل بالباركود,,0,,0.00,0.00
اكسس محل مع الباركود,,0,,0.00,0.00
اكسس محل مع الباركود مجانا,,0,,0.00,0.00
اكسل باركود,,0,,0.00,0.00
الادوية بالباركود الدولي,,0,,0.00,0.00
الاستعلام عن منتج بالباركود هيئة الغذاء ةالدواء,,0,,0.00,0.00
الاستفاد من الباركود في التعليم,,0,,0.00,0.00
الاشتراطات الجديدة لاستيراد المنتجات الصينية والزام وضع الباركود,,0,,0.00,0.00
الايفون ما يقرأ الباركود,,0,,0.00,0.00
الباركود 673431600,,0,,0.00,0.00
الباركود 86,,0,,0.00,0.00
الباركود 86 اي دولة,,0,,0.00,0.00
الباركود 861 اي دولة,,0,,0.00,0.00
الباركود 890 لاي دولة,,0,,0.00,0.00
الباركود 8904,,0,,0.00,0.00
الباركود 8904 لاي دولة,,0,,0.00,0.00
الباركود hgrhvn,,0,,0.00,0.00
الباركود أمريكا,,0,,0.00,0.00
الباركود اكسس,,0,,0.00,0.00
الباركود الاصلي للمستودعات,,0,,0.00,0.00
الباركود التجاري للمملكه المتحده,,0,,0.00,0.00
الباركود التحفيزي,,0,,0.00,0.00
الباركود التعليمي,,0,,0.00,0.00
الباركود الثلاثي,,0,,0.00,0.00
الباركود الثلاثي الابعاد,,0,,0.00,0.00
الباركود الثلاثيhghfuhv,,0,,0.00,0.00
الباركود الخاص بالاستمارة,,0,,0.00,0.00
الباركود الخاص بالواتس,,0,,0.00,0.00
الباركود الخاص بالواتس على الجوال,,0,,0.00,0.00
الباركود الخاص بطابعة hp رقم 5075,,0,,0.00,0.00
الباركود الخاص بمنتجات الأمارات,,0,,0.00,0.00
الباركود الدولي ل ceclor 125 mg susp,,0,,0.00,0.00
الباركود الدولي ل الفيفادول,,0,,0.00,0.00
الباركود الدولي للادوية بالسعودية,,0,,0.00,0.00
الباركود الدولي للسعودية,,0,,0.00,0.00
الباركود الدولي و تحديد بلد صناعة السلعة,,0,,0.00,0.00
الباركود الدولي يبدا,,0,,0.00,0.00
الباركود الذي يبدأ بالرقم 4,,0,,0.00,0.00
الباركود الذي يبدا 57,,0,,0.00,0.00
الباركود الذي يبدا danemark,,0,,0.00,0.00
الباركود السعودي على المنتجات,,0,,0.00,0.00
الباركود الصناعي,,0,,0.00,0.00
الباركود الصناعي للامارات,,0,,0.00,0.00
الباركود الغرفه التجاريه,,0,,0.00,0.00
الباركود القارئ الاسعار,,0,,0.00,0.00
الباركود القارئ الاسعارفي الجوال,,0,,0.00,0.00
الباركود القارئ للاسعار,,0,,0.00,0.00
الباركود المدرسي اهداف,,0,,0.00,0.00
الباركود الملون والصور,,0,,0.00,0.00
الباركود اي بلد,,0,,0.00,0.00
الباركود بالاجتماعيات,,0,,0.00,0.00
الباركود بالانديزاين,,0,,0.00,0.00
الباركود بالايباد,,0,,0.00,0.00
الباركود بالعربية,,0,,0.00,0.00
الباركود برنامج اسماك,,0,,0.00,0.00
الباركود بوربوينت,,0,,0.00,0.00
الباركود بين الجوالات,,0,,0.00,0.00
الباركود بين الموبايلات,,0,,0.00,0.00
الباركود تحميل في اللاب توب,,0,,0.00,0.00
الباركود تنزيل,,0,,0.00,0.00
الباركود جرير,,0,,0.00,0.00
الباركود حسب الدول,,0,,0.00,0.00
الباركود حق الحساب,,0,,0.00,0.00
الباركود حلقة,,0,,0.00,0.00
الباركود رقم 220,,0,,0.00,0.00
الباركود شريطي,,0,,0.00,0.00
الباركود عطر أصلي,,0,,0.00,0.00
الباركود على السلع,,0,,0.00,0.00
الباركود عن طريق برنامج duo,,0,,0.00,0.00
الباركود غير موجود في النت,,0,,0.00,0.00
الباركود فى مصر,,0,,0.00,0.00
الباركود في اجهزة الحاسب,,0,,0.00,0.00
الباركود في الارشاد التعليمي,,0,,0.00,0.00
الباركود في الاكسس,,0,,0.00,0.00
الباركود في البطاقة الجامعية,,0,,0.00,0.00
الباركود في التعليم الواقع الافتراضي,,0,,0.00,0.00
الباركود في التعليم الواقع الافتراضي براكين,,0,,0.00,0.00
الباركود في التعليم رابع ابتدائي,,0,,0.00,0.00
الباركود في الكتب,,0,,0.00,0.00
الباركود في الكتب الدراسية,,0,,0.00,0.00
الباركود في الكتب المدرسية,,0,,0.00,0.00
الباركود في اللاب توب,,0,,0.00,0.00
الباركود في المناهج,,0,,0.00,0.00
الباركود في بطاقة الشحن سوا,,0,,0.00,0.00
الباركود في جالاكسي اس 10,,0,,0.00,0.00
الباركود في سماك 11,,0,,0.00,0.00
الباركود قاعة نوارة,,0,,0.00,0.00
الباركود لبرنامج سماك 11,,0,,0.00,0.00
الباركود لصورة,,0,,0.00,0.00
الباركود لغتي الصف الاول متوسط الدرس الثاني علامات الترقيم,,0,,0.00,0.00
الباركود لقاعة نوارة,,0,,0.00,0.00
الباركود للاختبارات,,0,,0.00,0.00
الباركود للاختبارات النهائيه,,0,,0.00,0.00
الباركود للبوربوينت,,0,,0.00,0.00
الباركود للتحول الديمغرافي,,0,,0.00,0.00
الباركود للصف الخامس فضل بناء المساجد,,0,,0.00,0.00
الباركود للعطور,,0,,0.00,0.00
الباركود للكتب الالكترونية,,0,,0.00,0.00
الباركود للكتب النظام الفصلي,,0,,0.00,0.00
الباركود للملف الشخصي للواتس,,0,,0.00,0.00
الباركود للمنتجات 762,,0,,0.00,0.00
الباركود للمنتجات الامريكية,,0,,0.00,0.00
الباركود للمنتجات الزراعية,,0,,0.00,0.00
الباركود للمنتجات هيئة المواصفات والمقاييس,,0,,0.00,0.00
الباركود لملفي الشخصي للواتس,,0,,0.00,0.00
الباركود مجانا,,0,,0.00,0.00
الباركود مجلس الغرف السعودية,,0,,0.00,0.00
الباركود نظام نور,,0,,0.00,0.00
الباركود هل يهني بلد الصنع,,0,,0.00,0.00
الباركود هيئة المواصفات والمقاييس,,0,,0.00,0.00
الباركود واللودكود,,0,,0.00,0.00
الباركود وحمايه البيئه,,0,,0.00,0.00
الباركود ويكيبيديا,,0,,0.00,0.00
الباركود يبدا 782,,0,,0.00,0.00
الباركود ٢٢٠,,0,,0.00,0.00
الباركودات الخاصه بانواع احبار hp,,0,,0.00,0.00
البحث باركود,,0,,0.00,0.00
البحث باستخدام ارقام الباركود,,0,,0.00,0.00
البحث بواسطة الباركود,,0,,0.00,0.00
البحث على الباركود,,0,,0.00,0.00
البحث على الباركود على الايفون,,0,,0.00,0.00
البحث عن المنتج برقم الباركود عن طريق الكمبيوتر,,0,,0.00,0.00
البحث عن سعر منتج بالباركود,,0,,0.00,0.00
البحث عن طريق الباركود اكسس,,0,,0.00,0.00
البحث عن قطع غيار بالباركود,,0,,0.00,0.00
البوابات الالكترونية بنظام الباركود,,0,,0.00,0.00
البوابات الذكية بنظام قارئ الباركود 2d,,0,,0.00,0.00
البوابات الذكية بنظام قارئ الباركود 2d في المطارات,,0,,0.00,0.00
التأكد من المنتج عن طريق الباركود,,0,,0.00,0.00
التأكد من باركود العطر,,0,,0.00,0.00
التأكد من جودة المنتجات بالباركود,,0,,0.00,0.00
التاكد من المنتج اصلي عن طريق الباركود,,0,,0.00,0.00
التاكد من المنتج الاصلي بالباركود,,0,,0.00,0.00
التاكد من باركود العطر,,0,,0.00,0.00
التاكد من علامة الباركود,,0,,0.00,0.00
التاكد من منتجات سامسونج بالباركود,,0,,0.00,0.00
التحارة بالباركود,,0,,0.00,0.00
التحضير الموظفين بالباركود,,0,,0.00,0.00
التحضير بالباركود اكسل,,0,,0.00,0.00
التحقق باركود موسسه النقد,,0,,0.00,0.00
التحقق من باركود الضريب للدخانة,,0,,0.00,0.00
التحقق من باركود الضريبة,,0,,0.00,0.00
التحقق من باركود الضريبه للدخان,,0,,0.00,0.00
التحميل بواسطة الباركود بالهواوي,,0,,0.00,0.00
التحويل بوربوينتالى باركود,,0,,0.00,0.00
التسجيل عبر الباركود من اللاب توب,,0,,0.00,0.00
التقاط الباركود من الكاميرا,,0,,0.00,0.00
التلجرام بالباركود,,0,,0.00,0.00
التوزيع المقيد باركود,,0,,0.00,0.00
الحروف في الباركود,,0,,0.00,0.00
الحصول على الباركود لشركه مساهمه مغلقه,,0,,0.00,0.00
الحصول على باركود سناب,,0,,0.00,0.00
الحصول على رقم تسلسلي للباركود,,0,,0.00,0.00
الحصول على رمز باركود لأمان الراجحي,,0,,0.00,0.00
الحضور والنصراف بالباركود,,0,,0.00,0.00
الحقيبة التدريبية الكاملة والشاملة لتعليم طرق استخدام الباركود qr,,0,,0.00,0.00
الحقيبة التدريبية للتعلم النشط باركود,,0,,0.00,0.00
الدخان باركود 629,,0,,0.00,0.00
الدخول الى الواتس اب بدون الباركود,,0,,0.00,0.00
الدخول على الواتس من الكمبيوتر بدون الباركود,,0,,0.00,0.00
الدعم الفني باركود symbol,,0,,0.00,0.00
الرقم الدولي لمنتجات الباركود,,0,,0.00,0.00
الرموز ستكرات باركود,,0,,0.00,0.00
السعودية أجهزة الباركود للمستودعات,,0,,0.00,0.00
السعوديةأجهزة الباركود للمستودعات,,0,,0.00,0.00
الشركات التي تستخدم الباركود,,0,,0.00,0.00
الشركة المصنعة للطابعة التي باركودها,,0,,0.00,0.00
العثور على الايفون عن طريق الباركود,,0,,0.00,0.00
العطور الفرنسية الباركود,,0,,0.00,0.00
العلامه التجاريه باركود,,0,,0.00,0.00
العمل بالباركود,,0,,0.00,0.00
الغنيم باركود,,0,,0.00,0.00
الفرق بين الباركود,,0,,0.00,0.00
الفرق بين الباركود وأر كود,,0,,0.00,0.00
الكتابه بالباركود في الشات,,0,,0.00,0.00
الماسح الضوئي الباركود في الاختبارات,,0,,0.00,0.00
المحارف المدعومة في الباركود,,0,,0.00,0.00
المركز السعودي للباركود,,0,,0.00,0.00
المسؤول عن وضع الباركود,,0,,0.00,0.00
المسح اليدوي للباركود,,0,,0.00,0.00
المصباح للباركود,,0,,0.00,0.00
المواصفات والمقاييس الباركود,,0,,0.00,0.00
الموقع من خلال الباركود,,0,,0.00,0.00
النسخة المجانية من مسابقة الباركود,,0,,0.00,0.00
النظام العالمي للباركود,,0,,0.00,0.00
الهاند قارئ الباركود,,0,,0.00,0.00
الهاند قارئ الباركود ويرليس,,0,,0.00,0.00
الهدف من الباركود,,0,,0.00,0.00
الهدف من الباركود في التعليم,,0,,0.00,0.00
الواتساب ويب باركود,,0,,0.00,0.00
الية برنامج الباركود,,0,,0.00,0.00
الية عمل الباركود,,0,,0.00,0.00
اماكن للبيع ميزان باركود,,0,,0.00,0.00
امسح باركود,,0,,0.13,0.25
امسح باركود رمز,,0,,0.00,0.00
امسح باركود صورة,,0,,0.00,0.00
امينة المصادر امل البشر مسابقة الباركود,,0,,0.00,0.00
امينة المصادر امل البشرمسابقة الباركود,,0,,0.00,0.00
انتر عندى قارئ باركود,,0,,0.00,0.00
انحشار ورق باركود,,0,,0.00,0.00
انستقرام باركود شوب,,0,,0.00,0.00
انسخ الباركود,,0,,0.00,0.00
انشا باركود للصور,,0,,0.00,0.00
انشاء الباركود الخاص بي,,0,,0.00,0.00
انشاء الباركود بالاكسل,,0,,0.00,0.00
انشاء باركود monkey qrcode,,0,,0.00,0.00
انشاء باركود qr باشكال مختلفة,,0,,0.00,0.00
انشاء باركود الاسعار,,0,,0.00,0.00
انشاء باركود اون,,0,,0.00,0.00
انشاء باركود اون لاين لفيديو,,0,,0.00,0.00
انشاء باركود بالعربي,,0,,0.00,0.00
انشاء باركود بي دي اف,,0,,0.00,0.00
انشاء باركود جديد,,0,,0.00,0.00
انشاء باركود جوجل درايف,,0,,0.00,0.00
انشاء باركود خاص بك,,0,,0.00,0.00
انشاء باركود رسمي لمنتجاتي,,0,,0.00,0.00
انشاء باركود لاي شي تريدة,,0,,0.00,0.00
انشاء باركود لبيع الملابس,,0,,0.00,0.00
انشاء باركود لصوره,,0,,0.00,0.00
انشاء باركود لكتاب,,0,,0.00,0.00
انشاء باركود للاسعار,,0,,0.00,0.00
انشاء باركود للكتب,,0,,0.00,0.00
انشاء باركود للمسح,,0,,0.00,0.00
انشاء باركود للمسح على اي رابط,,0,,0.00,0.00
انشاء باركود للموقع,,0,,0.00,0.00
انشاء باركود لملف apk,,0,,0.00,0.00
انشاء باركود لوورد,,0,,0.00,0.00
انشاء باركود مثل السناب,,0,,0.00,0.00
انشاء باركود وطابعة الباركود,,0,,0.00,0.00
انشاء بطاقات بالباركود,,0,,0.00,0.00
انشاء تطبيق لقراءة الباركود,,0,,0.00,0.00
انشاء رابط الباركود,,0,,0.00,0.00
انشاء رقم تسلسلي باركود,,0,,0.00,0.00
انشاء سؤال بصيغة باركود,,0,,0.00,0.00
انشاء سمارت باركود,,0,,0.00,0.00
انشاء نموذج قوقل بباركود,,0,,0.00,0.00
انشاء وطباعة باركود,,0,,0.00,0.00
انشائ باركود,,0,,0.00,0.00
انشار باركود,,0,,0.00,0.00
انشوده اقبل العيد الباركود,,0,,0.00,0.00
انشوده اقبل العيد كتاب لغتي الصف الرابع بالباركود,,0,,0.00,0.00
انظمت الباركود,,0,,0.00,0.00
انواع اجهزة الباركود,,0,,0.00,0.00
انواع الباركود المنتجات,,0,,0.00,0.00
انواع الباركود ريدر,,0,,0.00,0.00
انواع الباركود كيفية اختيارها,,0,,0.00,0.00
انواع الباركود لاستخدامه,,0,,0.00,0.00
انواع الباركود لاستخدام٩,,0,,0.00,0.00
انواع باركود المنتجات,,0,,0.00,0.00
انواع خطوط الباركود,,0,,0.00,0.00
انواع ورق طباعه الباركود,,0,,0.00,0.00
اهداف استراتيجية الباركود,,0,,0.00,0.00
اهداف الباركود في التعليم,,0,,0.00,0.00
اهداف مسابقة الباركود,,0,,0.00,0.00
اهمال الاصفار الزائدة قارئ الباركود,,0,,0.00,0.00
اهمية الباركود تويتر,,0,,0.00,0.00
اهمية الباركود تيويتر,,0,,0.00,0.00
اهمية قارئ الباركود,,0,,0.00,0.00
اوراق باركود,,0,,0.00,0.00
اوراق باركود للنظارات,,0,,0.00,0.00
اوراق عمل لغتي ثالث ابتدائي بالباركود,,0,,0.00,0.00
اوفيسنا صانع الباركود,,0,,0.00,0.00
اوكي بوس طابعة باركود,,0,,0.00,0.00
اول مدرسة تستخدم الباركود,,0,,0.00,0.00
اي يباع الباركود,,0,,0.00,0.00
ايسكريم بابو بسكوت باركود,,0,,0.00,0.00
ايش يعني باركود في المدرسة,,0,,0.00,0.00
ايفون 7 اظهار الباركود wifi,,0,,0.00,0.00
ايقونة الباركود,,0,,0.00,0.00
اين اجد الباركود,,0,,0.00,0.00
اين اجد حبر لماكينة الباركود reiner,,0,,0.00,0.00
اين اجد قارئ الباركود في الجالكسي,,0,,0.00,0.00
اين اجد قارئ الباركود في جوال الجالكسي,,0,,0.00,0.00
اين الباركود الصف الاول متوسط الدراسي الثاني الدرس الترقيم,,0,,0.00,0.00
اين يباع الباركود,,0,,0.00,0.00
اين يوجب الباركود الخاص بالواتس على الجوال,,0,,0.00,0.00
باركود 01230,,0,,0.00,0.00
باركود 0288,,0,,0.00,0.00
باركود 02886925,,0,,0.00,0.00
باركود 02888224,,0,,0.00,0.00
باركود 0789185737559,,0,,0.00,0.00
باركود 267,,0,,0.00,0.00
باركود 269,,0,,0.00,0.00
باركود 288,,0,,0.00,0.00
باركود 2888,,0,,0.00,0.00
باركود 403 اي دوله,,0,,0.00,0.00
باركود 4030600004654,,0,,0.00,0.00
باركود 4030600060100,,0,,0.00,0.00
باركود 48509923,,0,,0.00,0.00
باركود 510,,0,,0.00,0.00
باركود 548,,0,,0.00,0.00
باركود 5488,,0,,0.00,0.00
باركود 60088165354468,,0,,0.00,0.00
باركود 620,,0,,0.00,0.00
باركود 6290,,0,,0.00,0.00
باركود 6291105153270,,0,,0.00,0.00
باركود 761 اي دولة,,0,,0.00,0.00
باركود 761 اي دوله,,0,,0.00,0.00
باركود 7622100858737,,0,,0.00,0.00
باركود 769,,0,,0.00,0.00
باركود 834,,0,,0.00,0.00
باركود 834 أي دولة,,0,,0.00,0.00
باركود 859,,0,,0.00,0.00
باركود 8690,,0,,0.00,0.00
باركود 8974540010,,0,,0.00,0.00
باركود 92,,0,,0.00,0.00
باركود beyblade,,0,,0.00,0.00
باركود cambly,,0,,0.00,0.00
باركود camly,,0,,0.00,0.00
باركود colop,,0,,0.00,0.00
باركود png ابيض,,0,,0.00,0.00
باركود psd,,0,,0.00,0.00
باركود qr السعوديه,,0,,0.00,0.00
باركود qr دقة عالية,,0,,0.00,0.00
باركود qv,,0,,0.00,0.00
باركود saso,,0,,0.00,0.00
باركود symbol,,0,,0.00,0.00
باركود toyota,,0,,0.00,0.00
باركود ugn hgghfj f,,0,,0.00,0.00
باركود xml,,0,,0.00,0.00
باركود zebra طباعة,,0,,0.00,0.00
باركود zepbra,,0,,0.00,0.00
باركود ابلكيشن للفيزا الامريكية,,0,,0.00,0.00
باركود احادي,,0,,0.00,0.00
باركود اختبار,,0,,0.00,0.00
باركود اختبار timss,,0,,0.00,0.00
باركود ازرق,,0,,0.00,0.00
باركود استقرام,,0,,0.00,0.00
باركود استمارة معلومات القنصلية السورية,,0,,0.00,0.00
باركود اسواق النجمة,,0,,0.00,0.00
باركود اصفر,,0,,0.00,0.00
باركود اغاني بي تي اس,,0,,0.00,0.00
باركود اغاني في باقة ورد,,0,,0.00,0.00
باركود اغنية انتبه,,0,,0.00,0.00
باركود اغنية حذني بحضنك,,0,,0.00,0.00
باركود اغنية مهم جدا,,0,,0.00,0.00
باركود اغنية ياعيد عمري,,0,,0.00,0.00
باركود اغنيه بعيد الحب بكتبلك,,0,,0.00,0.00
باركود اغنيه فرحه عمر,,0,,0.00,0.00
باركود اغنيه من قلبي بغني,,0,,0.00,0.00
باركود اغنيه من لفت وقلوبنا,,0,,0.00,0.00
باركود افراح,,0,,0.00,0.00
باركود الأسعار,,0,,0.00,0.00
باركود الإنماء,,0,,0.00,0.00
باركود الادارة,,0,,0.00,0.00
باركود الادخال السريع للجهاز,,0,,0.00,0.00
باركود الادوية المصرية,,0,,0.00,0.00
باركود الارقام,,0,,0.00,0.00
باركود الاعاقة السمعية,,0,,0.00,0.00
باركود الاكل,,0,,0.00,0.00
باركود الامتعة في المطار,,0,,0.00,0.00
باركود الامريكي,,0,,0.00,0.00
باركود الايميل,,0,,0.00,0.00
باركود البانبرز,,0,,0.00,0.00
باركود البيبسي من الخلف,,0,,0.00,0.00
باركود التحميل,,0,,0.00,0.00
باركود التسجيل,,0,,0.00,0.00
باركود التفاح الأمريكي,,0,,0.00,0.00
باركود التلقرام,,0,,0.00,0.00
باركود الجالية البرماوية,,0,,0.00,0.00
باركود الجغرافيا,,0,,0.00,0.00
باركود الدخان 0789185737559,,0,,0.00,0.00
باركود الدخول,,0,,0.00,0.00
باركود الدرس الخامس عشر تربيه اجتماعيه الصف الثاني متوسط,,0,,0.00,0.00
باركود الدول 753,,0,,0.00,0.00
باركود الدول الأروبية,,0,,0.00,0.00
باركود الدول العربية,,0,,0.00,0.00
باركود الدول سويسرا,,0,,0.00,0.00
باركود الرقم الطبي,,0,,0.00,0.00
باركود الرمان,,0,,0.00,0.00
باركود الرمان بلي,,0,,0.00,0.00
باركود الزبادي,,0,,0.00,0.00
باركود السامسونج,,0,,0.00,0.00
باركود السناب,,0,,0.00,0.00
باركود السنابشات,,0,,0.00,0.00
باركود الشريحه stc,,0,,0.00,0.00
باركود الشفرة الخيطية,,0,,0.00,0.00
باركود الصناعه,,0,,0.00,0.00
باركود الطالبة,,0,,0.00,0.00
باركود الطالبة مدرسة 287,,0,,0.00,0.00
باركود الطيران,,0,,0.00,0.00
باركود العاب الكترونية,,0,,0.00,0.00
باركود العثيم تريفا,,0,,0.00,0.00
باركود العروض,,0,,0.00,0.00
باركود العطر الامريكي,,0,,0.00,0.00
باركود العطور الفرنسيه,,0,,0.00,0.00
باركود العقل,,0,,0.00,0.00
باركود العنوان,,0,,0.00,0.00
باركود الغنيم,,0,,0.00,0.00
باركود الفلر الأيطالي,,0,,0.00,0.00
باركود الفللر الأيطالي,,0,,0.00,0.00
باركود الفللرالشعر الأيطالي,,0,,0.00,0.00
باركود الفوائد,,0,,0.00,0.00
باركود القيمه المضافه,,0,,0.00,0.00
باركود الكاشير,,0,,0.00,0.00
باركود الكامير,,0,,0.00,0.00
باركود الكامير hikvision,,0,,0.00,0.00
باركود الكتب في نور,,0,,0.00,0.00
باركود الكهرباء,,0,,0.00,0.00
باركود المالية,,0,,0.00,0.00
باركود المتفوقين,,0,,0.00,0.00
باركود المدارس,,0,,0.00,0.00
باركود المدرسي,,0,,0.00,0.00
باركود المساجد,,0,,0.00,0.00
باركود المسافرين,,0,,0.00,0.00
باركود المسجد,,0,,0.00,0.00
باركود المقرارات,,0,,0.00,0.00
باركود الملاعب,,0,,0.00,0.00
باركود الملتقى,,0,,0.00,0.00
باركود المناهج,,0,,0.00,0.00
باركود المناهج تنزيل,,0,,0.00,0.00
باركود المنتجات png,,0,,0.00,0.00
باركود المنتجات الدولي,,0,,0.00,0.00
باركود المنتجات السعودية 628,,0,,0.00,0.00
باركود المنتجات العالمية,,0,,0.00,0.00
باركود المنتجات لوزين,,0,,0.00,0.00
باركود الموضوع,,0,,0.00,0.00
باركود الموقع على قوقل الخاريط,,0,,0.00,0.00
باركود الموقع على قوقل الخريطة,,0,,0.00,0.00
باركود الموقع لقاعة الفريدة,,0,,0.00,0.00
باركود الموقع من قوقل,,0,,0.00,0.00
باركود الموقع ورقم الهاتف,,0,,0.00,0.00
باركود الموقعنا,,0,,0.00,0.00
باركود المولات,,0,,0.00,0.00
باركود النترا,,0,,0.00,0.00
باركود النهدي,,0,,0.00,0.00
باركود النهدي النقاط,,0,,0.00,0.00
باركود الواتس اب للاندرويد,,0,,0.00,0.00
باركود الواتس في الاندرويد,,0,,0.00,0.00
باركود الوارد,,0,,0.00,0.00
باركود الوزن مع السعر,,0,,0.00,0.00
باركود الويب,,0,,0.00,0.00
باركود ام اند امز,,0,,0.00,0.00
باركود انجليزي,,0,,0.00,0.00
باركود انغامي بيتزا مايسترو,,0,,0.00,0.00
باركود اوبر,,0,,0.00,0.00
باركود اوراكل,,0,,0.00,0.00
باركود اوفس 2007,,0,,0.00,0.00
باركود اوله 629 من اي دولة,,0,,0.00,0.00
باركود اون لاين شعار,,0,,0.00,0.00
باركود اي 14,,0,,0.00,0.00
باركود ايران,,0,,0.00,0.00
باركود ايس كريم,,0,,0.00,0.00
باركود ايفون 7,,0,,0.00,0.00
باركود ايقونة,,0,,0.00,0.00
باركود اين يباع,,0,,0.00,0.00
باركود اﻻصلي,,0,,0.00,0.00
باركود اﻻصلي لمكياج فوريفر,,0,,0.00,0.00
باركود اﻻصلي لمكياج فوريفير,,0,,0.00,0.00
باركود باسم الحلوانى,,0,,0.00,0.00
باركود بالجوال,,0,,0.00,0.00
باركود بانتبن,,0,,0.00,0.00
باركود بديل الزيت باركود,,0,,0.00,0.00
باركود برشلونة 761,,0,,0.00,0.00
باركود برشلونة 761 اي دولة,,0,,0.00,0.00
باركود برنامج تستاهل,,0,,0.00,0.00
باركود برنامج حساب الخطوات,,0,,0.00,0.00
باركود برنامج طمن الشؤون الصحية,,0,,0.00,0.00
باركود برنامج عداد خطوات للاندرويد,,0,,0.00,0.00
باركود برنت,,0,,0.00,0.00
باركود بطاريات,,0,,0.00,0.00
باركود بطاريات تويوتا الرقم 89745-48030,,0,,0.00,0.00
باركود بطاريات تويوتا الرقم 8974548030,,0,,0.00,0.00
باركود بطاقات,,0,,0.00,0.00
باركود بطاقات الالعاب,,0,,0.00,0.00
باركود بطاقات الشحن,,0,,0.00,0.00
باركود بطاقة شحن سوا ورقة,,0,,0.00,0.00
باركود بطاقة صعود طائرة,,0,,0.00,0.00
باركود بقوليات,,0,,0.00,0.00
باركود بلاك بيري,,0,,0.00,0.00
باركود بلاك بيري png,,0,,0.00,0.00
باركود بن نجار,,0,,0.00,0.00
باركود بنج,,0,,0.00,0.00
باركود بوابة عين,,0,,0.00,0.00
باركود تجربة المريض,,0,,0.00,0.00
باركود تحميل برنامج حساب الخطوات,,0,,0.00,0.00
باركود تذاكر المبارايات,,0,,0.00,0.00
باركود ترقيم خطابات,,0,,0.00,0.00
باركود تصحيح,,0,,0.00,0.00
باركود تعريف قارئ الباركود,,0,,0.00,0.00
باركود تفعيل بيانات سوا,,0,,0.00,0.00
باركود تكنو,,0,,0.00,0.00
باركود تكنو يوتيوب,,0,,0.00,0.00
باركود تمور,,0,,0.00,0.00
باركود ثابت,,0,,0.00,0.00
باركود جامعتي قطعة من ارض الحرم,,0,,0.00,0.00
باركود جنريت,,0,,0.00,0.00
باركود جنريتور,,0,,0.00,0.00
باركود جنلري,,0,,0.00,0.00
باركود جنيتر سيريل نمبر,,0,,0.00,0.00
باركود جهاز راوتر هواوي,,0,,0.00,0.00
باركود جهاز سوني 3,,0,,0.00,0.00
باركود جيد,,0,,0.00,0.00
باركود جير كابرس ٢٠٠٦ v8,,0,,0.00,0.00
باركود حذاء reebok,,0,,0.00,0.00
باركود حرف و 8أرقام,,0,,0.00,0.00
باركود حكومب,,0,,0.00,0.00
باركود حلويات,,0,,0.00,0.00
باركود خاص فيك,,0,,0.00,0.00
باركود خط,,0,,0.00,0.00
باركود خط عربي,,0,,0.00,0.00
باركود خوارزم,,0,,0.00,0.00
باركود دخول stc,,0,,0.00,0.00
باركود درس الجار الصغير,,0,,0.00,0.00
باركود دقة عالية,,0,,0.00,0.00
باركود دليل السعرات,,0,,0.00,0.00
باركود دليل السعرات الحرارية لخفض الوزن,,0,,0.00,0.00
باركود دليل السعرات لخفض الوزن,,0,,0.00,0.00
باركود دولفرنسا,,0,,0.00,0.00
باركود دوولينجو,,0,,0.00,0.00
باركود ديزاين,,0,,0.00,0.00
باركود راوتر انجو,,0,,0.00,0.00
باركود رحلة الطيران,,0,,0.00,0.00
باركود ردمك,,0,,0.00,0.00
باركود رز انديا جيت,,0,,0.00,0.00
باركود رقم 37969676,,0,,0.00,0.00
باركود رقم 4035588523524,,0,,0.00,0.00
باركود رقم 600,,0,,0.00,0.00
باركود رقم ١٢٣,,0,,0.00,0.00
باركود زينه للسيارات,,0,,0.00,0.00
باركود سايارات,,0,,0.00,0.00
باركود سريلانكا,,0,,0.00,0.00
باركود سعر,,0,,0.12,0.51
باركود سكرابز,,0,,0.00,0.00
باركود سماعه ايربود الشحن اللاسلكي,,0,,0.00,0.00
باركود سماعه ايربودز الشحن اللاسلكي,,0,,0.00,0.00
باركود سناب بنات,,0,,0.00,0.00
باركود سناب توباك,,0,,0.00,0.00
باركود سناب توباك السعودية,,0,,0.00,0.00
باركود سناب سويمي,,0,,0.00,0.00
باركود سورة الفاتحة,,0,,0.00,0.00
باركود سورس كود,,0,,0.00,0.00
باركود سوق كوم,,0,,0.00,0.00
باركود سيارة,,0,,0.00,0.00
باركود سياره تويوتا كورولا 2013,,0,,0.00,0.00
باركود سيرلانكا,,0,,0.00,0.00
باركود شاشه التلفزيون,,0,,0.00,0.00
باركود شاشه سمارت,,0,,0.00,0.00
باركود شجرة,,0,,0.00,0.00
باركود شراء,,0,,0.00,0.00
باركود شركات,,0,,0.00,0.00
باركود شريحة زين عن ابشر,,0,,0.00,0.00
باركود شطة سفر,,0,,0.00,0.00
باركود شنط سفر,,0,,0.00,0.00
باركود شنطة,,0,,0.00,0.00
باركود شنطة المسافرين,,0,,0.00,0.00
باركود شنطة سفر,,0,,0.00,0.00
باركود شوقر,,0,,0.00,0.00
باركود شوكولاته,,0,,0.00,0.00
باركود صادر,,0,,0.00,0.00
باركود صادر معاملات,,0,,0.00,0.00
باركود صدور دجاج اليوم,,0,,0.00,0.00
باركود صربيا,,0,,0.00,0.00
باركود صعود الطائره,,0,,0.00,0.00
باركود صلاحيه النتج,,0,,0.00,0.00
باركود صوره,,0,,0.00,0.00
باركود طابعة,,0,,0.00,0.00
باركود طيران ناس,,0,,0.00,0.00
باركود عدس احمر حب ٦٠٠ غرام,,0,,0.00,0.00
باركود عربي مجاني,,0,,0.00,0.00
باركود عزيمكو عدس احمر حب ٦٠٠ غرام,,0,,0.00,0.00
باركود عطر بروت,,0,,0.00,0.00
باركود عطر دولتشي,,0,,0.00,0.00
باركود عطر ريف دور,,0,,0.00,0.00
باركود عطر مونتال بلاك عود,,0,,0.00,0.00
باركود عطر مونتال روز مسك,,0,,0.00,0.00
باركود عطر هوجو,,0,,0.00,0.00
باركود علبة السامسونج,,0,,0.00,0.00
باركود علم السعودية,,0,,0.00,0.00
باركود علم الفرائض,,0,,0.00,0.00
باركود علم الفرائض لامام الدعوة,,0,,0.00,0.00
باركود علم الفرائض للإمام الدعوة,,0,,0.00,0.00
باركود على اجساد للبشر,,0,,0.00,0.00
باركود على الابتوب,,0,,0.00,0.00
باركود على العلبة,,0,,0.00,0.00
باركود على شكل شجر,,0,,0.00,0.00
باركود على نحلة,,0,,0.00,0.00
باركود عن الاعاقة السمعية,,0,,0.00,0.00
باركود عن الطريقة العلمية,,0,,0.00,0.00
باركود عن النفايات الالكترونيه,,0,,0.00,0.00
باركود عن النفيات الالكترونيه,,0,,0.00,0.00
باركود عنوان,,0,,0.00,0.00
باركود غسالة,,0,,0.00,0.00
باركود غير واضح,,0,,0.00,0.00
باركود فتح0 القدير,,0,,0.00,0.00
باركود فليبتسم وطني,,0,,0.00,0.00
باركود فوتوشوب,,0,,0.00,0.00
باركود في اكسل,,0,,0.00,0.00
باركود في الاكسس تسجيل,,0,,0.00,0.00
باركود في الاكسس تفعيل,,0,,0.00,0.00
باركود في الاكسس زهرة,,0,,0.00,0.00
باركود في بوابة عين,,0,,0.00,0.00
باركود في مستند وورد,,0,,0.00,0.00
باركود في مصر,,0,,0.00,0.00
باركود فيجوال بيسك,,0,,0.00,0.00
باركود فيجوال بيسك دوت نت,,0,,0.00,0.00
باركود قارى,,0,,0.00,0.00
باركود قاعة الفريدة,,0,,0.00,0.00
باركود قطع السيارات,,0,,0.00,0.00
باركود قطع غيار كامري 2000,,0,,0.00,0.00
باركود قنيريتون,,0,,0.00,0.00
باركود قير كابرس ٢٠٠٦ v8,,0,,0.00,0.00
باركود كاتشب,,0,,0.00,0.00
باركود كاشير,,0,,0.00,0.00
باركود كامري 2004,,0,,0.00,0.00
باركود كاميرات هكفيجن,,0,,0.00,0.00
باركود كبير,,0,,0.00,0.00
باركود كتاب الحديث,,0,,0.00,0.00
باركود كتاب الرياضيات,,0,,0.00,0.00
باركود كتاب الرياضيات ربع ابتدائي,,0,,0.00,0.00
باركود كتاب جرعة وعي,,0,,0.00,0.00
باركود كجاني,,0,,0.00,0.00
باركود كرياتور,,0,,0.00,0.00
باركود كريتور,,0,,0.00,0.00
باركود كريم خصم,,0,,0.00,0.00
باركود كنافة,,0,,0.00,0.00
باركود كوريا,,0,,0.00,0.00
باركود كوكب,,0,,0.00,0.00
باركود كيف اعرف رقمه,,0,,0.00,0.00
باركود لاختبارات التيمز,,0,,0.00,0.00
باركود لاكثر من رابط,,0,,0.00,0.00
باركود لبرطمان العسل,,0,,0.00,0.00
باركود لبزنس كارد,,0,,0.00,0.00
باركود لتحفيز الاطفال,,0,,0.00,0.00
باركود لتطبيق الجوال,,0,,0.00,0.00
باركود لتقييم الاصول,,0,,0.00,0.00
باركود لتويتر,,0,,0.00,0.00
باركود لجهة الاتصال,,0,,0.00,0.00
باركود لصورة,,0,,0.00,0.00
باركود لغتي الصف الاول متوسط الفصل2 صفحة 119باركود بحث,,0,,0.00,0.00
باركود لفوائد,,0,,0.00,0.00
باركود لفيديو الواقع الافتراضي,,0,,0.00,0.00
باركود لقناة تيلقرام,,0,,0.00,0.00
باركود لكل طالب في كلاس دوجو,,0,,0.00,0.00
باركود للا,,0,,0.00,0.00
باركود للاغاني,,0,,0.00,0.00
باركود للانستجرام,,0,,0.00,0.00
باركود للبشر,,0,,0.00,0.00
باركود للتثمين,,0,,0.00,0.00
باركود للتذاكر,,0,,0.00,0.00
باركود للحساب البنكي,,0,,0.00,0.00
باركود للحشرات,,0,,0.00,0.00
باركود للروابط,,0,,0.00,0.00
باركود للسفارة البلجيكية,,0,,0.00,0.00
باركود للسيارات,,0,,0.00,0.00
باركود للطلاب,,0,,0.00,0.00
باركود للفواتير,,0,,0.00,0.00
باركود للفوتوسوب,,0,,0.00,0.00
باركود للفوتوشوب,,0,,0.00,0.00
باركود للكتب,,0,,0.00,0.00
باركود للكمبيوتر,,0,,0.00,0.00
باركود للكميوتر,,0,,0.00,0.00
باركود للمحل,,0,,0.00,0.00
باركود للمستشفيات,,0,,0.00,0.00
باركود للمستشفيات بالسعودية,,0,,0.00,0.00
باركود للمعلمات,,0,,0.00,0.00
باركود للمنزل,,0,,0.00,0.00
باركود للمواقع,,0,,0.00,0.00
باركود للموظفين,,0,,0.00,0.00
باركود للموقع على الخريطة,,0,,0.00,0.00
باركود لمعرفة ااقطع اصلية,,0,,0.00,0.00
باركود لمعرفة دولة الانتاج,,0,,0.00,0.00
باركود لمقاطع اليوتيوب,,0,,0.00,0.00
باركود لموقع البيت,,0,,0.00,0.00
باركود لموقع البيتqr,,0,,0.00,0.00
باركود لنصوص,,0,,0.00,0.00
باركود مادة علم الفرائض للإمام الدعوة,,0,,0.00,0.00
باركود مالبورو قدام,,0,,0.00,0.00
باركود متجرنا,,0,,0.00,0.00
باركود مجاني مع اضافة نص,,0,,0.00,0.00
باركود مجاني ملفات pdf,,0,,0.00,0.00
باركود محلات النظارات,,0,,0.00,0.00
باركود مرض السر,,0,,0.00,0.00
باركود مرض السكر,,0,,0.00,0.00
باركود مستطيل,,0,,0.00,0.00
باركود مشكله,,0,,0.00,0.00
باركود مشكله وورد 2007,,0,,0.00,0.00
باركود مطور,,0,,0.00,0.00
باركود مع الشعار,,0,,0.00,0.00
باركود معسل,,0,,0.00,0.00
باركود مقع على الخريطة,,0,,0.00,0.00
باركود مكياج,,0,,0.00,0.00
باركود ملبن,,0,,0.00,0.00
باركود ملصق سيارات,,0,,0.00,0.00
باركود ملفات,,0,,0.00,0.00
باركود مناهج,,0,,0.00,0.00
باركود منتجات سعودية,,0,,0.00,0.00
باركود منتزاهات,,0,,0.00,0.00
باركود منهج لغتي الجديدة,,0,,0.00,0.00
باركود موسم جدة,,0,,0.00,0.00
باركود موقع اباحي,,0,,0.00,0.00
باركود موقع ايباحي,,0,,0.00,0.00
باركود موقع حملة مدى الجنوب,,0,,0.00,0.00
باركود موقع نايك الرسمي,,0,,0.00,0.00
باركود موقع نور,,0,,0.00,0.00
باركود موقعي على الخريطة,,0,,0.00,0.00
باركود موقه حماة,,0,,0.00,0.00
باركود موقه حملة مدة الجنوب,,0,,0.00,0.00
باركود موكلي,,0,,0.00,0.00
باركود نقاط بيع ثابت,,0,,0.00,0.00
باركود نمبر,,0,,0.00,0.00
باركود نيدو,,0,,0.00,0.00
باركود نيدي,,0,,0.00,0.00
باركود نيديو,,0,,0.00,0.00
باركود نيسان,,0,,0.00,0.00
باركود هات تكنو,,0,,0.00,0.00
باركود هند القحطاني,,0,,0.00,0.00
باركود هونداي,,0,,0.00,0.00
باركود و صوررة,,0,,0.00,0.00
باركود واتس اب ويب 2017,,0,,0.00,0.00
باركود واجب لغتي الخالدة,,0,,0.00,0.00
باركود واحد للمنتجات متعددة,,0,,0.00,0.00
باركود وتساب,,0,,0.00,0.00
باركود وزارة الصحة النظام الغذائي,,0,,0.00,0.00
باركود وصورة,,0,,0.00,0.00
باركود وكاله,,0,,0.00,0.00
باركود ون من شو,,0,,0.00,0.00
باركود وورد 2007,,0,,0.00,0.00
باركود ويكيبيديا,,0,,0.00,0.00
باركود يبدأ 404623,,0,,0.00,0.00
باركود يبدأ 4210,,0,,0.00,0.00
باركود يبدأ ب 620,,0,,0.00,0.00
باركود يبدا ب 2000,,0,,0.00,0.00
باركود يبداء ب620,,0,,0.00,0.00
باركود يفتح جميع الملفات,,0,,0.00,0.00
باركود ينبع,,0,,0.00,0.00
باركود ١٢٣٠,,0,,0.00,0.00
باركود ٢٢٠,,0,,0.00,0.00
باركود ٢٨,,0,,0.00,0.00
باركود ٥٤٨,,0,,0.00,0.00
باركود ٦٠٨,,0,,0.00,0.00
باركودا لاكي,,0,,0.00,0.00
باستخدام الباركود باللعب,,0,,0.00,0.00
بالايفون طريقة الحجز بالباركود,,0,,0.00,0.00
بالايفونطريق الحجز بالباركود,,0,,0.00,0.00
بانتين بديل الزيت باركود,,0,,0.00,0.00
بباركود الزيت,,0,,0.00,0.00
بحث جوجل عن باركود,,0,,0.00,0.00
بحث علمي عن الباركود وانواع وكيفية عمل الباركود,,0,,0.00,0.00
بحث علمي عن الباركود وانواع وكيفية عمل الباركود.pdf,,0,,0.00,0.00
بحث عن الباركود doc,,0,,0.00,0.00
بحث في جوجل بالباركود,,0,,0.00,0.00
بداية باركود 497,,0,,0.00,0.00
بديل ميزان الباركود,,0,,0.00,0.00
برامج الباركود في التعليم,,0,,0.00,0.00
برامج تصميم الباركود,,0,,0.00,0.00
برامج تنشئ الباركود,,0,,0.00,0.00
برامج صناعة باركود,,0,,0.00,0.00
برامج طباعة علي الباركود,,0,,0.00,0.00
برامج طباعه باركود,,0,,0.00,0.00
برامج طباعه باركود tsc,,0,,0.00,0.00
برامج عمل الباركود,,0,,0.00,0.00
برامج قارئ الباركود,,0,,0.00,0.00
برامج قراءة تاريخ انتهاء الصلاحية عند طريق الباركود,,0,,0.00,0.00
برامج لتحويل الرابط الى باركود,,0,,0.00,0.00
برامج لعمل باركود ونص,,0,,0.00,0.00
برامج ممتازه لتحويل الربط الى باركود,,0,,0.00,0.00
برمامج باركود,,0,,0.00,0.00
برمجة الباركود بالفيجوال بيسك,,0,,0.00,0.00
برمجة باركود,,0,,0.00,0.00
برمجة باركود 870,,0,,0.00,0.00
برمجة باركود xyl-870,,0,,0.00,0.00
برمجة ميزان الباركود,,0,,0.00,0.00
برمجة ميزان باركود,,0,,0.00,0.00
برمجة ميزان باركود فيجوال بيسك,,0,,0.00,0.00
برمجمة ميزان باركود اليكترونى gs-tm30a,,0,,0.00,0.00
برناامج حسابات الباركود,,0,,0.00,0.00
برنامج openbravo باركود,,0,,0.00,0.00
برنامج ادارة المعارض باركود,,0,,0.00,0.00
برنامج ادارة المعارض والمؤتمرات باركود,,0,,0.00,0.00
برنامج ادارة المعارض والمؤتمرات باركود exe,,0,,0.00,0.00
برنامج استخدام الباركود,,0,,0.00,0.00
برنامج استخراج باركود,,0,,0.00,0.00
برنامج اعداد الباركود,,0,,0.00,0.00
برنامج اكسل باركود,,0,,0.00,0.00
برنامج الأصول الثابته عن طريق الباركود,,0,,0.00,0.00
برنامج الباركود ca,,0,,0.00,0.00
برنامج الباركود caللبيد اف,,0,,0.00,0.00
برنامج الباركود اكسس,,0,,0.00,0.00
برنامج الباركود اكسس site arabteam2000-forum.com,,0,,0.00,0.00
برنامج الباركود الخريطة التفاعلية,,0,,0.00,0.00
برنامج الباركود المدرسي,,0,,0.00,0.00
برنامج الباركود في التحفيظ,,0,,0.00,0.00
برنامج الباركود في التعليم,,0,,0.00,0.00
برنامج الباركود للاصول الثابتة,,0,,0.00,0.00
برنامج الباركود للحلقات مؤسسة والدة الأمير ثامر,,0,,0.00,0.00
برنامج الباركود للمحلات التجارية,,0,,0.00,0.00
برنامج الباركود للمحلات التجارية مجانا,,0,,0.00,0.00
برنامج الباركود للمدارس,,0,,0.00,0.00
برنامج الباركود للملابس,,0,,0.00,0.00
برنامج الباركود للمناهج,,0,,0.00,0.00
برنامج الباركود لمحل جوالات مجاني,,0,,0.00,0.00
برنامج الباركود مع الاحداثيات,,0,,0.00,0.00
برنامج الباركود وسحب اسماء الفائزين,,0,,0.00,0.00
برنامج التحضير بالباركود مجاني,,0,,0.00,0.00
برنامج التحضير بقراءة الباركود مجانا,,0,,0.00,0.00
برنامج الجرد بالباركود,,0,,0.00,0.00
برنامج الجرد بالباركود اوراكب بجدة,,0,,0.00,0.00
برنامج الجرد بالباركود اوراكل بجدة,,0,,0.00,0.00
برنامج الجرد بالباركود بجدة,,0,,0.00,0.00
برنامج الصادر والوارد بالباركود,,0,,0.00,0.00
برنامج المتقدم لطباعة الباركود,,0,,0.00,0.00
برنامج انشاء الباركود فقط,,0,,0.00,0.00
برنامج انشاء باركود qr,,0,,0.00,0.00
برنامج بارتندر للباركود,,0,,0.00,0.00
برنامج بارتندر للباركود الرقم التسلسلي,,0,,0.00,0.00
برنامج بارتندر للباركود تشغيل,,0,,0.00,0.00
برنامج بارتندر للباركود شرح pdf,,0,,0.00,0.00
برنامج باركود 2018,,0,,0.00,0.00
برنامج باركود الاغاني,,0,,0.00,0.71
برنامج باركود الكتب المدرسيه,,0,,0.00,0.00
برنامج باركود المستودعات,,0,,0.00,0.00
برنامج باركود المنتجات عالميا عربى,,0,,0.00,0.00
برنامج باركود الموقع,,0,,0.00,0.00
برنامج باركود اون لاين,,0,,0.00,0.00
برنامج باركود جنريتر,,0,,0.00,0.00
برنامج باركود جنيتر,,0,,0.00,0.00
برنامج باركود ريدر,,0,,0.00,0.00
برنامج باركود زيبرا,,0,,0.00,0.00
برنامج باركود سكانر للكمبيوتر,,0,,0.00,0.00
برنامج باركود عربى,,0,,0.00,0.00
برنامج باركود للبقالة,,0,,0.00,0.00
برنامج باركود للحلقات,,0,,0.00,0.00
برنامج باركود للسوبر ماركت مجاني,,0,,0.00,0.00
برنامج باركود للمحلات,,0,,0.00,0.00
برنامج باركود مجانى,,0,,0.00,0.00
برنامج تحضير الطلاب بالباركود او جهاز البصمة جديده,,0,,0.00,0.00
برنامج تحضير متدربين بالباركود,,0,,0.00,0.00
برنامج تحوي الصور الى باركود,,0,,0.00,0.00
برنامج تحويل الاحداثي إلى باركود,,0,,0.00,0.00
برنامج تحويل الاحداثيات إلى باركود,,0,,0.00,0.00
برنامج تحويل الارقام الي باركود,,0,,0.00,0.00
برنامج تحويل الصورة الى باركود أحادي,,0,,0.00,0.00
برنامج تحويل اى نصى لاى باركود,,0,,0.00,0.00
برنامج تحويل ملف اكس ال إلى باركود,,0,,0.00,0.00
برنامج تسجيل الحضور والدرجات بالباركود,,0,,0.00,0.00
برنامج تصميم الباركود للمنتجات,,0,,0.00,0.00
برنامج تصميم ملصقات باركود,,0,,0.00,0.00
برنامج تصميم وطباعة الباركود,,0,,0.00,0.00
برنامج تصوير الباركود للسعرات الحرارية,,0,,0.00,0.00
برنامج تعريف قارئ الباركود sky,,0,,0.00,0.00
برنامج توليد وطباعة الباركود,,0,,0.00,0.00
برنامج جريت باركود,,0,,0.00,0.00
برنامج حساب مقاس الباركود,,0,,0.00,0.00
برنامج حضور الطلاب بالباركود,,0,,0.00,0.00
برنامج حضور باركود,,0,,0.00,0.00
برنامج حضور باركود و شهادات,,0,,0.00,0.00
برنامج حضور وانصراف الموظفين بالباركود مجانى,,0,,0.00,0.00
برنامج حضور وانصراف الموظفين فيجوال بيسك بالباركود,,0,,0.00,0.00
برنامج حضور وانصراف بالباركود اندرويد,,0,,0.00,0.00
برنامج حضور وانصراف بالباركود مجانى,,0,,0.00,0.00
برنامج سحب باركود الدخان,,0,,0.00,0.00
برنامج سوبر ماركت بالباركود مجانى,,0,,0.00,0.00
برنامج شحن الرصيد بالباركود,,0,,0.00,0.00
برنامج شحن بالباركود,,0,,0.00,0.00
برنامج شهادات باركود,,0,,0.00,0.00
برنامج صانع الاختبارات التفاعلية مع الدخول باستخدام الباركود,,0,,0.00,0.00
برنامج صانع الباركود للكتب,,0,,0.00,0.00
برنامج صانع قارئ الباركود,,0,,0.00,0.00
برنامج صناعة الباركود كامل,,0,,0.00,0.00
برنامج طابة باركود زيبرا,,0,,0.00,0.00
برنامج طابعة باركود لاصق,,0,,0.00,0.00
برنامج طباعة الباركود a4,,0,,0.00,0.00
برنامج طباعة الباركود gk420t,,0,,0.00,0.00
برنامج طباعة الباركود زيبرا بدون سيستم,,0,,0.00,0.00
برنامج طباعة الباركود زيبرا سمسا,,0,,0.00,0.00
برنامج طباعة الباركود زيبراgk420t,,0,,0.00,0.00
برنامج طباعة الباركود على ورق a4,,0,,0.00,0.00
برنامج طباعة الباركود على ورق a4 مجانا,,0,,0.00,0.33
برنامج طباعة الباركود فقط,,0,,0.00,0.00
برنامج طباعة الباركود فيجوال بيسك,,0,,0.00,0.00
برنامج طباعة الباركود فيجوال بيسك سورس كود,,0,,0.00,0.00
برنامج طباعة باركود زيبرا مجاني,,0,,0.00,0.00
برنامج طباعة باركود عربي,,0,,0.00,0.00
برنامج طباعة باركود غير مكرر,,0,,0.00,0.00
برنامج طباعة فواتير الباركود عربي مجاني,,0,,0.00,0.00
برنامج طباعة ملصقات باركود,,0,,0.00,0.00
برنامج طباعه الباركود,,0,,0.00,0.00
برنامج طباعه الباركود اكسل,,0,,0.00,0.00
برنامج طباعه ملصق باركود حراري,,0,,0.00,0.00
برنامج طمن الشؤون الصحية باركود,,0,,0.00,0.00
برنامج عربي لتوليد الباركود,,0,,0.00,0.00
برنامج عمل أكواد باركود مجانا,,0,,0.00,0.00
برنامج عمل الباركود الخاص,,0,,0.00,0.00
برنامج عمل باركود كامل,,0,,0.00,0.00
برنامج عمل تسجيل باركود,,0,,0.00,0.00
برنامج عين الباركود,,0,,0.00,0.00
برنامج فتح رابط الباركود,,0,,0.00,0.00
برنامج فتح ملف الباركود,,0,,0.00,0.00
برنامج قارئ الباركود pdf اندرويد,,0,,0.00,0.00
برنامج قارئ الباركود qr reader,,0,,0.00,0.00
برنامج قارئ الباركود qr reader للكمبيوتر,,0,,0.00,0.00
برنامج قارئ الباركود على الكمبيوتر,,0,,0.00,0.00
برنامج قارئ الباركود على الكمبيوتر مع جهاز مسح,,0,,0.00,0.00
برنامج قارئ الباركود في البي دي اف,,0,,0.00,0.00
برنامج قارئ الباركود في نوت 3,,0,,0.00,0.00
برنامج قارئ الباركود لا يعمل,,0,,0.00,0.00
برنامج قارئ الباركود للاب توب,,0,,0.00,0.00
برنامج قارئ الباركود للاندرويد,,0,,0.00,0.00
برنامج قاريء الباركود,,0,,0.00,0.00
برنامج قراءة الباركود لرقم اتصالات,,0,,0.00,0.00
برنامج قراءة الباركود للكتب المدرسية,,0,,0.00,0.00
برنامج قراءة الباركود للكتب المدرسية للكم,,0,,0.00,0.00
برنامج قراءة الباركود للكتب المدرسية للكمبيوتر,,0,,0.00,0.00
برنامج قراءة الباركود للكمبيوتر باستخدام الجوال,,0,,0.00,0.00
برنامج قراءة الباركود للكمبيوتربستخدام الجوال,,0,,0.00,0.00
برنامج قراءة باركود العطور,,0,,0.00,0.00
برنامج قراه باركود الاسعار,,0,,0.00,0.00
برنامج قريت باركود,,0,,0.00,0.00
برنامج لحساب السعرات الحرارية بالباركود,,0,,0.00,0.00
برنامج لصناعة باركود,,0,,0.00,0.00
برنامج لطرح الاسئلة بالباركود,,0,,0.00,0.00
برنامج لعمل الباركود youtube,,0,,0.00,0.00
برنامج لعمل باركود بسهوله,,0,,0.00,0.00
برنامج لعمل باركود للايفون,,0,,0.00,0.00
برنامج لعمل وطباعة الباركود,,0,,0.00,0.00
برنامج لفك الباركود,,0,,0.00,0.00
برنامج لفك الباركود للايفون,,0,,0.00,0.00
برنامج لقراءة الباركود gghdt k,,0,,0.00,0.00
برنامج لقراءة الباركود للبلاك بيري,,0,,0.00,0.00
برنامج لقراءة الباركود للكمبيوتر,,0,,0.00,0.00
برنامج لقراءة الباركود من الكميوتر المكتبي,,0,,0.00,0.00
برنامج لقراءة الكي باركود من الكميوتر المكتبي,,0,,0.00,0.00
برنامج للمحلات التجارية باركود,,0,,0.00,0.00
برنامج لمحل ملابس بالباركود,,0,,0.00,0.00
برنامج لوضع باركود خاص فيك,,0,,0.00,0.00
برنامج ماسح الباركود اندرويد,,0,,0.00,0.00
برنامج ماسح باركود ويندوز 7,,0,,0.00,0.00
برنامج مانكي للباركود,,0,,0.00,0.00
برنامج مبيعات باركود,,0,,0.00,0.00
برنامج مبيعات مجاني يدعم الباركود,,0,,0.00,0.00
برنامج مبيعات وحسابات بالباركود صدقه جاريه,,0,,0.00,0.00
برنامج مبيعات وحسابات بالباركود مجاني,,0,,0.00,0.00
برنامج مبيعات وحسابات مجاني بالباركود,,0,,0.00,0.00
برنامج مجاني لتحويل الارقام إلى باركود,,0,,0.00,0.00
برنامج محاسبة باركود لمحلات الزينه,,0,,0.00,0.00
برنامج محاسبة للمحلات باركود,,0,,0.00,0.00
برنامج محاسبي بباركود,,0,,0.00,0.00
برنامج مخازن مجانى excel بالباركود,,0,,0.00,0.00
برنامج مخازن مجانى excel بالباركود عربي 2018,,0,,0.00,0.00
برنامج مخازن مجانى excel و بالباركود,,0,,0.00,0.00
برنامج مدفوع لصناعة باركود,,0,,0.00,0.00
برنامج مدفوع لصناعة باركود أوراق رسمية,,0,,0.00,0.00
برنامج مراسلات بالباركود علي اكسس,,0,,0.00,0.00
برنامج مسابقة الباركود,,0,,0.00,0.00
برنامج مصمم الباركود,,0,,0.00,0.00
برنامج معرفة ان العطر الأصلي عن طريق الباركود,,0,,0.00,0.00
برنامج معرفة ان العطر الاصلي عن طريق الباركود,,0,,0.00,0.00
برنامج نقاط الباركود,,0,,0.00,0.00
برنامج نقاط بيع باركود,,0,,0.00,0.00
برنامج نقاط بيع باركود اكسل,,0,,0.00,0.00
برنامج نقاط بيع باركود اون لاين,,0,,0.00,0.00
برنامج نقاط بيع باركود تجربة,,0,,0.00,0.00
برنامج نقاط بيع باركود فري,,0,,0.00,0.00
برنامج وجهاز باركود,,0,,0.00,0.00
برنامج وزارة التجارة للباركود,,0,,0.00,0.00
برنامج يسوي الباركود,,0,,0.00,0.00
برنامج يشبه الباركود,,0,,0.00,0.00
برنامج يطبع باركود على اي برنتر,,0,,0.00,0.00
برنامج يقرأ الباركود للاندرويد,,0,,0.00,0.00
بطاقات ps4 السعودية مواقع باركود,,0,,0.00,0.00
بطاقات اكتساب باركود,,0,,0.00,0.00
بطاقات الاعمال باركود,,0,,0.00,0.00
بطاقات ترفية باركود,,0,,0.00,0.00
بطاقة دعوه بالباركود,,0,,0.00,0.00
بعد ادخال باركود الانتقال لسجل جديد,,0,,0.00,0.00
بكر باركود بكر كاشير بكر تسعير رول,,0,,0.00,0.00
بكر باركود حراري,,0,,0.00,0.00
بلد الانتاج بالباركود,,0,,0.00,0.00
بناء باركود,,0,,0.00,0.00
بنده توظيف باركود,,0,,0.00,0.00
بوابة عين باركود,,0,,0.00,0.00
بور بوينت طريقة تحويل الملفات لإى باركود كيو أر,,0,,0.00,0.00
بوربوينت تصميم الباركود,,0,,0.00,0.00
بوربوينت دمج تقنية الباركود بالتعليم,,0,,0.00,0.00
بوربوينت عمل الباركود qr,,0,,0.00,0.00
بوربوينت عن الباركود,,0,,0.00,0.00
بي دي اف باركود,,0,,0.00,0.00
بيبيليس اي برو ٢٣٠ باركود,,0,,0.00,0.00
بيع اجهزة الباركود,,0,,0.00,0.00
بيع حبر باركود,,0,,0.00,0.00
بيع حبر باركود الدمام,,0,,0.00,0.00
بيع نظام الباركود في السعودية,,0,,0.00,0.00
تأمين وتوريد طابعات الملصقات باركود,,0,,0.00,0.00
تابلت مع باركود,,0,,0.00,0.00
تبادل المعلومات الباركود بين الجوالات,,0,,0.00,0.00
تتبع الحركات باركود,,0,,0.00,0.00
تثبيت باركود tlp2844 على ويندوز 10,,0,,0.00,0.00
تثبيت باركود ع جهاز الكمبيوتر نوع zebra,,0,,0.00,0.00
تثبيت طابعة الباركود,,0,,0.00,0.00
تثبيت طابعة الباركود godex 120,,0,,0.00,0.00
تثبيت قارئ الباركود سيمبل,,0,,0.00,0.00
تجويل بدف الى باركود,,0,,0.00,0.00
تحدي باركود,,0,,0.00,0.00
تحدي محمد وغيصل في الباركود,,0,,0.00,0.00
تحدي محمد وفيصل في الباركود,,0,,0.00,0.00
تحديث التعريف الطابعه الباركود,,0,,0.00,0.00
تحديد بلد صناعة أى منتج من خلال رقم الباركود,,0,,0.00,0.00
تحضير الغياب بالباركود,,0,,0.00,0.00
تحضير الفصل الدراسي الأول الصف الرابع الابتدائي بالباركود,,0,,0.00,0.00
تحضير الموظفين بالباركود,,0,,0.00,0.00
تحليل لكود ميزان الباركود,,0,,0.00,0.00
تحميل qr code preview خط باركود,,0,,0.00,0.00
تحميل qr code previewخط باركود,,0,,0.00,0.00
تحميل الباركود المدرسي,,0,,0.00,0.00
تحميل الصور الى باركود,,0,,0.00,0.00
تحميل الصور باركود,,0,,0.00,0.00
تحميل الواتسب بدون باركود,,0,,0.00,0.00
تحميل باركود التسعيرة,,0,,0.00,0.00
تحميل باركود التعليم,,0,,0.00,0.00
تحميل باركود لغتي الخالدة ثاني متوسط الترم الأول 1441,,0,,0.00,0.00
تحميل باركود نقاط كارفور,,0,,0.00,0.00
تحميل باركود نقاط كارفور السعودية,,0,,0.00,0.00
تحميل باركور طابعة الباركود,,0,,0.00,0.00
تحميل باركور لطابعة الباركود,,0,,0.00,0.00
تحميل برامج عن طريق الباركود للايفون,,0,,0.00,0.00
تحميل برنامج الباركود للتحفيظ,,0,,0.00,0.00
تحميل برنامج الباركود للحلقات,,0,,0.00,0.00
تحميل برنامج الباركود للمدارس,,0,,0.00,0.00
تحميل برنامج الباركود مجاني,,0,,0.00,0.00
تحميل برنامج البحث بالباركود,,0,,0.00,0.00
تحميل برنامج المتقدم لطباعة الباركود,,0,,0.00,0.00
تحميل برنامج باركود عربي,,0,,0.00,0.00
تحميل برنامج باركود للطباعة a4,,0,,0.00,0.00
تحميل برنامج تنزيل الصور من الايفون طريق الباركود,,0,,0.00,0.00
تحميل برنامج صانع الباركود bytescout tools installer,,0,,0.00,0.00
تحميل برنامج صناعة الباركود,,0,,0.00,0.00
تحميل برنامج طابعة باركود,,0,,0.00,0.00
تحميل برنامج طباعة الباركود على ورق a4,,0,,0.00,0.00
تحميل برنامج طباعة ملصقات الباركود,,0,,0.00,0.00
تحميل برنامج قارئ الباركود للابتوب,,0,,0.00,0.00
تحميل برنامج قارئ الباركود للكمبيوتر,,0,,0.00,0.00
تحميل برنامج قراءة الباركود للكمبيوتر,,0,,0.00,0.00
تحميل برنامج كشف الباركود,,0,,0.00,0.00
تحميل برنامج لطابعت الباركود,,0,,0.00,0.00
تحميل برنامج لطابعت الباركود عربي,,0,,0.00,0.00
تحميل برنامج لعمل الباركود للمنتجات,,0,,0.00,0.00
تحميل برنامج لعمل باركود للمواقع,,0,,0.00,0.00
تحميل برنامج ماسح الباركود للكمبيوتر,,0,,0.00,0.00
تحميل برنامج مراقبة الواتس اب عن طريق الباركود,,0,,0.00,0.00
تحميل برنامج ملصقات الباركود,,0,,0.00,0.00
تحميل برنامج ميزان الباركود,,0,,0.00,0.00
تحميل برنامح ماسح الباركود,,0,,0.00,0.00
تحميل بلاك بيري ماسنجر 7 عربي باركود,,0,,0.00,0.00
تحميل تعريف باركود marvel,,0,,0.00,0.00
تحميل تعريف باركود marvel af1503tl,,0,,0.00,0.00
تحميل تعريف باركود xprinter,,0,,0.00,0.00
تحميل تعريف طابعة باركود gc420t,,0,,0.00,0.00
تحميل تعريف طابعة باركود gk420t,,0,,0.00,0.00
تحميل تعريف طابعة باركود tlp 2844,,0,,0.00,0.00
تحميل خط رمز الباركود,,0,,0.00,0.00
تحميل رمز الباركود,,0,,0.00,0.00
تحميل صور برابط باركود,,0,,0.00,0.00
تحميل طباعة ملصقات الباركود,,0,,0.00,0.00
تحميل عن طىيق الباركود للجلكسي,,0,,0.00,0.00
تحميل فيديو بالباركود,,0,,0.00,0.00
تحميل قارئ الباركود للاندرويد,,0,,0.00,0.00
تحميل قارئ الباركود للكمبيوتر للمناهج الدراسيه,,0,,0.00,0.00
تحميل قارئ الباركود للمناهج,,0,,0.00,0.00
تحميل قارئ الباركود للمناهج الدراسية,,0,,0.00,0.00
تحميل قارئت الباركود,,0,,0.00,0.00
تحميل قاري الباركود,,0,,0.00,0.00
تحميل قراءة باركود,,0,,0.00,0.00
تحميل كتاب عن طريق الباركود,,0,,0.00,0.00
تحميل كتب مجانا عن طريق الباركود pdf,,0,,0.00,0.00
تحميل ماسح باركود للكمبيوتر,,0,,0.00,0.00
تحميل مجانا برنامج الباركود للمدارس,,0,,0.00,0.00
تحميل مسابقة الباركود الالكترونية,,0,,0.00,0.00
تحميل ملف pdfمع باركود,,0,,0.00,0.00
تحميل واتس اب للكمبيوتر من غير باركود,,0,,0.00,0.00
تحميل واتس الباركود,,0,,0.00,0.00
تحميلتعريف باركود marvel,,0,,0.00,0.00
تحميلكتاب النشاط لمادة لغتي بالباركود,,0,,0.00,0.00
تحويل bdf الى باركود,,0,,0.00,0.00
تحويل google map إلى باركود,,0,,0.00,0.00
تحويل hglgthj الى باركود,,0,,0.00,0.00
تحويل pdf للباركود,,0,,0.00,0.00
تحويل ارقام على باركود,,0,,0.00,0.00
تحويل الأرقام الى باركود,,0,,0.00,0.00
تحويل الاحداثيات إلى باركود,,0,,0.00,0.00
تحويل الاحداثيات قوقيل الى باركود,,0,,0.00,0.00
تحويل الارقام الباركود,,0,,0.00,0.00
تحويل الارقام الى باركود فى الاكسيل,,0,,0.00,0.00
تحويل الارقام الى باركود للاندرويد,,0,,0.00,0.00
تحويل الارقام للباركود,,0,,0.00,0.00
تحويل الايفون الى الباركود,,0,,0.00,0.00
تحويل الباركود السلكى الى لاسلكى,,0,,0.00,0.00
تحويل الباركود الى حروف,,0,,0.00,0.00
تحويل الباركود الى نصوص,,0,,0.00,0.00
تحويل الباركود لرابط,,0,,0.00,0.00
تحويل البى دى اف الى باركود,,0,,0.00,0.00
تحويل البي دي اف الى باركود مجان,,0,,0.00,0.00
تحويل البي دي اف الى باركود مجاني,,0,,0.00,0.00
تحويل البي دي اف الى باركود ملون,,0,,0.00,0.00
تحويل البي دي اف الى باركود ملون l hkh,,0,,0.00,0.00
تحويل البي دي اف الى باركود ملون مجان,,0,,0.00,0.00
تحويل البيانات الى باركود,,0,,0.00,0.00
تحويل البيدي اف الى باركود,,0,,0.00,0.00
تحويل الجوال الى قارئ باركود,,0,,0.00,0.00
تحويل الجوال الى قارئ باركود بلوتوث,,0,,0.00,0.00
تحويل الجوال الى قارئ باركود وشبكه بالكمبيوتر,,0,,0.00,0.00
تحويل الرابط إلى باركود يوتيوب,,0,,0.00,0.00
تحويل الرابط الى الباركود,,0,,0.11,0.15
تحويل الرابط الى باركود record monkey,,0,,0.00,0.00
تحويل الرابط الى باركود من قوقل,,0,,0.00,0.00
تحويل الرابط الى باركود منقوقل,,0,,0.00,0.00
تحويل الرابط باركود موقع حلول,,0,,0.00,0.00
تحويل الرابط للباركود قوقل,,0,,0.00,0.00
تحويل الرقم إلى باركود,,0,,0.00,0.00
تحويل الرقم الي باركود,,0,,0.00,0.00
تحويل الروابط إلى باركود,,0,,0.00,0.00
تحويل الصور الى باركود اون لاين,,0,,0.00,0.00
تحويل الصور الي باركود,,0,,0.00,0.00
تحويل الصورة الى باركود أحادي,,0,,0.00,0.00
تحويل الكتابة الى باركود,,0,,0.00,0.00
تحويل الكلام إلى باركود,,0,,0.00,0.00
تحويل المدرسة إلى باركود,,0,,0.00,0.00
تحويل المعلومات للباركود,,0,,0.00,0.00
تحويل المقطع لرمز باركود,,0,,0.00,0.00
تحويل الموقع الي باركود,,0,,0.00,0.00
تحويل الموقع للباركود,,0,,0.00,0.00
تحويل النص الى باركود في الاكسل,,0,,0.00,0.00
تحويل النص للباركود,,0,,0.00,0.00
تحويل النصل الى باركود,,0,,0.00,0.00
تحويل بيدي اف الي باركود,,0,,0.00,0.00
تحويل جوالك الى قارى باركود للكمبيوتر,,0,,0.00,0.00
تحويل حقل رقمي الى باركود,,0,,0.00,0.00
تحويل رابط الى باركود code128,,0,,0.00,0.00
تحويل رابط الى باركود خطوط,,0,,0.00,0.00
تحويل رابط الى باركود وليس qr code,,0,,0.00,0.00
تحويل رابط باركود مجاني,,0,,0.00,0.00
تحويل رابط نماذج جوجل إلى باركود,,0,,0.00,0.00
تحويل رقم الجوال الى باركود qr,,0,,0.00,0.00
تحويل رقم الهوية للباركود,,0,,0.00,0.00
تحويل رقم للباركود,,0,,0.00,0.00
تحويل رمز باركود الي ارتباط تشعبي,,0,,0.00,0.00
تحويل روابط للباركود,,0,,0.00,0.00
تحويل صور الى باركود,,0,,0.08,0.09
تحويل صورة الرقم الى باركود,,0,,0.00,0.00
تحويل صورة الى باركود ubc,,0,,0.00,0.00
تحويل صورة الى باركود upc,,0,,0.00,0.00
تحويل عرض الفيديو الي باركود,,0,,0.00,0.00
تحويل عنوان url الي باركود,,0,,0.00,0.00
تحويل فيديو الى شعار باركود,,0,,0.00,0.00
تحويل قارء باركود الى كيار,,0,,0.00,0.00
تحويل مجلد الي باركود,,0,,0.00,0.00
تحويل مقاطع اليوتيوب الى باركود,,0,,0.00,0.00
تحويل مقاطع يويتيوب الى باركود,,0,,0.00,0.00
تحويل مقطع للباركود,,0,,0.00,0.00
تحويل ملف اكس ال إلى باركود,,0,,0.00,0.00
تحويل ملف ورد الى باركود,,0,,0.00,0.00
تحويل من بي دي الى باركود,,0,,0.00,0.00
تحويل من ملف pdf الى باركود,,0,,0.00,0.00
تحويل موقع خريطة الى باركود,,0,,0.00,0.00
تحويل نص إلى باركود,,0,,0.00,0.00
تحويل نص الى باركود upc ean,,0,,0.00,0.00
تحويل نص صورة الى باركود,,0,,0.00,0.00
تحويل نموذج قوقل الى باركود,,0,,0.00,0.00
تحويل ورد الى باركود,,0,,0.00,0.00
تحويلملف الى باركود,,0,,0.00,0.00
ترقيم الباركود,,0,,0.00,0.00
ترقيم المنازل السعودية باركود,,0,,0.00,0.00
تركيب الكاميرا على الاردوينو لقراءة الباركود,,0,,0.00,0.00
تركيب الكاميرا على الاردينو لقراءة الباركود,,0,,0.00,0.00
تركيب حبر طابعة باركود,,0,,0.00,0.00
تركيب حبر لطابعة الباركود,,0,,0.00,0.00
تركيبة ارقام الباركود,,0,,0.00,0.00
ترميز الباركود المستخدم في نور,,0,,0.00,0.00
تزوير باركود,,0,,0.00,0.00
تزوير باركود الصادر,,0,,0.00,0.00
تسجيل الباركود الزامي على سابر,,0,,0.00,0.00
تسجيل الباركود ودخول المواقع ايفون,,0,,0.00,0.00
تسجيل الباركود ودخول المواقع للايفون,,0,,0.00,0.00
تسجيل الرابط للباركود,,0,,0.00,0.00
تسجيل العنوان الوطني عن طريق باركود,,0,,0.00,0.00
تسجيل دخول لحساب المباشر للافراد بالباركود,,0,,0.00,0.00
تسجيل عن طريق باركود,,0,,0.00,0.00
تسجيل في الباركود,,0,,0.00,0.00
تشر focusky عن طريق باركود,,0,,0.00,0.00
تشغيل الباركود سماك المحاسبي,,0,,0.00,0.00
تشغيل الواتس اب على الكمبيوتر بالباركود,,0,,0.00,0.00
تشغيل باركود الكتب,,0,,0.00,0.00
تشفير باركود,,0,,0.00,0.00
تشيك باركود,,0,,0.00,0.00
تصاميم باركود,,0,,0.00,0.00
تصحيح اختياري متعدد بالباركود,,0,,0.00,0.00
تصغير الباركود,,0,,0.00,0.00
تصفح هنا عن طريق الباركود,,0,,0.00,0.00
تصليح باركود,,0,,0.00,0.00
تصميم الباركود بشكل مميز,,0,,0.00,0.00
تصميم الباركودات,,0,,0.00,0.00
تصميم باركود اون لاين للصور,,0,,0.00,0.00
تصميم باركود ب xml,,0,,0.00,0.00
تصميم باركود بارتندر,,0,,0.00,0.00
تصميم باركود بارتندر مع فيجوال بيسك,,0,,0.00,0.00
تصميم باركود بشعارات,,0,,0.00,0.00
تصميم باركود بشعارات الشركة,,0,,0.00,0.00
تصميم باركود خاص,,0,,0.00,0.00
تصميم باركود خاص بي,,0,,0.00,0.00
تصميم باركود طابعة زيبرا,,0,,0.00,0.00
تصميم باركود فجوال بيسك,,0,,0.00,0.00
تصميم باركود للصور,,0,,0.00,0.00
تصميم باركود للموقع,,0,,0.00,0.00
تصميم جهاز باركود خاص,,0,,0.00,0.00
تصميم جهاز قارئ باركود,,0,,0.00,0.00
تصميم صفحات مع باركود وصورة,,0,,0.00,0.00
تصميم كروت باركود,,0,,0.00,0.00
تصميم كروت دعاية واعلان مع رمز باركود,,0,,0.00,0.00
تصميمات استيكرات الباركود,,0,,0.00,0.00
تصميمات لاستيكرات الباركود,,0,,0.00,0.00
تصوير الباركود meat 20 pro,,0,,0.00,0.00
تصوير الباركود للاندرويد,,0,,0.00,0.00
تطبيق إنشاء الباركود,,0,,0.00,0.00
تطبيق الباركود القارئ الاسعار,,0,,0.00,0.00
تطبيق الباركود اوراكل بالمستودعات,,0,,0.00,0.00
تطبيق الباركود بالمستودعات,,0,,0.00,0.00
تطبيق الباركود على المعاملات,,0,,0.00,0.00
تطبيق الباركود علي الادوية,,0,,0.00,0.00
تطبيق الباركود في التعليم,,0,,0.00,0.00
تطبيق الباركود في النظام المالي,,0,,0.00,0.00
تطبيق الرابط الى باركود,,0,,0.00,0.00
تطبيق اندرويد باركود الطلاب,,0,,0.00,0.00
تطبيق اندرويد حفظ الباركود,,0,,0.00,0.00
تطبيق باركود اسم الدولة,,0,,0.00,0.00
تطبيق بطاقات باركود الطلاب,,0,,0.00,0.00
تطبيق تحويل الى باركود,,0,,0.00,0.00
تطبيق تحويل اي رابط إلى باركود,,0,,0.00,0.00
تطبيق خطواتي باركود,,0,,0.00,0.00
تطبيق صانع الباركود,,0,,0.00,0.00
تطبيق صنع الباركود,,0,,0.00,0.00
تطبيق قارئ باركود انرويد,,0,,0.00,0.00
تطبيق قراءة باركود العطور,,0,,0.00,0.00
تطبيق لمشاركة اسئلة بباركود,,0,,0.00,0.00
تطبيق معرفة بلد الصنع بواسطة الباركود للايفون,,0,,0.00,0.00
تطبيق يحول الرابط للباركود,,0,,0.00,0.00
تطبيقات الباركود صور,,0,,0.00,0.00
تطبيقات الباركود في التدريس,,0,,0.00,0.00
تطبيقات الباركود في التعليم,,0,,0.00,0.00
تطبيقات الباركود للجوال,,0,,0.00,0.00
تطبيقات قارئ باركود,,0,,0.00,0.00
تطبيقات قراءة الباركود,,0,,0.00,0.00
تطبيقات قراءة الباركود barcode,,0,,0.00,0.00
تطبيقات قراءة الباركود barqode,,0,,0.00,0.00
تطبيقات قراءة الباركود في التعليم,,0,,0.00,0.00
تعرف طابعة باركود موديل kwd400h,,0,,0.00,0.00
تعريف الانتر في قاري الباركود,,0,,0.00,0.00
تعريف الباركود 9 بن على الكمبيوتر,,0,,0.00,0.00
تعريف باركود 870,,0,,0.00,0.00
تعريف باركود handheld,,0,,0.00,0.00
تعريف باركود marvel,,0,,0.00,0.00
تعريف باركود symbol,,0,,0.00,0.00
تعريف باركود صيني,,0,,0.00,0.00
تعريف جهاز قارئ الباركود,,0,,0.00,0.00
تعريف جهاز قارئ الباركود للكمبيوتر,,0,,0.00,0.00
تعريف طابعبة delabel باركود,,0,,0.00,0.00
تعريف طابعة باركود 233 okpos,,0,,0.00,0.00
تعريف طابعة باركود gc420t,,0,,0.00,0.00
تعريف طابعة باركود marvel,,0,,0.00,0.00
تعريف طابعة باركود marvel af1503ti,,0,,0.00,0.00
تعريف طابعة باركود okpos,,0,,0.00,0.00
تعريف طابعة باركود tlp 2844,,0,,0.00,0.00
تعريف طابعة باركود tlp2844,,0,,0.00,0.00
تعريف طابعة باركود tsc,,0,,0.00,0.00
تعريف طابعة باركود zebra lp 2824 plus,,0,,0.00,0.00
تعريف طابعة باركود zebra zd410,,0,,0.00,0.00
تعريف طابعة باركود اوكي بوس,,0,,0.00,0.00
تعريف طابعة باركود موديل kwd400h,,0,,0.00,0.00
تعريف طابعه باركود sewoo lk-b30,,0,,0.00,0.00
تعريف طابعه باركود حراريه,,0,,0.00,0.00
تعريف قارئ الباركود honeywell ms9520,,0,,0.00,0.00
تعريف قارئ الباركود symbol l24478,,0,,0.00,0.00
تعريف قارئ الباركود symbol li4278,,0,,0.00,0.00
تعريف قارئ الباركود symbolli4278,,0,,0.00,0.00
تعريف قارئ باركود zebex,,0,,0.00,0.00
تعريف قاري الباركود netum,,0,,0.00,0.00
تعريف مقاس استكر على طابعه الباركود,,0,,0.00,0.00
تعلم قراءة الباركود,,0,,0.00,0.00
تعليم انشاء باركود,,0,,0.00,0.00
تعليم مبتداء للباركود,,0,,0.00,0.00
تعليمات الباركود,,0,,0.00,0.00
تغير الرابط الى باركود,,0,,0.00,0.00
تقرير عن الباركود,,0,,0.00,0.00
تقرير لنسب التحسن في استخدام الباركود,,0,,0.00,0.00
تقرير نسب التحسن في استخدام الباركود,,0,,0.00,0.00
تقنية الباركود المشع,,0,,0.00,0.00
تقنية الباركود بالتعليم,,0,,0.00,0.00
تقنية الباركود في الرياضيات,,0,,0.00,0.00
تكعيب الكتب في نظام نور باستخدام الباركود,,0,,0.00,0.00
تكلفة اصدار باركود في السعودية,,0,,0.00,0.00
تلعمل باركود لروابط,,0,,0.00,0.00
تمارين باستخدام الباركود,,0,,0.00,0.00
تنزيل افضل ماسح الباركود من تور,,0,,0.00,0.00
تنزيل الباركود للكمبيوتر,,0,,0.00,0.00
تنزيل باركود دراسيد,,0,,0.00,0.00
تنزيل برنامج طباعة الباركود gk420t,,0,,0.00,0.00
تنزيل برنامج طباعة الباركود مجانا,,0,,0.00,0.00
تنزيل برنامج قارئ الباركود للكمبيوتر,,0,,0.00,0.00
تنزيل تعريف باركود زيبر 420 zcl,,0,,0.00,0.00
تنزيل تعريف طابعة الباركود gk420t,,0,,0.00,0.00
تنزيل خطوط باركود,,0,,0.00,0.00
تنزيل ماسح الباركود من تور,,0,,0.00,0.00
تنزيل ملف pdf على باركود,,0,,0.00,0.00
تنزيل واتس اب للكمبيوتر 2019 بدون باركود موبيل,,0,,0.00,0.00
تنسيق الباركود,,0,,0.00,0.00
تنسيق باركود طابعة زيبرا,,0,,0.00,0.00
تنفيذ الباركود,,0,,0.00,0.00
تنفيذ باركود,,0,,0.00,0.00
توزيع الباركود,,0,,0.00,0.00
توقف طابعة الباركود,,0,,0.00,0.00
توليد الباركود,,0,,0.00,0.00
توليد الباركود مجانا,,0,,0.00,0.00
توليد باركود بيانات,,0,,0.00,0.00
توليد باركود للصور,,0,,0.00,0.00
تويتر فكرة الباركود,,0,,0.00,0.00
ثمن قارئ باركود,,0,,0.00,0.00
جاز باركود الخطابات,,0,,0.00,0.00
جامعة المعرفة باركود,,0,,0.00,0.00
جبنه فيتا لايت الباركود,,0,,0.00,0.00
جبنه فيتا لايت باركود,,0,,0.00,0.00
جدول صارد باركود,,0,,0.00,0.00
جراند تحدي باركود دباب اربع كفرات كفرات سيد,,0,,0.00,0.00
جرد الاصول بالباركود,,0,,0.00,0.00
جرير جهاز باركود,,0,,0.00,0.00
جزيرة باركودا لاكي,,0,,0.00,0.00
جعل الروابط باركود,,0,,0.00,0.00
جعل الصورة داخل الباركود,,0,,0.00,0.00
جعل طابعة الباركود تطبع مرة واحدة,,0,,0.00,0.00
جعل طابعة الباركود تطبع ملصق ملصق,,0,,0.00,0.00
جعل قارء باركود,,0,,0.00,0.00
جعل قارء باركود يقرأ كو ار,,0,,0.00,0.00
جعل قارء باركود يقراء كو ار,,0,,0.00,0.00
جميع اسالة الباركود اول ثانوي اجتماعيات,,0,,0.00,0.00
جميع اصناف الصيدليات بالباركود الدولي,,0,,0.00,0.00
جميع باركود للمنتجات,,0,,0.00,0.00
جميع تعاريف سكنر باركود,,0,,0.00,0.00
جميع خطوط الباركود,,0,,0.00,0.00
جنسنج الكوري باركود,,0,,0.00,0.00
جهاز الباركود اين يباع,,0,,0.00,0.00
جهاز الباركود اين يباع لمتجر,,0,,0.00,0.00
جهاز الباركود مستخدم للتشفير,,0,,0.00,0.00
جهاز باركود انفوسوفت,,0,,0.00,0.00
جهاز باركود ترقيم خطابات,,0,,0.00,0.00
جهاز باركود ثيمات,,0,,0.00,0.00
جهاز باركود دخول الحديقه,,0,,0.00,0.00
جهاز باركود سوق كوم,,0,,0.00,0.00
جهاز باركود صادر ووارد,,0,,0.00,0.00
جهاز باركود صيانة,,0,,0.00,0.00
جهاز قارء باركود,,0,,0.00,0.00
جهاز قارئ الباركود اكسترا,,0,,0.00,0.00
جهاز قارئ الباركود اكستوا,,0,,0.00,0.00
جهاز قارئ الباركود اكسنرا,,0,,0.00,0.00
جهاز قارئ الباركود الصور,,0,,0.00,0.00
جهاز قارئ الباركود لا يقرأ,,0,,0.00,0.00
جهاز قارئ الباركود لمصادر التعلم,,0,,0.00,0.00
جهاز قراءة الباركود مع الشاشة,,0,,0.00,0.00
جهاز كاشير باركود جدة,,0,,0.00,0.00
جهاز ماسح الباركود في المحلات,,0,,0.00,0.00
جهاز ماسح الباركود في المحلات و جهاز طباعة الايصال,,0,,0.00,0.00
جهاز مسح الباركود و نقاط البيع,,0,,0.00,0.00
جهازتصوير باركود,,0,,0.00,0.00
جوال هواوي كيف اخلها يقرا الباركود,,0,,0.00,0.00
جوال هواوي كيف اخليه يقرا الباركود,,0,,0.00,0.00
حبال الباركود,,0,,0.00,0.00
حبال الباركود فوتشوب,,0,,0.00,0.00
حبر باركود,,0,,0.00,0.00
حبر باركود gc420t,,0,,0.00,0.00
حبر طابعات الباركود,,0,,0.00,0.00
حبر طابعة الباركود موديل datacard cd800,,0,,0.00,0.00
حبر طابعة باركود gc420t,,0,,0.00,0.00
حبر طابعة باركود زيبرا,,0,,0.00,0.00
حبر طابعة باركود غير قابلة للازالة wax resin,,0,,0.00,0.00
حجم الباركود اكسس,,0,,0.00,0.00
حديثنا في الاذاعة لهذا اليوم عن اهمية الباركود,,0,,0.00,0.00
حساب قيمة x باركود من نوع 128,,0,,0.00,0.00
حساب قيمة x للباركود من نوع 128,,0,,0.00,0.00
حساس قارئ الباركود,,0,,0.00,0.00
حضور وانصراف باركود,,0,,0.00,0.00
حضور وانصراف باركود شهادات,,0,,0.00,0.00
حفظ الصور في الباركود,,0,,0.00,0.00
حفظ ملف وورد الى باركود,,0,,0.00,0.00
حل باركود الصف السادس ق,,0,,0.00,0.00
حل باركود الصف السادس ق2 الاستراتيجيه القرائيه الوحدة 6,,0,,0.00,0.00
حل باركود الصف السادس قالغتي,,0,,0.00,0.00
حل باركود الصف السادس قف الاستراتيجيه القرائيه,,0,,0.00,0.00
حل باركود الصف السادس قف الاستراتيجيه القرائيه الوحدة 6,,0,,0.00,0.00
حل باركود الصف السادس لغتي الاستراتيجيه القرائيه,,0,,0.00,0.00
حل مشكلة الباركود يظهر ارقام,,0,,0.00,0.00
حل مشكلة طباعة الباركود في نور,,0,,0.00,0.00
حل مشكلة طباعة الباركود وعدم وجود خطوط الترميز,,0,,0.00,0.00
حل مشكلة عدم طباعة بطاقات الباركود,,0,,0.00,0.00
حل مشكلة عدم ظهور خطوط القارئ الضوئي للباركود وقت الطباعه,,0,,0.00,0.00
حل مشكلة قارئ الباركود الشاشة المتراكبة,,0,,0.00,0.00
حل نص الاستماع الباركود 2متوسط,,0,,0.00,0.00
حلول باركود,,0,,0.00,0.00
حلولي باركود,,0,,0.00,0.00
خاصية الباركود,,0,,0.00,0.00
خالد باركود السيره الذاتيه,,0,,0.00,0.00
خبز التوست لوزين الاسمر باركود,,0,,0.00,0.00
ختم الكتروني باركود,,0,,0.00,0.00
ختم الكتروني باركود 2019,,0,,0.00,0.00
خدمة الباركود,,0,,0.00,0.00
خدمة الباركود عند التسجيل ف استمارة قوقل,,0,,0.00,0.00
خرائط ماجد عسيري انطاليا باركود,,0,,0.00,0.00
خصائص برنامج قارئ الباركود,,0,,0.00,0.00
خط الباركود مع الصورة,,0,,0.00,0.00
خط باركود 128 للاكسل,,0,,0.00,0.00
خط باركود عربي,,0,,0.00,0.00
خط باركود للاكسيل,,0,,0.00,0.00
خطوات تشغيل باركود gk420t,,0,,0.00,0.00
خطوات عمل تحضير الطلاب عن طريق الباركود,,0,,0.00,0.00
خطوط الباركود والبرامج المساعدة,,0,,0.00,0.00
خطوط الباركود.rar,,0,,0.00,0.00
خطوط باركود 39,,0,,0.00,0.00
خطوط باركود كوري,,0,,0.00,0.00
خطوط باركود للاكسيل,,0,,0.00,0.00
خطوط ورمز الباركود,,0,,0.00,0.00
خطوط ورموز الباركود,,0,,0.00,0.00
خلفيات الباركود,,0,,0.00,0.00
خلفيات بور بوينت باركود,,0,,0.00,0.00
خلفيات للباركود,,0,,0.00,0.00
خلفيات للباركود للتصميم,,0,,0.00,0.00
خوارزم باركود,,0,,0.00,0.00
خوارزم باركود barcode,,0,,0.00,0.00
داتافلو باركود,,0,,0.00,0.00
دالة اكسل باركود,,0,,0.00,0.00
دجاج اليوم باركود,,0,,0.00,0.00
دراسات سابقه للباركود,,0,,0.00,0.00
درس باستخدام الباركود,,0,,0.00,0.00
درس صلاة الجماعة للصف الاول متوسط الباركود,,0,,0.00,0.00
دروس رابع ابتدائي مع الباركود,,0,,0.00,0.00
دعوه بالباركود,,0,,0.00,0.00
دليل المستخدم لجهاز الباركود honeywell,,0,,0.00,0.00
دليل المستخدم لجهاز الباركود metrologic,,0,,0.00,0.00
دمج رابط موقع باركود,,0,,0.00,0.00
دورة الباركود ppt,,0,,0.00,0.00
دورة الباركود في التعليم,,0,,0.00,0.00
دورة تدريبية استخدام الباركود في التعليم,,0,,0.00,0.00
دورة تدريبية على استخدام الباركود في التعليم الدراسي,,0,,0.00,0.00
دورة تقنية الباركود بالتعليم,,0,,0.00,0.00
دورة غنشاء الباركود,,0,,0.00,0.00
دورة معتمدة باركود,,0,,0.00,0.00
دورة معتمدة بباركود,,0,,0.00,0.00
رابط الانستقرام في باركود,,0,,0.00,0.00
رابط باركود المهارات الاساسية لجميع المواد الدراسية,,0,,0.00,0.00
رابط تحميل الباركود,,0,,0.00,0.00
رابط تحميل قارئ الباركود للكمبيوتر,,0,,0.00,0.00
رابط تحويل السؤال الى باركود,,0,,0.00,0.00
رابط تحويل باركود,,0,,0.00,0.00
رابط وباركود استمارة التحكيم,,0,,0.00,0.00
رابط وباركود المهارات الاساسية لجميع المواد الدراسية,,0,,0.00,0.00
ربط الباركود بالاكسيل,,0,,0.00,0.00
ربط الباركود بالكمبيوتر,,0,,0.00,0.00
ربط الباركود بالنت,,0,,0.00,0.00
ربط الباركود مع ال بيدي اف,,0,,0.00,0.00
ربط القوقل فورم مع باركود,,0,,0.00,0.00
ربط جهاز باركود بالكمبيوتر,,0,,0.00,0.00
ربط رقم الباركود بالاكسيل,,0,,0.00,0.00
ربط قارئ الباركود فودكس,,0,,0.00,0.00
رز ابو كاس باركود,,0,,0.00,0.00
رفع الصور مع التعديل بالباركود,,0,,0.00,0.00
رفع الفيديو باركود,,0,,0.00,0.00
رفع الملفات مع باركود,,0,,0.00,0.00
رفع صفحة من الورود بالباركود,,0,,0.00,0.00
رفع صور عن طريق الباركود,,0,,0.00,0.00
رفع صور وانشاء باركود,,0,,0.00,0.00
رفع صورة باركود,,0,,0.00,0.00
رفع صورة على صورة باركود,,0,,0.00,0.00
رفع مجموعة صور بباركود واحد,,0,,0.00,0.00
رفع ملف pdf على شكل باركود,,0,,0.00,0.00
رفع ملف pdf مع باركود,,0,,0.00,0.00
رفع ملف حيب الى الباركود,,0,,0.00,0.00
رفع ملفات pdfعلى الباركود,,0,,0.00,0.00
رفع ملفات غلى باركود,,0,,0.00,0.00
رفع ملفات وإنشاء باركود,,0,,0.00,0.00
رفع ورقة عمل ورد الى الباركود,,0,,0.00,0.00
رفع ورقة عمل وورد الى الباركود,,0,,0.00,0.00
رقم الباركود اسوس,,0,,0.00,0.00
رقم الباركود اسوس 9 ارقام,,0,,0.00,0.00
رقم الباركود الخاص بالهيئة السعودية للتخصصات الصحية,,0,,0.00,0.00
رقم الباركود الواح الالمنيوم المركبة للتكسيات الخارجية والتشطيبات الداخلية,,0,,0.00,0.00
رقم الباركود ثلاجة المكينه فورد 1999,,0,,0.00,0.00
رقم الباركود حق جبل علي,,0,,0.00,0.00
رقم الباركود في مسابقة اسواق الراية السعوظية,,0,,0.00,0.00
رقم الباركود لتتبع الفيزا الكندية,,0,,0.00,0.00
رقم الباركود للدول,,0,,0.00,0.00
رقم الباركود للكلادينج,,0,,0.00,0.00
رقم الباركود للكلادينق,,0,,0.00,0.00
رقم التسلسلي الباركود,,0,,0.00,0.00
رقم التسلسلي الباركود للسعر,,0,,0.00,0.00
رقم المستند شريط الباركود في انجاز,,0,,0.00,0.00
رقم باركود 761,,0,,0.00,0.00
رقم باركود 76149801,,0,,0.00,0.00
رقم باركود عمان,,0,,0.00,0.00
رقم بطاقة ستور امريكي بالباركود,,0,,0.00,0.00
رقم حبر طابعة الباركود موديل datacard cd800,,0,,0.00,0.00
رمز الباركود في الواتس ويب,,0,,0.00,0.00
رمز الباركود في الواتس ويب لا يظهر,,0,,0.00,0.00
رمز الباركود لجوال هواوي,,0,,0.00,0.00
رمز الباركود للجوال هواوي,,0,,0.00,0.00
رمز الباركود للمنتجات,,0,,0.00,0.00
رمز السعوديه في الباركود,,0,,0.00,0.00
رمز باركود تواصل,,0,,0.00,0.00
رمز باركود تواصل للدعايه والاعلان,,0,,0.00,0.00
رمز باركود تواصل للدعايه ولاعلا,,0,,0.00,0.00
رمز باركود يوتيوب,,0,,0.00,0.00
رمز صور الباركود,,0,,0.00,0.00
رنامج تسجيل حضور الطلاب بالباركود,,0,,0.00,0.00
روابط الباركود,,0,,0.00,0.00
روابط الباركود بين الجوالات,,0,,0.00,0.00
روابط باركود,,0,,0.00,0.00
روابط قران باركود,,0,,0.00,0.00
رول باركود الدمام,,0,,0.00,0.00
رول ماكينة باركود احجام,,0,,0.00,0.00
رولات باركود,,0,,0.00,0.00
رياضيات سادس ف 2 شرح قارئ الباركود,,0,,0.00,0.00
رياضيات سادس ف2 شرح قارئ الباركود,,0,,0.00,0.00
زاجل باركود,,0,,0.00,0.00
زيبراقارئ الباركود,,0,,0.00,0.00
سابر واختلاف الباركود,,0,,0.00,0.00
سابر واخلاتف الباركود,,0,,0.00,0.00
ستكرات باركود الدمام,,0,,0.00,0.00
سعر باركود,,0,,0.00,0.00
سعر باركود استيكر بالرياض,,0,,0.00,0.00
سعر باركود حراري مقاس 2 سم في 4 سم,,0,,0.00,0.00
سعر برنامج الباركود,,0,,0.00,0.00
سعر برنامج الباركود للمطاعم,,0,,0.00,0.00
سعر جهاز الباركود للمحلات حراج,,0,,0.00,0.00
سعر جهاز باركود مع الطابعة,,0,,0.00,0.00
سعر جهاز سحب الباركود للمحلات,,0,,0.00,0.00
سعر حبر طابعة باركود,,0,,0.00,0.00
سعر طباعة باركود,,0,,0.00,0.00
سعر طباعة باركود سوق كوم,,0,,0.00,0.00
سعر قارئ الباركود في السعودية,,0,,0.00,0.00
سعر ليبل باركود مقاس 2 سم 4 سم,,0,,0.00,0.00
سعر ملصق الباركود للخضار,,0,,0.00,0.00
سكان باركود واي فاي,,0,,0.00,0.00
سكانر باركود رخيص,,0,,0.00,0.00
سكانر باركود هانيويل qr,,0,,0.00,0.00
سكربت باركود,,0,,0.00,0.00
سكنر الباركود,,0,,0.00,0.00
سوا شحن باركود,,0,,0.00,0.00
سوفت وير للباركود,,0,,0.00,0.00
سيتم الإلزام بإدخال الباركود بتاريخ,,0,,0.00,0.00
سيتم الإلزام بإدخال الباركود بتاريخ 01 01 2020,,0,,0.00,0.00
سيرة ذاتية بالباركود,,0,,0.00,0.00
شحن البطاقه بالباركود,,0,,0.00,0.00
شحن الرصيد بالباركود,,0,,0.00,0.00
شحن موبايلي بالباركود,,0,,0.00,0.00
شراء ارقام باركود,,0,,0.00,0.00
شراء الباركود في السعودية,,0,,0.00,0.00
شراء باركود ستيكر بالرياض,,0,,0.00,0.00
شراء باركود للمستشفيات بالسعودية,,0,,0.00,0.00
شراء باركود لمستودعات المستشفي بالسعودية,,0,,0.00,0.00
شراء باركود مستودعات المستشفي بالسعودية,,0,,0.00,0.00
شراء برنامج باركود سورس كود,,0,,0.00,0.00
شراء جهاز باركود,,0,,0.00,0.00
شراء جهاز باركود للجرد,,0,,0.00,0.00
شراء جهاز باركود للمخازن,,0,,0.00,0.00
شراء قارئ باركود,,0,,0.00,0.00
شرايح الافون الباركود,,0,,0.00,0.00
شرح ارقام الباركود للسعودية,,0,,0.00,0.00
شرح الباركود pdf,,0,,0.00,0.00
شرح الباركود سي شارب,,0,,0.00,0.00
شرح الباركود سي شارب pdf,,0,,0.00,0.00
شرح الباركود في التعليم,,0,,0.00,0.00
شرح الباركود في نظام راسل التعليم,,0,,0.00,0.00
شرح الباركود للمنتجات,,0,,0.00,0.00
شرح الدروس بالباركود,,0,,0.00,0.00
شرح الدروس بالباركود الانفليزي سادس الفصل الاول الوحده الثالث,,0,,0.00,0.00
شرح باركود,,0,,0.00,0.00
شرح باركود منتجات,,0,,0.00,0.00
شرح برنامج الباركود,,0,,0.00,0.00
شرح برنامج الباركود معلومات البزنس كارد,,0,,0.00,0.00
شرح برنامج قارئ الباركود,,0,,0.00,0.00
شرح برنامج قارئ الباركود qr reader,,0,,0.00,0.00
شرح بسيط عن الباركود الشريطي,,0,,0.00,0.00
شرح بنامج الباركود ريدر,,0,,0.00,0.00
شرح درس الظهار فقه 6 الباركود,,0,,0.00,0.00
شرح درس الظهار فقه 6 الباركود pdf,,0,,0.00,0.00
شرح طابعه الباركود,,0,,0.00,0.00
شرح طباعة باركود الاصناف الاونكس,,0,,0.00,0.00
شرح طريقة عمل الباركود,,0,,0.00,0.00
شرح عمل الباركود,,0,,0.00,0.00
شرح عمل باركود,,0,,0.00,0.00
شرح عمل باركود لمنتج بالفوتوشوب,,0,,0.00,0.00
شرح عمل باركود لموقعك,,0,,0.00,0.00
شرح عمل موقع باركود,,0,,0.00,0.00
شرح قارئ الباركود,,0,,0.00,0.00
شرح كامل لطابعة الباركود,,0,,0.00,0.00
شرح كفر الجوال باركود,,0,,0.00,0.00
شرح كيفية عمل باركود,,0,,0.00,0.00
شرح مسابقة الباركود,,0,,0.00,0.00
شرطة ضد لاعب باركود,,0,,0.00,0.00
شركات الباركود في السعودية القصيم,,0,,0.00,0.00
شركات الباركود في القصيم,,0,,0.00,0.00
شركات البوابات الالكترونية بنظام الباركود,,0,,0.00,0.00
شركات البوابات الذكية بنظام الباركود,,0,,0.00,0.00
شركات البوابات الذكية بنظام قارئ الباركود,,0,,0.00,0.00
شركات البوابات الذكية بنظام قارئ الباركود 2d,,0,,0.00,0.00
شركات بيع الباركود في السعودية,,0,,0.00,0.00
شركات بيع الباركود للمستشفيات في السعودية,,0,,0.00,0.00
شركات تعمل في الباركود,,0,,0.00,0.00
شركات تعمل في بيع الباركود في السعودية,,0,,0.00,0.00
شركات لعمل الباركود,,0,,0.00,0.00
شركة العلالي باركود,,0,,0.00,0.00
شركة المصباح للباركود,,0,,0.00,0.00
شركة باركود وشريكه للتقييم العقاري,,0,,0.00,0.00
شركة بالعيليا الباركود,,0,,0.00,0.00
شركة تصنيع باركود,,0,,0.00,0.00
شركة عالمية لتصنيع باركود,,0,,0.00,0.00
شركة قارئ باركود السعودية,,0,,0.00,0.00
شروط الباركود,,0,,0.00,0.00
شعار الباركود الباركود المسح الضوئي كيو,,0,,0.00,0.00
شفرة باركود,,0,,0.00,0.33
شكل باركود للبيع,,0,,0.00,0.00
شماغ باركود,,0,,0.00,0.00
صانع الباركود qr code,,0,,0.00,0.00
صانع الباركود اندرويد,,0,,0.00,0.00
صانع الباركود عربي,,0,,0.00,0.32
صانع الباركود لرابط,,0,,0.00,0.00
صانع الباركود للاندرويد,,0,,0.00,0.00
صانع الباركود للكمبيوتر,,0,,0.00,0.00
صانع الباركود لملف بي دي اف,,0,,0.00,0.00
صانع باركود اونلاين,,0,,0.00,0.00
صفحة لقراءة الباركود,,0,,0.00,0.00
صمم باركود,,0,,0.00,0.00
صمم باركودك الخاص,,0,,0.00,0.00
صناعة الباركود للملفات,,0,,0.00,0.00
صناعة الباركود لملفا pdf,,0,,0.00,0.00
صناعة باركود برنامج المنار المحاسبي,,0,,0.00,0.00
صناعة باركود سوبر ماركت,,0,,0.00,0.00
صناعة باركود شخصي,,0,,0.00,0.00
صناعة باركود لبرنامج الامين,,0,,0.00,0.00
صناعة باركود لبرنامج المنار المحاسبي,,0,,0.00,0.00
صناعة باركود للرابط,,0,,0.00,0.00
صناعة باركود مونكي,,0,,0.00,0.00
صناعة جهاز باركود عبر شريحة بيانات,,0,,0.00,0.00
صنع الباركود مع صورة,,0,,0.00,0.00
صنع الباركود وفي منتصفه صورة,,0,,0.00,0.00
صنع باركود بالشكل الذي تريد,,0,,0.00,0.00
صنع باركود بالصور اولفيديو,,0,,0.00,0.00
صنع باركود بسهولة,,0,,0.00,0.00
صنع باركود تعريفي على السيراميك,,0,,0.00,0.00
صنع باركود تعريفي على قطع السراميك,,0,,0.00,0.00
صنع باركود تعريفي على قطع السيراميك,,0,,0.00,0.00
صنع باركود خاص بالانستقرام,,0,,0.00,0.00
صنع باركود خاص للانستقرام,,0,,0.00,0.00
صنع باركود سوبر ماركت,,0,,0.00,0.00
صنع باركود كيو ار,,0,,0.00,0.00
صنع باركود لروابط,,0,,0.00,0.00
صنع باركود لملف من الجهاز,,0,,0.00,0.00
صنع باركود لموقع,,0,,0.00,0.00
صنع باركود لموقعك,,0,,0.00,0.00
صنع باركود مميز,,0,,0.00,0.00
صنع باركود يحتوي على فديو وصور,,0,,0.00,0.00
صنع في بريطانيا باركود,,0,,0.00,0.00
صنع قارئ الباركود,,0,,0.00,0.00
صنع قارى الباركود,,0,,0.00,0.00
صور اجهزة الباركود,,0,,0.00,0.00
صور ايقونات باركود,,0,,0.00,0.00
صور باركود القدرات,,0,,0.00,0.00
صور باركود المواد الغذائية,,0,,0.00,0.00
صور باركود انستقرام,,0,,0.00,0.00
صور باركود انستقرم,,0,,0.00,0.00
صور باركود لطلاب الابتدائي,,0,,0.00,0.00
صور باركود للراوتر,,0,,0.00,0.00
صور باركود للطلاب,,0,,0.00,0.00
صور باركود للنجاح,,0,,0.00,0.00
صور باركود مكتوب داخلها,,0,,0.00,0.00
صور برنامج الباركود,,0,,0.00,0.00
صور برنامج الباركود في الايفون,,0,,0.00,0.00
صور لدرس المسلمات والبراهين الحره مع الباركود,,0,,0.00,0.00
صور لعرض اعلانات جميله باركود,,0,,0.00,0.00
صور للباركود,,0,,0.00,0.51
صورة الباركود ملون,,0,,0.00,0.00
صورة باركود سورة الفاتحة,,0,,0.00,0.00
صورة باركود قوقل فورم,,0,,0.00,0.00
صورة على شكل باركود,,0,,0.00,0.00
صورة كاميرا جوال على الباركود,,0,,0.00,0.00
صورة كاميرا جوال على الباركود كرتون,,0,,0.00,0.00
صورة للعنوان الباركود,,0,,0.00,0.00
صورة موبايل بيصور باركود,,0,,0.00,0.00
صوررزراعة اللؤلؤة كتابة من الباركود,,0,,0.00,0.00
صوررزراعة اللؤلؤة من الباركود,,0,,0.00,0.00
صيدلية الدواء باركود,,0,,0.00,0.00
صيدلية الدواء باركود الخصم,,0,,0.00,0.00
صينية سمك باركودا,,0,,0.00,0.00
ضبط اعدادات طابعة الباركود من نوع زيبرا,,0,,0.00,0.00
ضبط اعدادات طابعه باركود زيبرا,,0,,0.00,0.00
ضبط المصنع طابعة باركود زيبرا gc420t,,0,,0.00,0.00
ضبط المصنع لطابعة باركود زيبرا gc420t,,0,,0.00,0.00
ضبط باركود الميزان على برنامج الكمبيوتر,,0,,0.00,0.00
ضبط خط الباركود التعليم,,0,,0.00,0.00
ضبط خط الباركود في وزارة التعليم,,0,,0.00,0.00
ضبط مقاسات باركود طابعة زيبرا420,,0,,0.00,0.00
ضبط مقاسات ورق الطباعة باركود,,0,,0.00,0.00
ضبط مقاسات ورق الطباعة باركود sewoo,,0,,0.00,0.00
طاباعات الباركود,,0,,0.00,0.00
طابعات لاصقات الباركود,,0,,0.00,0.00
طابعة استيكر باركود,,0,,0.00,0.00
طابعة الباركود godex 120,,0,,0.00,0.00
طابعة باركود بدون ريبون,,0,,0.00,0.00
طابعة باركود جده,,0,,0.00,0.00
طابعة باركود حراريه,,0,,0.00,0.00
طابعة باركود زيبرا gk420,,0,,0.00,0.00
طابعة باركود شبكة,,0,,0.00,0.00
طابعة باركود شراء,,0,,0.00,0.00
طابعة باركود للبيع,,0,,0.00,0.00
طابعة باركود مستعملة,,0,,0.00,0.00
طابعة باركود وبوليصيات حراج,,0,,0.00,0.00
طابعة باركود وملصقات حراج,,0,,0.00,0.00
طابعة حرارية باركود حراج,,0,,0.00,0.00
طابعة ملصقات باركود حرارية,,0,,0.00,0.00
طابعة و سكانر باركود,,0,,0.00,0.00
طابعة وسكانر باركود,,0,,0.00,0.00
طابعة وقارئ باركود,,0,,0.00,0.00
طابعت الباركود هوني ويل حرارية,,0,,0.00,0.00
طابعت الباركود هوني ويلpd42 حرارية,,0,,0.00,0.00
طابعه باركود زيبرا,,0,,0.44,1.00
طابعه باركود سيو,,0,,0.00,0.00
طابعه باركود سيوو,,0,,0.00,0.00
طباعة الباركود zebra vb.net,,0,,0.00,0.00
طباعة الباركود الطيران,,0,,0.00,0.00
طباعة الباركود بالاكسل,,0,,0.00,0.00
طباعة الباركود على بطاقات,,0,,0.00,0.00
طباعة الباركود عن طريق الرقم,,0,,0.00,0.00
طباعة الباركود لكل قطعة ملابس,,0,,0.00,0.00
طباعة الباركود للمحلات الصغيرة,,0,,0.00,0.00
طباعة الباركود من برنامج الخازن,,0,,0.00,0.00
طباعة الباركود ويكيبيديا,,0,,0.00,0.00
طباعة اوراق من الباركود,,0,,0.00,0.00
طباعة باركود ime,,0,,0.00,0.00
طباعة باركود zebra,,0,,0.00,0.00
طباعة باركود ارقام imei,,0,,0.00,0.00
طباعة باركود الاصناف,,0,,0.00,0.00
طباعة باركود الاصناف الاونكس,,0,,0.00,0.00
طباعة باركود على الوورد,,0,,0.00,0.00
طباعة باركود غير مكرر,,0,,0.00,0.00
طباعة باركود لاصقة,,0,,0.00,0.00
طباعة بطاقة الباركود,,0,,0.00,0.00
طباعة صورة على الباركود,,0,,0.00,0.00
طباعة نسخ باركود بطريقة منسدلة مرة واحدة,,0,,0.00,0.00
طباعة ورقه فاصله بالباركود,,0,,0.00,0.00
طباعة ورقه فاصله بالباركود gk420t,,0,,0.00,0.00
طرق التحضير بالباركود,,0,,0.00,0.00
طرقة تعريف طابعة باركود,,0,,0.00,0.00
طرقة تعريف طابعة باركود موديل af 1503 ti,,0,,0.00,0.00
طرقة عمل الباركود,,0,,0.00,0.00
طرية وضع الباركود على كرت الزنس,,0,,0.00,0.00
طريةه رفع باركود الى الانترنت,,0,,0.00,0.00
طريثة ادراج مقطع فيديو في الباركود,,0,,0.00,0.00
طريق الحجز بالباركود,,0,,0.00,0.00
طريق صنع الباركود,,0,,0.00,0.00
طريقة إضافة الباركود في السي شاري,,0,,0.00,0.00
طريقة اخذ الباركود من تويتر,,0,,0.00,0.00
طريقة ارسال باركود اللوكيشن,,0,,0.00,0.00
طريقة ارسال باركود الموقع,,0,,0.00,0.00
طريقة ارسال باركود لوكيشن,,0,,0.00,0.00
طريقة ارفاق باركود درس لمسابقة جدارات التعلم الرقمي,,0,,0.00,0.00
طريقة استخدام الباركود بالتعاملات في الصين,,0,,0.00,0.00
طريقة استخدام الباركود في الصين,,0,,0.00,0.00
طريقة استخدام الباركود في الكتب الدراسية,,0,,0.00,0.00
طريقة استخدام الباركود وطباعتة,,0,,0.00,0.00
طريقة استخدام اللوكيشن فى الباركود,,0,,0.00,0.00
طريقة استخدام قارئ الباركود للكتب المدرسية في عرض بوربوينت,,0,,0.00,0.00
طريقة استخدم باركود بوكنق,,0,,0.00,0.00
طريقة استخراج الباركود من تذكرة القطار,,0,,0.00,0.00
طريقة اضافة الباركود في البزنس كارد,,0,,0.00,0.00
طريقة اضافة باركود للصورة,,0,,0.00,0.00
طريقة اضافة باركود للموقع,,0,,0.00,0.00
طريقة اضافة موقع على برنامج الباركود,,0,,0.00,0.00
طريقة اعداد طابعة الباركود,,0,,0.00,0.00
طريقة اعدادات باركود,,0,,0.00,0.00
طريقة التعرف على الباركود باستخدام قارئ الباركود,,0,,0.00,0.00
طريقة الدخول على الرابط باستخدام الباركود,,0,,0.00,0.00
طريقة السداد عبر الباركود,,0,,0.00,0.00
طريقة الشحن عبر الباركود,,0,,0.00,0.00
طريقة الغاء برواز استيكر الباركود,,0,,0.00,0.00
طريقة الغاء برواز ستيكر الباركود,,0,,0.00,0.00
طريقة انشاء الباركودات,,0,,0.00,0.00
طريقة انشاء باركود لعرض بدي اف,,0,,0.00,0.00
طريقة انشاء باركود وربطة فديو,,0,,0.00,0.00
طريقة انشاء باركود وربطة فيديو,,0,,0.00,0.00
طريقة باركود الدرس,,0,,0.00,0.00
طريقة برمجة الباركود,,0,,0.00,0.00
طريقة برمجة قارئ الباركود,,0,,0.00,0.00
طريقة برمجة قارئ الباركود الجديد,,0,,0.00,0.00
طريقة برمجة ميزان الباركود,,0,,0.00,0.00
طريقة برمجة ميزان الكتروني بطابعة باركود gs-tm30a,,0,,0.00,0.00
طريقة تأكيد الحضور من خلال الباركود,,0,,0.00,0.00
طريقة تثبيت برنامج طباعة الباركود gk420t,,0,,0.00,0.00
طريقة تحميل صور على الباركود,,0,,0.00,0.00
طريقة تحميل فلاتر السناب بالباركود,,0,,0.00,0.00
طريقة تحميل قارئ الباركود,,0,,0.00,0.00
طريقة تحميل قاري الباركود,,0,,0.00,0.00
طريقة تحويل الرابط للباركود,,0,,0.00,0.00
طريقة تحويل الروابط الى باركود,,0,,0.00,0.00
طريقة تحويل النص الى باركود,,0,,0.00,0.00
طريقة تحويل النصوص الى باركود,,0,,0.00,0.00
طريقة تحويل برنامج الى باركود,,0,,0.00,0.00
طريقة تحويل فيديو من الجهاز الى باركود,,0,,0.00,0.00
طريقة تحويل ملف فيديو إلى باركود,,0,,0.00,0.00
طريقة ترقيم الباركود,,0,,0.00,0.00
طريقة تركيب الباركود gc420t,,0,,0.00,0.00
طريقة تسجيل فورت نايت الباركود بالجوال,,0,,0.00,0.00
طريقة تشغيل جهاز الباركود,,0,,0.00,0.00
طريقة تصنيف الارقام بالباركود,,0,,0.00,0.00
طريقة تعبئة استبانة بواسطة الباركود,,0,,0.00,0.00
طريقة تعريف الباركود,,0,,0.00,0.00
طريقة تعريف طابعة باركود,,0,,0.00,0.00
طريقة تعريف طابعة باركود موديل af 1503 ti,,0,,0.00,0.00
طريقة تعريف قارئ الباركود,,0,,0.00,0.00
طريقة تعليم الباركود خطوه خطوه,,0,,0.00,0.00
طريقة تفعيل الباركود في التعليم,,0,,0.00,0.00
طريقة تفعيل الفلتر بالباركود,,0,,0.00,0.00
طريقة تفعيل خرائط جوجل عن طريق الباركود,,0,,0.00,0.00
طريقة تفعيل قارئ الباركود,,0,,0.00,0.00
طريقة رفع الباركود,,0,,0.00,0.00
طريقة رفع الصور بالباركود,,0,,0.00,0.00
طريقة رفع باركود الى النت,,0,,0.00,0.00
طريقة شحن بالباركود,,0,,0.00,0.00
طريقة صناعة الباركود,,0,,0.00,0.00
طريقة صنع جهاز لقراءة الباركود,,0,,0.00,0.00
طريقة طباعة باركود الموقع,,0,,0.00,0.00
طريقة طباعة باركود وفرمته من الكسل الي الملصقات,,0,,0.00,0.00
طريقة طباعة ملصقات الباركود,,0,,0.00,0.00
طريقة طباعة وإدخال الباركود,,0,,0.00,0.00
طريقة عما باركود,,0,,0.00,0.00
طريقة عمل ارقام الباركود,,0,,0.00,0.00
طريقة عمل الباركود في الابتوب,,0,,0.00,0.00
طريقة عمل الباركود في الايميل,,0,,0.00,0.00
طريقة عمل الباركود في قوقل درايفر,,0,,0.00,0.00
طريقة عمل الباركود للدروس,,0,,0.00,0.00
طريقة عمل الباركود لموقع بالخريطه,,0,,0.00,0.00
طريقة عمل الباركود واضافه ملف وورد,,0,,0.00,0.00
طريقة عمل العنوان في باركود,,0,,0.00,0.00
طريقة عمل باركود المنتجات الجديدة,,0,,0.00,0.00
طريقة عمل باركود بالصور,,0,,0.00,0.00
طريقة عمل باركود ببرنامج qrreader,,0,,0.00,0.00
طريقة عمل باركود ببيانات عميل,,0,,0.00,0.00
طريقة عمل باركود بزنس كارد,,0,,0.00,0.00
طريقة عمل باركود خاص بك,,0,,0.00,0.00
طريقة عمل باركود خاص بي على فوتوشوب,,0,,0.00,0.00
طريقة عمل باركود خاص فيك,,0,,0.00,0.00
طريقة عمل باركود على الواجبات,,0,,0.00,0.00
طريقة عمل باركود على نص,,0,,0.00,0.00
طريقة عمل باركود في برنامج زيبرا,,0,,0.00,0.00
طريقة عمل باركود كتاب,,0,,0.00,0.00
طريقة عمل باركود لاستبيان أو صورة,,0,,0.00,0.00
طريقة عمل باركود لاغنيه,,0,,0.00,0.00
طريقة عمل باركود لبطاثة عمل,,0,,0.00,0.00
طريقة عمل باركود لصفحة,,0,,0.00,0.00
طريقة عمل باركود لفتح رابط,,0,,0.00,0.00
طريقة عمل باركود لكل سلعة,,0,,0.00,0.00
طريقة عمل باركود للبيع,,0,,0.00,0.00
طريقة عمل باركود لملف بوربوينت,,0,,0.00,0.00
طريقة عمل باركود لملف ورد,,0,,0.00,0.00
طريقة عمل باركود لموقع جوجل,,0,,0.00,0.00
طريقة عمل باركود لموقع على الخريطة,,0,,0.00,0.00
طريقة عمل باركود من قوقل درايف,,0,,0.00,0.00
طريقة عمل باركود نون,,0,,0.00,0.00
طريقة عمل باركود واتس اب,,0,,0.00,0.00
طريقة عمل برنامج قارئ الباركود جافا,,0,,0.00,0.00
طريقة عمل بزنس كاد بالباركود,,0,,0.00,0.00
طريقة عمل جهاز الباركود,,0,,0.00,0.00
طريقة عمل جهاز الباركود وعمل الباركود,,0,,0.00,0.00
طريقة عمل جهاز قارئ الباركود بدون انتر,,0,,0.00,0.00
طريقة عمل جهاز لقراءة الباركود,,0,,0.00,0.00
طريقة عمل جهاز يقراءة الباركود,,0,,0.00,0.00
طريقة عمل رمز باركود,,0,,0.00,0.00
طريقة عمل روابط الباركود,,0,,0.00,0.00
طريقة عمل شفرة باركود,,0,,0.00,0.00
طريقة عمل طابعة الباركود zebra,,0,,0.00,0.00
طريقة عمل مشروع عن طريق الباركود,,0,,0.00,0.00
طريقة فتح الباركود بطاقة ميدغلف عن طريق الجوال,,0,,0.00,0.00
طريقة فتح الباركود عن طريق الكمبيوتر,,0,,0.00,0.00
طريقة فتح الباركود في التعليم,,0,,0.00,0.00
طريقة فتح باركود الواتس,,0,,0.00,0.00
طريقة فتح باركود غير مطبوع على ورقة,,0,,0.00,0.00
طريقة فتح رابط بواسطة الباركود,,0,,0.00,0.00
طريقة قارئة باركود في الواتس اب,,0,,0.00,0.00
طريقة قرئة الباركود,,0,,0.00,0.00
طريقة قراء الباركود,,0,,0.00,0.00
طريقة قراءة الباركود اون لاين,,0,,0.00,0.00
طريقة قراءة الباركود في الاندرويد بدون تطبيق,,0,,0.00,0.00
طريقة قراءة الباركود من الاستديو,,0,,0.00,0.00
طريقة قراءة الباركود من الصور في الايفون,,0,,0.00,0.00
طريقة قراءة الباركود من الموبايل,,0,,0.00,0.00
طريقة لإصدار باركود الطلاب و المعلمين في نظام نور,,0,,0.00,0.00
طريقة مسابقة الباركود,,0,,0.00,0.00
طريقة مسح الباركود بالاندورويد,,0,,0.00,0.00
طريقة مسح الباركود حق الكتب المدرسيه,,0,,0.00,0.00
طريقة مسح الباركود في الاجتماعات,,0,,0.00,0.00
طريقة مسح الباركود في الاندرويد google,,0,,0.00,0.00
طريقة مسح الباركود في هواواي,,0,,0.00,0.00
طريقة مسح الباركود في هواواي بدون برنامج,,0,,0.00,0.00
طريقة مسح الباركود من اي منتج,,0,,0.00,0.00
طريقة معرفة رمز محفظة بتكوين بدون الباركود على بلوكشين,,0,,0.00,0.00
طريقة وضع الباركود على الكارت السهصى,,0,,0.00,0.00
طريقة وضع الباركود على الكارت الشخصى,,0,,0.00,0.00
طريقة وضع الباركود في الباور بوينت,,0,,0.00,0.00
طريقة وضع باركود للخريطه,,0,,0.00,0.00
طريقة وضع رابط في باركود,,0,,0.00,0.00
طريقه اختبار الباركود في ويندوز 10,,0,,0.00,0.00
طريقه اختبار الباركود في ويندوز 10 gk420t,,0,,0.00,0.00
طريقه استراتيجيه الباركود,,0,,0.00,0.00
طريقه الحصول على الباركود للاعتكاف بالمسجد النبوي,,0,,0.00,0.00
طريقه الطباعه بالباركود,,0,,0.00,0.00
طريقه باركود اغنيه,,0,,0.00,0.00
طريقه تحميل باركود كتاب امل الجيهمي,,0,,0.00,0.00
طريقه عمل الباركود من الابتوب,,0,,0.00,0.00
طريقه عمل باركود للموقع,,0,,0.00,0.00
طريقه عمل باركود لملف pdf,,0,,0.00,0.00
طريقه غمل الباركود,,0,,0.00,0.00
طريقه فتح ملفات بوربونت بالباركود,,0,,0.00,0.00
طريقه مسح الباركود في كتاب الطالب,,0,,0.00,0.00
طزيقة برمجة ميزان الباركود,,0,,0.00,0.00
ططريقة ارسال باركود الموقع,,0,,0.00,0.00
ظهور الباركود كارقام بالصفحة,,0,,0.00,0.00
عامل باركود,,0,,0.00,0.00
عدسات ذهب الباركود,,0,,0.00,0.00
عدم تكرار الباركود بالداتا قريد فيو vb.net,,0,,0.00,0.00
عدم ظهور باركود على بطاقة توفير لبنده,,0,,0.00,0.00
عرض بوربوينت عن الباركود,,0,,0.00,0.00
عرض بوربوينت عن الباركود qr cod,,0,,0.00,0.00
عرض بوربوينت عن الباركود الباركود qr cod,,0,,0.00,0.00
عرض شاشة الجوال على الكمبيوتر قارئ الباركود,,0,,0.00,0.00
عزيزي الطالب قم بمسح الباركود للانتقال لدرس التجويد,,0,,0.00,0.00
عكل باركود ورد,,0,,0.00,0.00
علامات باركود,,0,,0.00,0.00
علامة الباركود المنقط,,0,,0.00,0.00
علم السعودية باركود,,0,,0.00,0.00
عمل الباركود لاداة الدراسة,,0,,0.00,0.00
عمل الباركود لبيع الملابس يو تيوب,,0,,0.00,0.00
عمل الباركود يو تيوب,,0,,0.00,0.00
عمل باركود glgt v,,0,,0.00,0.00
عمل باركود jfu hgyvti hgj hvdm,,0,,0.00,0.00
عمل باركود txt,,0,,0.00,0.00
عمل باركود اصناف نقاط البيع,,0,,0.00,0.00
عمل باركود الإحداثيات,,0,,0.00,0.00
عمل باركود اون لاين برابط مباشر,,0,,0.00,0.00
عمل باركود اونلاين,,0,,0.00,0.00
عمل باركود باستخدام اكسيل,,0,,0.00,0.00
عمل باركود بالفيجول بيسك 2010,,0,,0.00,0.00
عمل باركود خاص لبيع الملابس الجاهزه,,0,,0.00,0.00
عمل باركود دائم خاص,,0,,0.00,0.00
عمل باركود دائم خاص لاكثر من رابط,,0,,0.00,0.00
عمل باركود سوبر ماركت,,0,,0.00,0.00
عمل باركود شخصي بالإيميل,,0,,0.00,0.00
عمل باركود شريطي,,0,,0.00,0.00
عمل باركود على الإكسل,,0,,0.00,0.00
عمل باركود على ملف,,0,,0.00,0.00
عمل باركود كامل,,0,,0.00,0.00
عمل باركود كتاب,,0,,0.00,0.00
عمل باركود لا اعلان,,0,,0.00,0.00
عمل باركود لاستقبال اوراق عليه,,0,,0.00,0.00
عمل باركود لبرنامج,,0,,0.00,0.00
عمل باركود لحسابي في تويتر,,0,,0.00,0.00
عمل باركود لحسابي في واتساب,,0,,0.00,0.00
عمل باركود لدرس,,0,,0.00,0.00
عمل باركود لدرس تعليمية,,0,,0.00,0.00
عمل باركود لدروس تعليمية,,0,,0.00,0.00
عمل باركود لرابط تيليجرام,,0,,0.00,0.00
عمل باركود لسوبر ماركت,,0,,0.00,0.00
عمل باركود لصفحة الفيس بوك,,0,,0.00,0.00
عمل باركود لكرت شخصي,,0,,0.00,0.00
عمل باركود للاتصال,,0,,0.00,0.00
عمل باركود للتسجيل,,0,,0.00,0.00
عمل باركود للتويتر,,0,,0.00,0.00
عمل باركود للرابط,,0,,0.00,0.00
عمل باركود للستجيل,,0,,0.00,0.00
عمل باركود للشركة,,0,,0.00,0.00
عمل باركود للصور من خلال مواقع,,0,,0.00,0.00
عمل باركود للصورمن خلال مواقع,,0,,0.00,0.00
عمل باركود للعنوان,,0,,0.00,0.00
عمل باركود للعنوان باستخدام اللوكيشن,,0,,0.00,0.00
عمل باركود للمدرسة,,0,,0.00,0.00
عمل باركود للمسجلين,,0,,0.00,0.00
عمل باركود للمسجلين عبر قوقل فورم,,0,,0.00,0.00
عمل باركود للملبس بيع التجزيه,,0,,0.00,0.00
عمل باركود للملفات,,0,,0.00,0.00
عمل باركود للنص,,0,,0.00,0.00
عمل باركود للوزارات,,0,,0.00,0.00
عمل باركود لماف وورد,,0,,0.00,0.00
عمل باركود لمدرسة,,0,,0.00,0.00
عمل باركود لملف pdf مجاني,,0,,0.00,0.00
عمل باركود لملف ام بي 3,,0,,0.00,0.00
عمل باركود لملف صورة,,0,,0.00,0.00
عمل باركود لملف فديو,,0,,0.00,0.00
عمل باركود لمنتج اون لاين,,0,,0.00,0.00
عمل باركود لموقع استراحة,,0,,0.00,0.00
عمل باركود لموقعك,,0,,0.00,0.00
عمل باركود لنص,,0,,0.00,0.00
عمل باركود مرتبط بالغرفه التجارية,,0,,0.00,0.00
عمل باركود مفتوح,,0,,0.00,0.00
عمل باركود من الكوريل,,0,,0.00,0.00
عمل باركود من اليستريتور,,0,,0.00,0.00
عمل باركود من انستريتور,,0,,0.00,0.00
عمل باركود موقع جغرافي,,0,,0.00,0.00
عمل باركود ورد,,0,,0.00,0.00
عمل بطاقات للطلاب بالباركود,,0,,0.00,0.00
عمل درس بالباركود,,0,,0.00,0.00
عمل شهادات بالباركود,,0,,0.00,0.00
عمل صور باركود,,0,,0.00,0.00
عمل ملصقات الباركود,,0,,0.00,0.00
عمل ملف بي دي اف باركود,,0,,0.00,0.00
عمل ميزان باركود اليكترونى gs-tm30a,,0,,0.00,0.00
عملية تشيك الباركود,,0,,0.00,0.00
عند تحميل قارئ الباركود للكمبيوتر يظهر أنه غير متوافق,,0,,0.00,0.00
عندي دورة واريد اي طالب يدخل اسجله بالباركود,,0,,0.00,0.00
عندي ملف بدي اف با حوال الي للباركود كيف,,0,,0.00,0.00
عندي ملف بدي اف بجوال الي للباركود كيف,,0,,0.00,0.00
عنل باركود من جوجل دريف,,0,,0.00,0.00
عين بوابة التعليم الوطنية باركود,,0,,0.00,0.00
عين بوابة التعليم باركود,,0,,0.00,0.00
فتج الباركود,,0,,0.00,0.00
فتح الباركود في الكمبيوتر,,0,,0.00,0.00
فتح الباركود للكتب,,0,,0.00,0.00
فتح الباركود من جهاز الحاسب,,0,,0.00,0.00
فتح الرابط بالباركود,,0,,0.00,0.00
فتح الروابط عن طريق الباركود,,0,,0.00,0.00
فتح الفيس بوك بالباركود,,0,,0.00,0.00
فتح المواقع عن طريق الباركود,,0,,0.00,0.00
فتح الموقع بالباركود,,0,,0.00,0.00
فتح الموقع عن طريق الباركود,,0,,0.00,0.00
فتح الواتس بدون باركود,,0,,0.00,0.00
فتح باركود عين بسامسونج,,0,,0.00,0.00
فتح باركود في لاب توب ماك بوك برو,,0,,0.00,0.00
فتح باركود من الكمبيوتر,,0,,0.00,0.00
فتح ملف بي دي اف بالباركود,,0,,0.00,0.00
فتح موقع بواسطة الباركود,,0,,0.00,0.00
فتح نماذج جوجل من خلال باركود مخصص,,0,,0.00,0.00
فحص البضاعة بالباركود,,0,,0.00,0.00
فحص باركود اون لاين,,0,,0.00,0.00
فحص نظاره ريبان بالباركود,,0,,0.00,0.00
فراولة داري باركود,,0,,0.00,0.00
فرش باركود,,0,,0.00,0.00
فرش باركود للفوتوشوب,,0,,0.00,0.00
فك حبر الباركود,,0,,0.00,0.00
فك شفرة الباركود,,0,,0.00,0.00
فكرة التحضير بالباركود,,0,,0.00,0.00
فكرة المدرسة الرقمية الباركود,,0,,0.00,0.00
فكرة حامل قارئ الباركود,,0,,0.00,0.00
فكرة عمل الباركود,,0,,0.00,0.00
فوائد استخدام الباركود,,0,,0.00,0.33
فورت نايت طريقة مسح الباركود بالجوال,,0,,0.00,0.00
فورت نايتطريقة مسح الباركود بالجوال,,0,,0.00,0.00
في برنامج تدخل فيه الداتا اكسل يحولها باركود,,0,,0.00,0.00
في برنامج يحول داتا الاكسل الى باركود,,0,,0.00,0.00
في ماذا يستخدم الباركود,,0,,0.00,0.00
فيجوال بيسك باركود,,0,,0.00,0.00
فيجوال بيسك برنامج محاسبة وباركود,,0,,0.00,0.00
فيديو عن جزم الفعل المضارع للصف السادس قارئ الباركود,,0,,0.00,0.00
فيديو عن جزم الفعل المضارع للصف السادس قارى الباركود,,0,,0.00,0.00
فيزا لكندا كيف احصل على الباركود,,0,,0.00,0.00
فيلم القاتل باركود,,0,,0.00,0.00
قائمة باركود اصناف,,0,,0.00,0.00
قارء الاسعار بالباركود,,0,,0.00,0.00
قارء الباركود الصف الرابع الابتدائي,,0,,0.00,0.00
قارء الباركود الموجود بالجوال,,0,,0.00,0.00
قارء الباركود عن طريق تحميلها من البوم الصور,,0,,0.00,0.00
قارء باركود اون لاين,,0,,0.00,0.00
قارئ الباركود online,,0,,0.00,0.00
قارئ الباركود pc,,0,,0.00,0.00
قارئ الباركود voyager 9520,,0,,0.00,0.00
قارئ الباركود اكسس,,0,,0.00,0.00
قارئ الباركود البيضاوي,,0,,0.00,0.00
قارئ الباركود التجاري,,0,,0.00,0.00
قارئ الباركود التعليمي,,0,,0.00,0.36
قارئ الباركود الذكي,,0,,0.00,0.00
قارئ الباركود المدرسي,,0,,0.00,0.00
قارئ الباركود المطور المجاني,,0,,0.00,0.00
قارئ الباركود بنظام الاندرويد,,0,,0.00,0.00
قارئ الباركود جهاز,,0,,0.00,0.00
قارئ الباركود سطر فارغ,,0,,0.00,0.00
قارئ الباركود شراء,,0,,0.00,0.00
قارئ الباركود فتح qr,,0,,0.00,0.00
قارئ الباركود في التعليم,,0,,0.00,0.00
قارئ الباركود في الصور,,0,,0.00,0.00
قارئ الباركود في جالكسي نوت9,,0,,0.00,0.00
قارئ الباركود في قوقل,,0,,0.00,0.00
قارئ الباركود لاسلكي سوق,,0,,0.00,0.00
قارئ الباركود لايعمل شاشة متراكبة,,0,,0.00,0.00
قارئ الباركود لغتي,,0,,0.00,0.00
قارئ الباركود للاندرويد مجانا,,0,,0.00,0.00
قارئ الباركود للايفون عربي,,0,,0.00,0.00
قارئ الباركود للباتش نمبر,,0,,0.00,0.00
قارئ الباركود للبيع,,0,,0.00,0.00
قارئ الباركود للعطور,,0,,0.00,0.00
قارئ الباركود للكتب الدراسية,,0,,0.00,0.49
قارئ الباركود للكتب المدرسية,,0,,0.00,0.00
قارئ الباركود للكمبيوتر لغتي,,0,,0.00,0.00
قارئ الباركود للمناهج,,0,,0.00,0.00
قارئ الباركود للمناهج الدراسية,,0,,0.00,0.00
قارئ الباركود لمنتجات,,0,,0.00,0.00
قارئ الباركود لمنتجات زيت السيارة,,0,,0.00,0.00
قارئ الباركود لويندوز,,0,,0.00,0.00
قارئ الباركود من الشاشة,,0,,0.00,0.00
قارئ الباركود من الواتس,,0,,0.00,0.00
قارئ الباركود نوع sky,,0,,0.00,0.00
قارئ الباركود نوع سكاي,,0,,0.00,0.00
قارئ الباركود ويندوز 10,,0,,0.00,0.00
قارئ الباركود يقرا المسافة بشكل خاطئ,,0,,0.00,0.00
قارئ الباركود.png,,0,,0.00,0.00
قارئ باركود 1d,,0,,0.00,0.00
قارئ باركود 2d,,0,,0.00,0.00
قارئ باركود 7120,,0,,0.00,0.00
قارئ باركود honeywell 1250,,0,,0.00,0.00
قارئ باركود qr,,0,,0.00,0.81
قارئ باركود اب ستور,,0,,0.00,0.00
قارئ باركود البطاقة الشخصية,,0,,0.00,0.90
قارئ باركود الحج,,0,,0.00,0.00
قارئ باركود بدون برامج,,0,,0.00,0.00
قارئ باركود جديد,,0,,0.00,0.00
قارئ باركود جديد كيف يعمل,,0,,0.00,0.00
قارئ باركود جوال,,0,,0.00,0.00
قارئ باركود جوال هواوي,,0,,0.00,0.00
قارئ باركود داتا لوجيك,,0,,0.00,0.00
قارئ باركود سوق,,0,,0.00,0.00
قارئ باركود طاولة,,0,,0.00,0.00
قارئ باركود غب الاب توب,,0,,0.00,0.00
قارئ باركود كبير,,0,,0.00,0.00
قارئ باركود لاسلكي li4278,,0,,0.00,0.00
قارئ باركود لاسلكي للبيع,,0,,0.00,0.00
قارئ باركود للاستبيان,,0,,0.00,0.00
قارئ باركود للبيع,,0,,0.00,0.00
قارئ باركود للشاشات,,0,,0.00,0.00
قارئ باركود للكمبيوتر عبر الكاميرا,,0,,0.00,0.00
قارئ باركود للماك,,0,,0.00,0.00
قارئ باركود لويندوز 7,,0,,0.00,0.00
قارئ باركود ماركة كلود,,0,,0.00,0.00
قارئ باركود ماركة كنود,,0,,0.00,0.00
قارئ باركود مع قاعده,,0,,0.00,0.00
قارئ باركود من الجوال,,0,,0.00,0.00
قارئ باركود هاني ويل,,0,,0.00,0.00
قارئ باركود يدوي,,0,,0.00,0.00
قارئء باركود لابتوب,,0,,0.00,0.00
قاراؤ الباركود,,0,,0.00,0.00
قارى الباركود الادويه,,0,,0.00,0.00
قارى الباركود زيبرا,,0,,0.00,0.00
قارى الباركود للمناهج الدراسيه,,0,,0.00,0.00
قارى باركود من اللاب,,0,,0.00,0.00
قارىء باركود حراج,,0,,0.00,0.00
قارىء باركود سوق كوم,,0,,0.00,0.00
قاري الباركود سيمبول,,0,,0.00,0.00
قاري الباركود يدعم فودكس,,0,,0.00,0.00
قاري باركود أندرويد,,0,,0.00,0.00
قاري باركود الجوال,,0,,0.00,0.00
قاري باركود الدول,,0,,0.00,0.00
قاري باركود موتورولا,,0,,0.00,0.00
قاري باركود ويرلس سوق كوم,,0,,0.00,0.00
قاريء باركود لجلاكسي,,0,,0.00,0.00
قاعدة بيانات باركود إكسل,,0,,0.00,0.00
قاعدة بيانات صيدلية بالباركود الدولي,,0,,0.00,0.00
قدرات للباركود,,0,,0.00,0.00
قدرات للباركود في المستشفي,,0,,0.00,0.00
قدرة باركود,,0,,0.00,0.00
قدرة للباركود,,0,,0.00,0.00
قدوه للباركود,,0,,0.00,0.00
قراء الرموز الباركود,,0,,0.00,0.00
قراء الرموز الباركود بالحاسب,,0,,0.00,0.00
قراءة الباركود اكسس,,0,,0.00,0.00
قراءة الباركود السعودي,,0,,0.00,0.00
قراءة الباركود الموجوده في pdf,,0,,0.00,0.00
قراءة الباركود بدون برامج,,0,,0.00,0.00
قراءة الباركود بدون رقم,,0,,0.00,0.00
قراءة الباركود على العطور,,0,,0.00,0.00
قراءة الباركود على اللاب,,0,,0.00,0.00
قراءة الباركود عن طريق برنامج duo,,0,,0.00,0.00
قراءة الباركود في كتاب الطالب,,0,,0.00,0.00
قراءة الباركود لأجهزة السامسونج,,0,,0.00,0.00
قراءة الباركود للاندرويد,,0,,0.00,0.00
قراءة الباركود للكتب,,0,,0.00,0.00
قراءة الباركود من الشاشة,,0,,0.00,0.00
قراءة الباركود من الكاميرا,,0,,0.00,0.00
قراءة الحاسب لرمز الباركود,,0,,0.00,0.00
قراءة الحاسب للباركود,,0,,0.00,0.00
قراءة الحاسب للرموز الباركود,,0,,0.00,0.00
قراءة باركود ايفون مجدد او جديد,,0,,0.00,0.00
قراءة باركود بطاقة شحن موبايلي,,0,,0.00,0.00
قراءة باركود شاشة رود ماستر,,0,,0.00,0.00
قراءة باركود كمبيوتر,,0,,0.00,0.00
قراءة باركود كوداك سكانر i 5250,,0,,0.00,0.00
قراءة باركود مخزن في صورة,,0,,0.00,0.00
قراءة باركود هوواى,,0,,0.00,0.00
قراءة رموز الباركود,,0,,0.00,0.00
قراءه الباركود اون لاين,,0,,0.00,0.00
قراءه الباركود بالكمبيوتر,,0,,0.00,0.00
قرائة الباركود بالهواوي,,0,,0.00,0.00
قرائة الباركود من الفيديو,,0,,0.00,0.00
قرائة باركود الدخان,,0,,0.00,0.00
قرائة باركود الميزان على الكمبيوتر,,0,,0.00,0.00
قرائة باركود نايك الاصلي,,0,,0.00,0.00
قرائه الباركود اون لاين,,0,,0.00,0.00
قرات باركود شاشة رود ماستر,,0,,0.00,0.00
قصة باركود,,0,,0.00,0.00
قطع غيار بالباركود,,0,,0.00,0.00
قطعة الباركود,,0,,0.00,0.00
قطعة الباركود في الملابس,,0,,0.00,0.00
قوالب باركود,,0,,0.00,0.00
قوالب للباركود,,0,,0.00,0.00
كاتالوج ميزان الكتروني بطابعة باركود gs-tm30a,,0,,0.00,0.00
كاتشب رنا باركود,,0,,0.00,0.00
كاميرا السامسونج باركود,,0,,0.00,0.00
كبف اسوي باركود,,0,,0.00,0.00
كتاب العلوم للصف السادس الابتدائي المنهج الجديد السعودي بالباركود,,0,,0.00,0.00
كتاب النشاط لمادة لغتي بالباركود,,0,,0.00,0.00
كتاب باركود,,0,,0.00,0.00
كتابة الباركود بالانجليزي,,0,,0.00,0.00
كتابة الباركود بالوان,,0,,0.00,0.00
كتابة الباركود في الاكسيل,,0,,0.00,0.00
كتابة الباركود وتنسيقه,,0,,0.00,0.00
كتابة بالباركود,,0,,0.00,0.00
كتب علمية عن تعلم الباركود وكيفية عملة وبرمجته,,0,,0.00,0.00
كراك جنرال باركود 5.1,,0,,0.00,0.00
كراك جينرال باركود 5.1,,0,,0.00,0.00
كشف البضاعة المغشوشة عن طريق الباركود,,0,,0.00,0.00
كشف الصناعة بالباركود,,0,,0.00,0.00
كفاءة باركود,,0,,0.00,0.00
كل خطوط الباركود,,0,,0.00,0.00
كل خطوط الباركود.rar,,0,,0.00,0.00
كل سنه وانت طيب باركود,,0,,0.00,0.00
كل شي عن الباركود,,0,,0.00,0.00
كلمة الباركود,,0,,0.00,0.00
كليب ارت باركود,,0,,0.00,0.00
كم حجم الباركود البكج,,0,,0.00,0.00
كم حجم الباركود البكيج,,0,,0.00,0.00
كم سعر طابعة باركود bixolon,,0,,0.00,0.00
كم سعر طابعة باركود bixolon t400,,0,,0.00,0.00
كم عدد محارف الباركود,,0,,0.00,0.00
كم عدد محارف الباركود القياسية,,0,,0.00,0.00
كود ادراج قارئ الباركود عند تصميم تطبيق,,0,,0.00,0.00
كود ادراج قارئ الباركود في التطبيق,,0,,0.00,0.00
كود السعودية في الباركود,,0,,0.00,0.00
كود باركود الدول,,0,,0.00,0.00
كود باركود الصادر والوارد,,0,,0.00,0.00
كود باركود الصادر والوارد في الاكسس,,0,,0.00,0.00
كود جافا للباركود,,0,,0.00,0.00
كود طباعة الباركود,,0,,0.00,0.00
كود طباعة باركود,,0,,0.00,0.00
كود قراءة الباركود,,0,,0.00,0.00
كود قراءة الباركود في البايثون,,0,,0.00,0.00
كود قراءة الباركود للكتب المدرسيه على الايباد,,0,,0.00,0.00
كود منتج العطور في الباركود,,0,,0.00,0.00
كوك باركود,,0,,0.00,0.00
كيبورد قارء باركود,,0,,0.00,0.00
كيف أدمج صور مع باركود,,0,,0.00,0.00
كيف أسوي رمز باركود,,0,,0.00,0.00
كيف أعرف أن العطر أصلي من الباركود,,0,,0.00,0.00
كيف أعرف نوع الباركود,,0,,0.00,0.00
كيف أعل باركود لموقع الكتروني,,0,,0.00,0.00
كيف أعمل باركود,,0,,0.00,0.00
كيف أمسح على الباركود,,0,,0.00,0.00
كيف ابحث الباركود,,0,,0.00,0.00
كيف ابرمج قارى الباركود هوني وول,,0,,0.00,0.00
كيف اجيب الباركود gpshfd td hgvh pd,,0,,0.00,0.00
كيف اجيب الباركود الراجحي,,0,,0.00,0.00
كيف اجيب الباركود لحسابي في الراجحي,,0,,0.00,0.00
كيف احصل على باركود خاص بي,,0,,0.00,0.00
كيف احط احط الباركود على طلب تاشيرة,,0,,0.00,0.00
كيف احط الباركود في السنابات اللي انزلها,,0,,0.00,0.00
كيف احط باركود السناب,,0,,0.00,0.00
كيف احط صورة في باركود السناب,,0,,0.00,0.00
كيف احفظ محتويات الباركود على الكمبيوتر,,0,,0.00,0.00
كيف احمل المنهج باركود,,0,,0.00,0.00
كيف احمل تطبيق من سوق بلاي بالباركود,,0,,0.00,0.00
كيف احمل دروس عين الي على الباركود,,0,,0.00,0.00
كيف احمل قارى الباركود للمناهج الدراسيه على الكمبيوتر,,0,,0.00,0.00
كيف احول الوورد الى باركود,,0,,0.00,0.00
كيف احول بدف لرابط باركود,,0,,0.00,0.00
كيف احول حساب الانستقرام الى باركود,,0,,0.00,0.00
كيف احول رابط إلى باركود,,0,,0.00,0.00
كيف احول فلتر سناب الى باركود,,0,,0.00,0.00
كيف احول مقطع فديواللى باركود,,0,,0.00,0.00
كيف احولبوربوينت الى باركود,,0,,0.00,0.00
كيف اختار اللون حجم الخط في قارئ الباركود,,0,,0.00,0.00
كيف ادخل الباركود في الهواوي,,0,,0.00,0.00
كيف ارسل من الواتس الي باركود في المكبيوتر,,0,,0.00,0.00
كيف ارفع الكتاب بشكل باركود,,0,,0.00,0.00
كيف ارفع ملف الى الباركود,,0,,0.00,0.00
كيف استخدم باركود منهج لغتي,,0,,0.00,0.00
كيف استخرج رابط للمجلد على اللاب لصناعة الباركود,,0,,0.00,0.00
كيف استطيع اظاهر الباركود من طريق اسم الصنف,,0,,0.00,0.00
كيف استطيع اظهار الباركود عن طريق اسم الصنف,,0,,0.00,0.00
كيف استطيع تكبير الباركود على الاكسل,,0,,0.00,0.00
كيف استعيد الباركود للأتصال بالكاميرا,,0,,0.00,0.00
كيف اسجل الباركود حق عطوري,,0,,0.00,0.00
كيف اسوي الباركود لدرس,,0,,0.00,0.00
كيف اسوي الباركود لدرس في الورد,,0,,0.00,0.00
كيف اسوي باركود اغنيه واحطه بالوورد,,0,,0.00,0.00
كيف اسوي باركود الدرس,,0,,0.00,0.00
كيف اسوي باركود المحلات,,0,,0.00,0.00
كيف اسوي باركود انستقرام,,0,,0.00,0.00
كيف اسوي باركود بالعربي,,0,,0.00,0.00
كيف اسوي باركود خاص بالمنتج,,0,,0.00,0.00
كيف اسوي باركود لصفحة الوورد,,0,,0.00,0.00
كيف اسوي باركود لعرض,,0,,0.00,0.00
كيف اسوي باركود للاغاني,,0,,0.00,0.00
كيف اسوي باركود ملف ع سطح المكتب,,0,,0.00,0.00
كيف اسوي باركود نص رسالة,,0,,0.00,0.00
كيف اسوي باركود يوتيوب,,0,,0.00,0.00
كيف اشحن بظاقه سوا عن طريق باركود,,0,,0.00,0.00
كيف اشغل باركود,,0,,0.00,0.00
كيف اصمم باركود شخصي,,0,,0.00,0.00
كيف اصن باركود لغية,,0,,0.00,0.00
كيف اصور الباركود بالسمسونج,,0,,0.00,0.00
كيف اصور باركود الكتب,,0,,0.00,0.00
كيف اصيغ سؤال باركود,,0,,0.00,0.00
كيف اضع رابط في باركود,,0,,0.00,0.00
كيف اضع رابط للتطبيق على شكل باركود,,0,,0.00,0.00
كيف اضع رابطين في الباركود,,0,,0.00,0.00
كيف اضع صورتي على الباركود,,0,,0.00,0.00
كيف اضيف صورة للباركود,,0,,0.00,0.00
كيف اضيف من الباركود انستقرام,,0,,0.00,0.00
كيف اضيف موقع في الباركود,,0,,0.00,0.00
كيف اطلع الباركود حق الواتس في الاندرويد,,0,,0.00,0.00
كيف اطلع الباركود حق الواتس في الاندرويد lg g4,,0,,0.00,0.00
كيف اطلع الباركود حق اليوتيوب,,0,,0.00,0.00
كيف اطلع الباركود حق سينما فوكس,,0,,0.00,0.00
كيف اطلع الباركود في nsb,,0,,0.00,0.00
كيف اطلع باركود الطابعة,,0,,0.00,0.00
كيف اطلع باركود برنامجي على nsb,,0,,0.00,0.00
كيف اطلع باركود تطبيق,,0,,0.00,0.00
كيف اعدل الباركود,,0,,0.00,0.00
كيف اعرف العطر اصلي او لا من الباركود,,0,,0.00,0.00
كيف اعرف ان العطر اصلي بالباركود,,0,,0.00,0.00
كيف اعمل اسئلة بالباركود,,0,,0.00,0.00
كيف اعمل باركود لبيع الملابس,,0,,0.00,0.00
كيف اعمل باركود لحساب انستقرام,,0,,0.00,0.00
كيف اعمل باركود لموقعك,,0,,0.00,0.00
كيف اعمل برنامج بايثون يقرئ من جهاز الباركود,,0,,0.00,0.00
كيف اعمل لكل موظف باركود,,0,,0.00,0.00
كيف اغير باركود سناب,,0,,0.00,0.00
كيف اغير لون الباركود,,0,,0.00,0.00
كيف افتح الباركود في الاندرويد,,0,,0.00,0.00
كيف افتح الباركود في الجلكسي,,0,,0.00,0.00
كيف افتح الباركود في جوال هواوي,,0,,0.00,0.00
كيف افتح الباركود في كاميرا جوال هواوي,,0,,0.00,0.00
كيف افتح باركود بقوقل,,0,,0.00,0.00
كيف افعل الباركود لبرنامج الواتس,,0,,0.00,0.00
كيف اقدر ادخل لحساب الراجحي بدون باركود للشركات,,0,,0.00,0.00
كيف اقرأ رقم الباركود,,0,,0.00,0.00
كيف اقرأ رمز باركود,,0,,0.00,0.00
كيف اقراء باركود بالكمبيوتر,,0,,0.00,0.00
كيف اقوم بعمل باركود,,0,,0.00,0.00
كيف الباركود لحسابي في الراجحي,,0,,0.00,0.00
كيف القط باركود من نفس الجوال,,0,,0.00,0.00
كيف امسح الباركود للجالكسي,,0,,0.00,0.00
كيف امسح باركود بصوره,,0,,0.00,0.00
كيف امسح باركود ملون,,0,,0.00,0.00
كيف انزل الباركود في الكمبيوتر بدون حساب,,0,,0.00,0.00
كيف انزل الباركود في الكمبيوتر ويندوز,,0,,0.00,0.00
كيف انزل الباركود في لاالاددد,,0,,0.00,0.00
كيف انسخ الباركود تبع الفيس,,0,,0.00,0.00
كيف انشيء باركود لملف ورد,,0,,0.00,0.00
كيف تتاكد من سماعة akg سامسونج بالباركود الاصليه,,0,,0.00,0.00
كيف تتم عملية الكاشير بالباركود,,0,,0.00,0.00
كيف تجعل الرابط باركود,,0,,0.00,0.00
كيف تجيب باركود من اليوتيوب,,0,,0.00,0.00
كيف تحول الكتاب الى باركود,,0,,0.00,0.00
كيف تسوي باركود لموقع خريطة,,0,,0.00,0.00
كيف تصميم باركود للالعاب,,0,,0.00,0.00
كيف تصنع الباركود,,0,,0.00,0.00
كيف تصنع الباركود الخاص بك,,0,,0.00,0.00
كيف تضيف من الباركود انستقرام,,0,,0.00,0.00
كيف تطبف فاتورة بالباركود,,0,,0.00,0.00
كيف تظهر باركود لحساب الانستقرام,,0,,0.00,0.00
كيف تظهر رابط قناة التليجرام باركود,,0,,0.00,0.00
كيف تعرف العطر الاصلي من الباركود,,0,,0.00,0.00
كيف تعرف طابعة الباركود gk420t,,0,,0.00,0.00
كيف تعرف طابعة الباركود الحراريه,,0,,0.00,0.00
كيف تفتح باركود بقوقل,,0,,0.00,0.00
كيف تقوم الاجهزه الذكيه بقراءه الباركود,,0,,0.00,0.00
كيف تم صنع قارئ الباركود,,0,,0.00,0.00
كيف تم صنع قارئ الباركود في حقيبتي لاتلي,,0,,0.00,0.00
كيف تم صنع قارئ الباركود في حقيبتي لاتنسى,,0,,0.00,0.00
كيف سوي الباركود,,0,,0.00,0.00
كيف طبع الباركود,,0,,0.00,0.00
كيف نحل مشكلة الباركود في مصادر التعلم في نور,,0,,0.00,0.00
كيف نحول الرابط إلى الباركود,,0,,0.00,0.00
كيف نستخدم الباركود,,0,,0.00,0.00
كيف نصلح باركود,,0,,0.00,0.00
كيف نصمم باركود للربط الى اسئلة,,0,,0.00,0.00
كيف يتم تحويل الباركود في السوبرماركت,,0,,0.00,0.00
كيف يتم تنسيق الباركود,,0,,0.00,0.00
كيف يتم عمل باركود علي كرت العمل,,0,,0.00,0.00
كيف يتم مسح الباركود الخاص بشركة تمر,,0,,0.00,0.00
كيف يتم نسخ الباركود لتقديم على الوظائف عن طريق الايفون,,0,,0.00,0.00
كيف يعمل باركود,,0,,0.00,0.00
كيف يعمل برنامج الباركود للمحلات التجارية مجانا,,0,,0.00,0.00
كيف يعمل جهاز قراءة الباركود,,0,,0.00,0.00
كيف يمكن تعدل سؤال في الباركود,,0,,0.00,0.00
كيف يمكن فتح باركود,,0,,0.00,0.00
كيفافتح رابط باركود على اللاب,,0,,0.00,0.00
كيفة ادخال اصناف عن طريق بار باركود,,0,,0.00,0.00
كيفية إضافة باركود الموقع,,0,,0.00,0.00
كيفية إظافة قالب نماذج طباعة بنضام الاونكس للباركود,,0,,0.00,0.00
كيفية ادخال اصناف عن طريق بار باركود,,0,,0.00,0.00
كيفية استخدام جهاز الباركود للجرد,,0,,0.00,0.00
كيفية استخراج الباركود للواتس اب,,0,,0.00,0.00
كيفية استخراج باركود للمنتجات,,0,,0.00,0.00
كيفية استعمال الباركود لفتح ملف pdf,,0,,0.00,0.00
كيفية اصلاح مقاسات باركود طابعة زيبرا,,0,,0.00,0.00
كيفية اضافة قالب نموذج طباعة بنظام الاونكس للباركود,,0,,0.00,0.00
كيفية اظافة نموذج طباعة جديدة لطباعة الباركود بنظام الاونكس,,0,,0.00,0.00
كيفية اقرا باركود موقع,,0,,0.00,0.00
كيفية اقرا باركود موقع جغرافي,,0,,0.00,0.00
كيفية الاتصال بين الجوال والكمبيوتر عن طريق الباركود,,0,,0.00,0.00
كيفية الاستعلام باستخدام الباركود,,0,,0.00,0.00
كيفية الاستعلام عن المنتج باستخدام الباركود,,0,,0.00,0.00
كيفية التعامل مع طابعة الباركود,,0,,0.00,0.00
كيفية التعلم الباركود,,0,,0.00,0.00
كيفية الحصول على باركود اختبار قوقل درايف,,0,,0.00,0.00
كيفية الحصول على باركود قطع الغيار بيجو,,0,,0.00,0.00
كيفية الرسم على الباركود,,0,,0.00,0.00
كيفية انشاء باركود رسمي,,0,,0.00,0.00
كيفية انشاء باركود من اختصارات قوقل,,0,,0.00,0.00
كيفية تحديد الباركود للمواقع,,0,,0.00,0.00
كيفية تحميل الباركود,,0,,0.00,0.00
كيفية تحميل باركود على ورقة عمل,,0,,0.00,0.00
كيفية تحويل الرابط الى باركود مجان ا,,0,,0.00,0.00
كيفية تحويل الرابط الى باركود مجاني,,0,,0.00,0.00
كيفية تحويل بوربوينت الى باركود,,0,,0.00,0.00
كيفية تحويل ملف pdf الى باركود,,0,,0.00,0.00
كيفية تحويل ملف الى باركود,,0,,0.00,0.00
كيفية تحويل ملف ورد الى باركود,,0,,0.00,0.00
كيفية تشغيل قارئ الباركود مفرد لنقاط البيع,,0,,0.00,0.00
كيفية تظبيط اعدادت طابعة الباركود tlp 2844,,0,,0.00,0.00
كيفية تعبئة رصيد موبايلي بالباركود,,0,,0.00,0.00
كيفية تعديل نموذج طباعة الباركود,,0,,0.00,0.00
كيفية تعديل نموذج طباعة الباركود في الاونكس,,0,,0.00,0.00
كيفية تعريف قارئ الباركود symbol,,0,,0.00,0.00
كيفية جعل العنوان باركود,,0,,0.00,0.00
كيفية دخول الباركود داخل اوبر ايتس,,0,,0.00,0.00
كيفية دمج تاريخ الصلاحية مع الباركود,,0,,0.00,0.00
كيفية رفع رابط فيديو على باركود,,0,,0.00,0.00
كيفية ضبط اعدادات طابعة الباركود tlp 2844,,0,,0.00,0.00
كيفية ضبط الباركود للطباعة على طابعةgk420t,,0,,0.00,0.00
كيفية ضبط قفزة قارئ باركود هني هانيويل,,0,,0.00,0.00
كيفية ضبط قفزة قارئ باركود هني هانيويلي,,0,,0.00,0.00
كيفية طباعة الباركود طابعة الزيبرا من الفيجوال بيسك,,0,,0.00,0.00
كيفية طباعة الباركود على الطابعة zbl,,0,,0.00,0.00
كيفية طباعة باركود من الاكسل كامل مع البيانات,,0,,0.00,0.00
كيفية طباعة على باركود,,0,,0.00,0.00
كيفية ظبط اعدادات طابعة الباركود tlp 2844,,0,,0.00,0.00
كيفية عم باركود مجاني,,0,,0.00,0.00
كيفية عمل الباركود بالفوتوشوب,,0,,0.00,0.00
كيفية عمل الباركود للعروض,,0,,0.00,0.00
كيفية عمل المعلومات الشخصية الي باركود,,0,,0.00,0.00
كيفية عمل باركود nsb,,0,,0.00,0.00
كيفية عمل باركود qr,,0,,0.00,0.00
كيفية عمل باركود انشاء بالكمبيوتر,,0,,0.00,0.00
كيفية عمل باركود بالسي شارب,,0,,0.00,0.00
كيفية عمل باركود بالفوتوشوب,,0,,0.00,0.00
كيفية عمل باركود تحميل التطبيقات,,0,,0.00,0.00
كيفية عمل باركود في الأكسل,,0,,0.00,0.00
كيفية عمل باركود في الورد,,0,,0.00,0.00
كيفية عمل باركود في برنامج nsb,,0,,0.00,0.00
كيفية عمل باركود فيديو,,0,,0.00,0.00
كيفية عمل باركود لاغنية,,0,,0.00,0.00
كيفية عمل باركود لبوربوينت,,0,,0.00,0.00
كيفية عمل باركود للمنتجات,,0,,0.00,0.00
كيفية عمل باركود لمقطع فيديو,,0,,0.00,0.00
كيفية عمل باركود لموقع الكتروني,,0,,0.00,0.00
كيفية عمل باركود مجانا,,0,,0.00,0.00
كيفية عمل باركود مجاني,,0,,0.00,0.00
كيفية عمل باركود مع نظام وسكانر,,0,,0.00,0.00
كيفية عمل باركود ملون,,0,,0.00,0.00
كيفية عمل سكان للباركود,,0,,0.13,0.90
كيفية عمل قالب للباركود في نظام الاونكس,,0,,0.00,0.00
كيفية فتح الواتس فالكمبيوتر بدون باركود,,0,,0.00,0.00
كيفية مسح الموقع من الباركود,,0,,0.00,0.00
كيفية مسح باركود واتساب,,0,,0.00,0.00
كيفية معرفة باركود واتساب,,0,,0.00,0.00
كيفية وضع ورق الباركود في الطابعه,,0,,0.00,0.00
كيفيفه اضافه فلتر بالباركود للسناب,,0,,0.00,0.00
كيفيه استخدام الباركود,,0,,0.00,0.00
كيفيه استخدام الباركود للصف الخامس كتاب لغتي,,0,,0.00,0.00
كيفيه استخدام جهاز الباركود qr,,0,,0.00,0.00
كيفيه اضافه فلتر بالباركود للسناب,,0,,0.00,0.00
كيفيه تثبيت الباركود,,0,,0.00,0.00
كيفيه تثبيت الباركود qr,,0,,0.00,0.00
كيفيه تثبيت جهاز الباركود qr,,0,,0.00,0.00
كيفيه تحويل الفيديو الى باركود,,0,,0.00,0.00
كيفيه صنع الباركود,,0,,0.00,0.00
كيفيه صنع باركود,,0,,0.00,0.00
كيفيه عمل باركود لحساب الدرايف,,0,,0.00,0.00
كيفيه عمل باركود لمنتج بالسعودية,,0,,0.00,0.00
لإضافة الباركود في الصوره,,0,,0.00,0.00
لإضافة الباركود في الصوره top 4 top,,0,,0.00,0.00
لادراج صورة في الباركود,,0,,0.00,0.00
لاقط الباركود,,0,,0.00,0.00
لانشاء الباركود,,0,,0.00,0.00
لانشاء باركود,,0,,0.00,0.00
لانشاءء باركود جديد,,0,,0.00,0.00
لتحويل الاحداثيات إلى باركود,,0,,0.00,0.00
لتحويل الصورة الى باركود,,0,,0.00,0.00
لتحويل اللوكيشين الى باركود,,0,,0.00,0.00
لتوليد الباركود,,0,,0.00,0.00
لتوليد باركود,,0,,0.00,0.00
لتوليد باركود بالاكسل,,0,,0.00,0.00
لصق باركود حراري,,0,,0.00,0.00
لصقة سيارة 2005 باركود,,0,,0.00,0.00
لصنع باركود,,0,,0.00,0.00
لصنع باركود جديد,,0,,0.00,0.00
لصنع باركود للمنتجات,,0,,0.00,0.00
لعبة الباركود,,0,,0.00,0.00
لعبة تعليمية الباركود,,0,,0.00,0.00
لعبه بالباركود,,0,,0.00,0.00
لعمل باركود بلينك بلاي ستور,,0,,0.00,0.00
لفنح روابط الباركود,,0,,0.00,0.00
للاطلاع على المادة العلمية الرجاء الدخول على الباركود,,0,,0.00,0.00
للاندرويد باركود برنامج حساب خطوات,,0,,0.00,0.00
للبحث عن نظاره ريبان بالباركود,,0,,0.00,0.00
للشراء عبر الانترنت استخراج الفاتورة برقم الباركود,,0,,0.00,0.00
للطلع على المادة العلمية الرجاء الدخوال على الباركود,,0,,0.00,0.00
للطلع على المادة العلمية الرجاء الدوال على الباركود,,0,,0.00,0.00
للكمبيوتيرقارئ الباركود,,0,,0.00,0.00
للموقع طريقة عمل الباركود,,0,,0.00,0.00
لماذا لايفتح رابط الباركود,,0,,0.00,0.00
لمعرفة الباركود الاصلي والغير اصلي,,0,,0.00,0.00
لمعرفة السعرات الحرارية بالباركود,,0,,0.00,0.00
لمعرفه باركود التلفون,,0,,0.00,0.00
لمنتجعمل باركود,,0,,0.00,0.00
لنقل الملفات عن طريق الباركود,,0,,0.00,0.00
لوضع شعار داخل الباركود,,0,,0.00,0.00
لولو ماركت باركود مسابقة نستله,,0,,0.00,0.00
مؤسسة الباركود العالمية,,0,,0.00,0.00
مؤسسة الغامدي لطاباعات الباركود,,0,,0.00,0.00
مؤسسة الغامدي لطابعات الباركود,,0,,0.00,0.00
ما الفائدة للمعلمين عند تحضير الطلاب بالباركود,,0,,0.00,0.00
ما المقصود بالباركود على بطاقة الشحن,,0,,0.00,0.00
ما فائدة الباركود اللي مع تومب رايدر,,0,,0.00,0.00
ما هو الباركود pdf,,0,,0.00,0.00
ما هو الباركود الخاص بترخيص الهيئة السعودية للتخصصات الصحية,,0,,0.00,0.00
ما هو الباركود المطلوب في السعودية,,0,,0.00,0.00
ما هي المحارف المدفومة في الباركود,,0,,0.00,0.00
ما هي المنظمة المسئولة عن الباركود,,0,,0.00,0.00
ما هي تكلفة الحصول على الباركود في السعودية,,0,,0.00,0.00
ما هي طريقه عمل باركود معلومات وبيان اتصال,,0,,0.00,0.00
ماء عطر روزيز مسك 100 مل باركود,,0,,0.00,0.00
ماالفايدة للمعلمين عند تحضير الطلاب بالباركود,,0,,0.00,0.00
ماتركس باركود,,0,,0.00,0.00
مادة لغتي الاول متوسط الفصل الثاني اريد الباركود درس الاؤلؤ,,0,,0.00,0.00
مادة لغتي الاول متوسط الفصل الثاني اريد الباركود درس اللؤلؤ,,0,,0.00,0.00
مادة لغتي الاول متوسط الفصل الثاني اريد درس لؤلؤة الباركود,,0,,0.00,0.00
مادة لغتي الاول متوسط درس زراعة اللؤلؤة من الباركود,,0,,0.00,0.00
مادة لغتي الاول متوسط درس زراعة لؤلؤة من الباركود,,0,,0.00,0.00
مادة لغتي الاول متوسط درس لؤلؤة من الباركود,,0,,0.00,0.00
مادة لغتي الاول متوسطدرس لؤلؤة من الباركود,,0,,0.00,0.00
مادة لغتيدرس لؤلؤة من الباركود,,0,,0.00,0.00
ماذا تعني الارقام التي على الباركود,,0,,0.00,0.00
ماذا يعني الباركود اعلى صفحات الكتب,,0,,0.00,0.00
ماسح الباركود الشريطي,,0,,0.00,0.00
ماسح الباركود ايفون مجانا,,0,,0.00,0.00
ماسح الباركود تلجرام,,0,,0.00,0.00
ماسح الباركود تلقرام,,0,,0.00,0.00
ماسح الباركود خميس مشيط,,0,,0.00,0.00
ماسح الباركود قارئ رمز qr & قارئ الباركود,,0,,0.00,0.00
ماسح الباركود لكتباب الانجليزي,,0,,0.00,0.00
ماسح الباركود لمعرفة البضائع الاصليه,,0,,0.00,0.00
ماسح الباركود موقع,,0,,0.00,0.00
ماسح الباركود هواوي,,0,,0.00,0.00
ماسح باركود syble,,0,,0.00,0.00
ماسح باركود ذكي,,0,,0.00,0.00
ماسح باركود ويندوز 7,,0,,0.00,0.00
ماسحة الباركود,,0,,0.00,0.00
مافائدة الباركود على بطاريات النوت4,,0,,0.00,0.00
ماكينة الباركود اللصقي,,0,,0.00,0.00
ماكينة طباعة الباركود اوفست,,0,,0.00,0.00
ماكينة قراءة الباركود,,0,,0.00,0.00
مانكي للباركود,,0,,0.00,0.00
ماهو الباركود العالمى,,0,,0.00,0.00
ماهو الباركود العالمى وما الفرق بينه وبين الباركود,,0,,0.00,0.00
ماهو الباركود على المنتجات,,0,,0.00,0.00
ماهو الباركود في ترخيص هيئة التخصصات الصحية,,0,,0.00,0.00
ماهو الباركود للداتا فلو,,0,,0.00,0.00
ماهو الباركود وكيف يتم تصميمه,,0,,0.00,0.00
ماهو باركود الكتاب المدرسي,,0,,0.00,0.00
ماهو جهاز الباركود,,0,,0.00,0.00
ماهو جهاز باركود,,0,,0.00,0.00
ماهو رقم الباركود السيارة,,0,,0.00,0.00
ماهو رقم الباركود للمنتجات السعوديه,,0,,0.00,0.00
ماهو طباعة باركود,,0,,0.00,0.00
ماهي المنظمة المسؤلة عن الباركود,,0,,0.00,0.00
ماهي طابعة باركود,,0,,0.00,0.00
ماهي طابعة باركود وكيفية عملها,,0,,0.00,0.00
ماهي مواقع التواصل التي تدعم الباركود,,0,,0.00,0.00
مبادرة الابتدائية الأولى بساجر باركود,,0,,0.00,0.00
متابعة المنتج البداي والنهاي والتواريخ و الباركود,,0,,0.00,0.00
مترجم الباركود التجاري,,0,,0.00,0.00
مجلة الباركود,,0,,0.00,0.00
مجلة الكترونية بالباركود,,0,,0.00,0.00
مجلة باركود,,0,,0.00,0.00
مجلس الغرف السعودية باركود,,0,,0.00,0.00
مجموعة صور وفيديوهات مربوطة بالباركود,,0,,0.00,0.00
محاضرة عن الباركود,,0,,0.00,0.00
محتويات باركود,,0,,0.00,0.00
محتويات باركود الأصول,,0,,0.00,0.00
محفظة باركود قارئ فور إضافتها في المحفظة,,0,,0.00,0.00
محمد عبده جاكم تحدي باركود محمد,,0,,0.00,0.00
محول الصورة ل باركود ملون,,0,,0.00,0.00
مدة الباركود,,0,,0.00,0.00
مدة عمل الباركود,,0,,0.00,0.00
مدرسة الباركود,,0,,0.00,0.00
مدرسة تستخدم الباركود في جميع العمليات,,0,,0.00,0.00
مدونة ترميز الدواء السعودي ومواصفات باركود األدوية,,0,,0.00,0.00
مدونة ترميز الدواء السعودي ومواصفات باركود الأدوية,,0,,0.00,0.00
مراحل انشاء باركود المحلات,,0,,0.00,0.00
مربع الباركود,,0,,0.00,0.00
مربع الباركود عن طريق الكاميرا,,0,,0.00,0.00
مربع الباركود واتساب ويب,,0,,0.00,0.00
مرطب للشفاه بلمعان الكرز من لابيللو الباركود,,0,,0.00,0.00
مرطب للشفاه بلمعان الكرز من لابيلو الباركود,,0,,0.00,0.00
مركز باركود صناعية 28,,0,,0.00,0.00
مزقع للباركود,,0,,0.00,0.00
مسابقة الباركود الإلكترونية التحفيزية,,0,,0.00,0.00
مسابقة الباركود الالكترونية,,0,,0.00,0.00
مسابقة الباركود التحفيزي,,0,,0.00,0.00
مسابقة الباركود للطلاب والطالبات,,0,,0.00,0.00
مسابقة الباركود للمدارس تحميل مجانا,,0,,0.00,0.00
مسابقة الباركود للمدارس تحميل مجاني,,0,,0.00,0.00
مسابقة الباركود مجانية,,0,,0.00,0.00
مسابقة باركود,,0,,0.00,0.00
مسابقة باركود وشكر الفائزين,,0,,0.00,0.00
مسابقة برنامج الباركود الإلكترونية التحفيزية,,0,,0.00,0.00
مسابقت الباركود,,0,,0.00,0.00
مسابقه الباركود بندا,,0,,0.00,0.00
مستشفي الراشد بجده طريقه فك الباركود,,0,,0.00,0.00
مسح الباركود بالليزر,,0,,0.00,0.00
مسح الباركود عن طريق الكمبيوتر,,0,,0.00,0.00
مسح الباركود عن طريق برنامج duo,,0,,0.00,0.00
مسح باركود باستخدام خرائط جوجل,,0,,0.00,0.00
مسح باركود سناب شات قديم,,0,,0.00,0.00
مشاركة طابعة باركود,,0,,0.00,0.00
مشاريع بالباركود,,0,,0.00,0.00
مشاكل قارئ الباركود,,0,,0.00,0.00
مشروع الباركود,,0,,0.00,0.00
مشروع الباركود التحفيزي,,0,,0.00,0.00
مشروع المسح بالباركود,,0,,0.00,0.00
مشروع باركود الشحن,,0,,0.00,0.00
مشروع باركود لكل المواشي,,0,,0.00,0.00
مشروع باركود لكل المواشي منافسه,,0,,0.00,0.00
مشروع لاصق الباركود,,0,,0.00,0.00
مشروع ملصقات الباركود,,0,,0.00,0.00
مشكلة symbol باركود,,0,,0.00,0.00
مشكلة الارقام العربية مع الباركود,,0,,0.00,0.00
مشكلة الباركود في نظام نور للاستعارة,,0,,0.00,0.00
مشكلة باركود شاشة ايفون,,0,,0.00,0.00
مشكلة تحميل الباركود للواتس اب,,0,,0.00,0.00
مشكلة رقم الباركود في سوق كوم,,0,,0.00,0.00
مشكلة طابعة الباركود,,0,,0.00,0.00
مشكلة طابعة الباركود لا تخرج لون,,0,,0.00,0.00
مشكلة طابعة الباركود لاتخرج لون,,0,,0.00,0.00
مشكلة طابعة الباركود لاتطبع,,0,,0.00,0.00
مشكلة ظهور الباركود كارقام بالصفحة,,0,,0.00,0.00
مشكلة ظهور الباركود كارقام بالصفحة وليس خطوط,,0,,0.00,0.00
مشكلة عدم ظهور رمز الباركود في كشوف نور,,0,,0.00,0.00
مشكلة عدم قرائة الباركود للواتس اب,,0,,0.00,0.00
مشكلة قارئ الباركود,,0,,0.00,0.00
مشكلةsymbol باركود,,0,,0.00,0.00
مصادر شراء اوراق الباركود واحبار,,0,,0.00,0.00
مصدر البضاعة بالباركود,,0,,0.00,0.00
مطوية عن الباركود,,0,,0.00,0.00
معرفة أن العطر أصلي من الباركود,,0,,0.00,0.00
معرفة البضائع المقلدة من خلال الباركود,,0,,0.00,0.00
معرفة السعر بالباركود عن طريق الجوال,,0,,0.00,0.00
معرفة الشركة من خلال الباركود,,0,,0.00,0.00
معرفة باركود الدول الدخان,,0,,0.00,0.00
معرفة باركود سونس زد 5,,0,,0.00,0.00
معرفة باركود.السناب,,0,,0.00,0.00
معرفة تاريخ الانتهاء بالباركود,,0,,0.00,0.00
معرفة تاريخ العطر من رقم الباركود,,0,,0.00,0.00
معرفة رقم الباركود,,0,,0.00,0.00
معرفة منشأ الباركود يبدأ 421,,0,,0.00,0.00
معرفة منشأ الباركود يبدأ 4210,,0,,0.00,0.00
معرفة منشأ باركود يبدأ 421,,0,,0.00,0.00
معرفة مواصفات المنتج عن طريق الباركود,,0,,0.00,0.00
معرفة موقع السكن من باركود المعصم,,0,,0.00,0.00
معلومات العطر بالباركود,,0,,0.00,0.00
معلومات عن باركود المنتجات,,0,,0.00,0.00
معلومات عن تقنية الباركود,,0,,0.00,0.00
معنى الباركود بالعربي,,0,,0.00,0.00
معنى باركود ادوية,,0,,0.00,0.00
معي شاحن انكر من الباركود كيف اعرف,,0,,0.00,0.00
معي شاحن انكور من الباركود كيف اعرف,,0,,0.00,0.00
مفتاح باركود اسرائيل,,0,,0.00,0.00
مقاسات الباركود godex 120,,0,,0.00,0.00
مقاسات ستيكر باركود,,0,,0.00,0.00
مقاسات طابعة الباركود godex 120,,0,,0.00,0.00
مقاسات طباعة الباركود,,0,,0.00,0.00
مقاسات ورق طابعة الباركود,,0,,0.00,0.00
مقاسات ورقم طابعة الباركود,,0,,0.00,0.00
مقطع باركود,,0,,0.00,0.00
مكائن طباعة الباركود,,0,,0.00,0.00
مكائن طباعة الباركود رقمية,,0,,0.00,0.00
مكتبات جاهزة لإنشاء الباركود c,,0,,0.00,0.00
مكتبة الباركود,,0,,0.00,0.00
مكتبة الباركود طباعة,,0,,0.00,0.00
مكون الباركود ديلفي7,,0,,0.00,0.00
مكيفية عمل باركود,,0,,0.00,0.00
مكينة طباعة الباركود اوفست,,0,,0.00,0.00
مكينه الحساب باركود للبيع,,0,,0.00,0.00
ملصق باركود رول,,0,,0.00,0.00
ملف pdf غلى باركود,,0,,0.00,0.00
ملف باركود اصناف,,0,,0.00,0.00
ملف باركود للجرد,,0,,0.00,0.00
ملفات مساعدة لطباعة بطاقات الباركود,,0,,0.00,0.00
مميزات تفعيل الباركود,,0,,0.00,0.00
من اسم الصنف اطلع الباركود,,0,,0.00,0.00
من اين احصل على الباركود,,0,,0.00,0.00
من اين احصل على باركود,,0,,0.00,0.00
منتجات باركود,,0,,0.00,0.00
منتجات جبل علي باركود 629,,0,,0.00,0.00
منجزاتي في باركود,,0,,0.00,0.00
منجزاتي في باركودي,,0,,0.00,0.00
منجزاتي في باركودي مبادرة,,0,,0.00,0.00
منصة عين باركود,,0,,0.00,0.00
منظمة الجوبير باركود,,0,,0.00,0.00
منظمة الجيبير باركود,,0,,0.00,0.00
موازين باركود للبيع,,0,,0.00,0.00
مواصفات السلعة عن طريق الباركود,,0,,0.00,0.00
مواصفات قارئ الباركود,,0,,0.00,0.00
مواقع انشاء باركود,,0,,0.00,0.00
مواقع برامج باركود,,0,,0.00,0.00
مواقع تصميم باركود,,0,,0.00,0.00
مواقع عمل باركود,,0,,0.00,0.00
مواقع لتوليد الباركود,,0,,0.00,0.00
مواقع لصناعة الباركود,,0,,0.00,0.00
مواقع لعمل الباركود,,0,,0.00,0.00
مواقع لعمل باركود,,0,,0.00,0.00
مواقع لعمل باركود مجاني,,0,,0.00,0.00
موبايل يصور باركود,,0,,0.00,0.00
موقع اختصار الباركود,,0,,0.00,0.00
موقع الاكتروني توليد باركود مجاني,,0,,0.00,0.00
موقع الختم الالكتروني الباركود,,0,,0.00,0.00
موقع الختم الالكتروني الباركود في الورقة,,0,,0.00,0.00
موقع الختم الالكتوني الباركود,,0,,0.00,0.00
موقع انشاء باركود بالعربي,,0,,0.00,0.00
موقع انشاء باركود لاي شيء تريد,,0,,0.00,0.00
موقع انشاء باركود مجاني rq,,0,,0.00,0.00
موقع انشاء باركود مجاني رفع صورة,,0,,0.00,0.00
موقع انشاء باركود مونكي,,0,,0.00,0.00
موقع او برنامج يحول الصورة للباركود,,0,,0.00,0.00
موقع باركود بالعربي,,0,,0.00,0.00
موقع باركود جينيتر,,0,,0.00,0.00
موقع باركود عربي مجاني,,0,,0.00,0.00
موقع باركود مع لوقو مجاني,,0,,0.00,0.00
موقع باركود ملون,,0,,0.00,0.00
موقع بليكرزطباعه الباركود,,0,,0.00,0.00
موقع بيانات باركود,,0,,0.00,0.00
موقع تحميل خطوط الباركود,,0,,0.00,0.00
موقع تحويل الصورة للباركود,,0,,0.00,0.00
موقع تحويل العرض التقديمي الى باركود,,0,,0.00,0.00
موقع تحويل بي دي اف للباركود,,0,,0.00,0.00
موقع تحويل صورة الى باركود,,0,,0.00,0.00
موقع تصميم باركود مجانا,,0,,0.00,0.00
موقع تصميم باركود ملونة,,0,,0.00,0.00
موقع توليد باركود,,0,,0.00,0.00
موقع حراج قارئ الباركود في جده,,0,,0.00,0.00
موقع رفع الملفات باركود,,0,,0.00,0.00
موقع شراء باركود,,0,,0.00,0.00
موقع صناعة الباركود صورة,,0,,0.00,0.00
موقع صورة الى باركود,,0,,0.00,0.00
موقع عربى لبرامج الباركود,,0,,0.00,0.00
موقع عربى لتحميل برامج الباركود,,0,,0.00,0.00
موقع عمل باركود خاص بي,,0,,0.00,0.00
موقع عمل باركود للروابط,,0,,0.00,0.00
موقع عمل باركود لمدة شهر,,0,,0.00,0.00
موقع عين تصوير الباركود,,0,,0.00,0.00
موقع عين للباركود,,0,,0.00,0.00
موقع فتج الباركود,,0,,0.00,0.00
موقع فتج الباركود بالكمبيوتر,,0,,0.00,0.00
موقع لإنشاء باركود,,0,,0.00,0.00
موقع لانشاء الباركود بشكل,,0,,0.00,0.00
موقع لانشاء الباركود لاي شي تريد,,0,,0.00,0.00
موقع لانشاء الباركود لاي شيء تريد,,0,,0.00,0.00
موقع لانشاء وطباعة باركود,,0,,0.00,0.00
موقع لتحويل باركود مزخرف,,0,,0.00,0.00
موقع لتحويل فديو لرابط باركود,,0,,0.00,0.00
موقع لتحويل فيديو الر الرباط الى باركود,,0,,0.00,0.00
موقع لتحويل فيديو الى الرابط الى باركود,,0,,0.00,0.00
موقع لتحويل ملف pdf الى باركود,,0,,0.00,0.00
موقع لتميم الباركود,,0,,0.00,0.00
موقع لتوليد باركود,,0,,0.00,0.00
موقع لتوليد باركود احادي,,0,,0.00,0.00
موقع لصناعة الباركود مجاني,,0,,0.00,0.00
موقع لصنع باركود مجاني,,0,,0.00,0.00
موقع لعمل الباركود للموظفين,,0,,0.00,0.00
موقع لعمل باركود qr pdf,,0,,0.00,0.00
موقع لعمل باركود شخصي,,0,,0.00,0.00
موقع لعمل باركود لرابط,,0,,0.00,0.00
موقع لعمل باركود للصور,,0,,0.00,0.00
موقع لعمل باركود لمنتج,,0,,0.00,0.00
موقع لعمل باركود لموقع,,0,,0.00,0.00
موقع لفتح الباركود,,0,,0.00,0.00
موقع لقراءة الباركود اون لاين,,0,,0.00,0.00
موقع لقراءة رقم الباركود,,0,,0.00,0.00
موقع لمعرفة الباركود,,0,,0.00,0.00
موقع مجانى لعمل الباركود والكيو ار كود,,0,,0.00,0.00
موقع مجاني او برنامج يحول الصورة للباركود,,0,,0.00,0.00
موقع مجاني لصناعة الباركود,,0,,0.00,0.00
موقع مجاني لصنع الباركود,,0,,0.00,0.00
موقع مجاني للباركود,,0,,0.00,0.00
موقع معرفة العطر الاصلي من الباركود,,0,,0.00,0.00
موقع ملصقات الباركود,,0,,0.00,0.00
موقع يحول الاسم الى باركود,,0,,0.00,0.00
موقع يحول الصورة للباركود,,0,,0.00,0.00
موقع يحويل الرابط الى باركود,,0,,0.00,0.00
موقع يصنع الباركود,,0,,0.00,0.00
موقع يصنع باركود,,0,,0.00,0.00
موقع يصنع باركود مجانان,,0,,0.00,0.00
موقع يطلع الباركود من اسم الصنف,,0,,0.00,0.00
موقع يولد باركود مجاني,,0,,0.00,0.00
مونكي الباركود,,0,,0.00,0.00
مياه نقي باركود,,0,,0.00,0.00
ميزان الكتروني بطابعة باركود gs-tm30a,,0,,0.00,0.00
ميزان الكتروني لطباعة الباركود,,0,,0.00,0.00
ميزان الكتروني لطباعة الباركود 300 kg,,0,,0.00,0.00
ميزان الكتروني لطباعة الباركود 300kg,,0,,0.00,0.00
ميزان باركود tm a,,0,,0.00,0.00
ميزان باركود الحراج,,0,,0.00,0.00
ميزان باركود مستعمل للبيع,,0,,0.00,0.00
ميزان باركود مكة,,0,,0.00,0.00
ميزان خضار بالباركود,,0,,0.00,0.00
ميزان وزن الكتروني وطباعة باركود,,0,,0.00,0.00
ميزان وزن صناعي مع طباعة باركود,,0,,0.00,0.00
نادي باركودا,,0,,0.00,0.00
نسخ الباركود على العلب,,0,,0.00,0.00
نسخ باركود فوكس سينما,,0,,0.00,0.00
نسخ باركود منتجات,,0,,0.00,0.00
نشاءه الباركود,,0,,0.00,0.00
نشاط باستخدام استراتيجية الباركود,,0,,0.00,0.00
نشر الباركود,,0,,0.00,0.00
نشر في برنامج في الباركود nsb,,0,,0.00,0.00
نشر في برنامج في الباركود في gap tفي nsb,,0,,0.00,0.00
نشر في برنامج في الباركود في gape tفي nsb,,0,,0.00,0.00
نشر في برنامج في الباركود في gape في nsb,,0,,0.00,0.00
نص الاستماع اختبار تقنيات نص الباركود,,0,,0.00,0.00
نص الاستماع الباركود عبدالالة العيسى,,0,,0.00,0.00
نص الاستماع الباركود عبدالالة العيسى تقنيات,,0,,0.00,0.00
نظام إدارة الأصول الباركود المشع.pdf,,0,,0.00,0.00
نظام الباركود العالمي,,0,,0.00,0.00
نظام الباركود اوراكل للمستودعات بالسعودية,,0,,0.00,0.00
نظام الباركود بالمستشفى,,0,,0.00,0.00
نظام الباركود بالمستشفى بالسعوديه,,0,,0.00,0.00
نظام الباركود في الصيدلية,,0,,0.00,0.00
نظام الباركود في المستشفيات,,0,,0.00,0.00
نظام الباركود في المستشفيات في السعودية,,0,,0.00,0.00
نظام الباركود في المستودعات في السعودية,,0,,0.00,0.00
نظام الباركود في مصادر التعلم,,0,,0.00,0.00
نظام الباركود لتدريب التقني,,0,,0.00,0.00
نظام الباركود للمستودعات,,0,,0.00,0.00
نظام الباركود للمستودعات بالسعودية,,0,,0.00,0.00
نظام التحضير بالباركود,,0,,0.00,0.00
نظام القارئ الباركود بالمستشفى بالسعوديه,,0,,0.00,0.00
نظام باركود التذاكر,,0,,0.00,0.00
نظام باركود فجوال بيسك يرتبط بقاعدة بيانات,,0,,0.00,0.00
نظام باركود فيجوال بيسك مرتبط بقاعدة بيانات,,0,,0.00,0.00
نظام باركود متكامل,,0,,0.00,0.00
نظام تسجيل الفواتير عن بعد قارى الباركود,,0,,0.00,0.00
نظام صحي متكامل مبني علي الباركود,,0,,0.00,0.00
نظام قارئ الباركود,,0,,0.00,0.00
نظام كاشيير باركود لمحلات الحلويات,,0,,0.00,0.00
نظام محاسبي باركود لمحلات الحلويات,,0,,0.00,0.00
نظام مدينة درة العروس الباركود,,0,,0.00,0.00
نقل الصور من الايفون للكمبيوتر بالباركود,,0,,0.00,0.00
نقل الملفات عن طريق الباركود,,0,,0.00,0.00
نماذج باركود,,0,,0.00,0.00
نماذج باركود a4,,0,,0.00,0.00
نماذج باركود للطباعة,,0,,0.00,0.00
نماذج قوقل واستخدام الباركود,,0,,0.00,0.00
نموذج باركود بيبسي,,0,,0.00,0.00
نموذج بطاقة باركود,,0,,0.00,0.00
نموذج حل نص الاستماع الباركود,,0,,0.00,0.00
نموذج حل نص الاستماع الباركود 2متوسط,,0,,0.00,0.00
نوع الباركود المستخدم في السعودية,,0,,0.00,0.00
نوع خط الباركود,,0,,0.00,0.00
هدف ميسي الباركود,,0,,0.00,0.00
هدية الباركود,,0,,0.00,0.00
هدية باركود,,0,,0.00,0.00
هكل الباركود,,0,,0.00,0.00
هل استطيع عمل باركود لعرض بوربوينت,,0,,0.00,0.00
هل استطيع معرفة المنتج الاصلي من رقم الباركود,,0,,0.00,0.00
هل اقدر اقرا الباركود,,0,,0.00,0.00
هل الباركود تقنية ولا استراتيجية,,0,,0.00,0.00
هل طباعه الباركود غير متاحه في النسخ التجريبيه للبرامج,,0,,0.00,0.00
هل قوقل درايف تدعم الباركود,,0,,0.00,0.00
هل قوقل درايف يدعم الباركود,,0,,0.00,0.00
هل لمبة الباركود مضرة,,0,,0.00,0.00
هل ممكن تحويل الفيديو الى باركود,,0,,0.00,0.00
هل ممكن عمل باركود لكل صفحات السوشيال,,0,,0.00,0.00
هل ممكن عمل باركود لكل صفحات السوشيالب,,0,,0.00,0.00
هل من الممكن ان يقوم السكانر بفصل الباركود تلقائي,,0,,0.00,0.00
هل هناك انواع للباركود,,0,,0.00,0.00
هل هناك غرامة على عدم وضع باركود,,0,,0.00,0.00
هل يتم تزوير الباركود,,0,,0.00,0.00
هل يحتاج الباركود لحساب في ققول,,0,,0.00,0.00
هل يعمل ماسح الباركود بدون كمبيوتر,,0,,0.00,0.00
هل يقرا الباركود من نفس شاشه الجوال,,0,,0.00,0.00
هل يقرا باركود من نفس شاشه الجوال,,0,,0.00,0.00
هل يمكن ان يحتوي الباركود على حروف,,0,,0.00,0.00
هل يمكن عمل باركود ل pdf,,0,,0.00,0.00
هل يمكن عمل باركود لكل صفحات السوشيال,,0,,0.00,0.00
هل يمكن عمل نظام باركود على الورد او الاكسل,,0,,0.00,0.00
هل يمكن قراءة الرقم السري للواى فاى بالباركود,,0,,0.00,0.00
هل يوجد باركود اوبر,,0,,0.00,0.00
هل يوجد باركود لتحميل اوبر ايتس,,0,,0.00,0.00
هل يوجد قارئ باركود في اللابتوب,,0,,0.00,0.00
همل باركود من الوورد,,0,,0.00,0.00
هواندي اكسنت2011 باركود,,0,,0.00,0.00
هوني ويل ماسح باركود,,0,,0.00,0.00
هيئة الغذاء والدواء اجبرت شركات الادويه بوضع باركود,,0,,0.00,0.00
هيئة الغذاء والدواء الباركود,,0,,0.00,0.00
هيئة الغذاء والدواء باركود المنتج,,0,,0.00,0.00
واتس اب بدون رقم الباركود,,0,,0.00,0.00
واتس اب للكمبيوتر باركود,,0,,0.00,0.00
واتس اب للكمبيوتر بالباركود,,0,,0.00,0.00
واتس اب للكمبيوتر بدون باركود,,0,,0.00,0.00
وثيقة القبول في الجرين من غير باركود,,0,,0.00,0.00
ورشة عمل عن الباركود,,0,,0.00,0.00
ورق باركود حجم a4,,0,,0.00,0.00
ورق باركود للنظارات,,0,,0.00,0.00
ورق باركود محلات النظارات,,0,,0.00,0.00
ورق باركود محلات النظارات جده,,0,,0.00,0.00
ورق باركود واحبار باركود gk420t,,0,,0.00,0.00
ورق باركود واحبار باركود gk420tp,,0,,0.00,0.00
ورق طابعة الباركود,,0,,0.00,0.00
ورق طابعة باركود,,0,,0.00,0.00
ورقة عمل بالباركود,,0,,0.00,0.00
وسيتم مسح الباركود المبين,,0,,0.00,0.00
وش افضل برنامج ماسح الباركود للاندرويد,,0,,0.00,0.00
وش فايدة الباركود,,0,,0.00,0.00
وضع الباركود,,0,,0.00,0.00
وضع باركود مع صورة,,0,,0.00,0.00
وضع صورة صغيرة داخل الباركود,,0,,0.00,0.00
وضع صورة في الباركود,,0,,0.00,0.00
وضع صورة في الباركود 4shared,,0,,0.00,0.00
وضع صورة في الباركود shared,,0,,0.00,0.00
وضع صورة في باركود,,0,,0.00,0.00
وضع فيديو بطريقة باركود,,0,,0.00,0.00
وكلاء احبار طابعات الباركود,,0,,0.00,0.00
وكيل سيجما السعودية باركود,,0,,0.00,0.00
وين احصل حبر ماكينة باركود رينر 970,,0,,0.00,0.00
وين القى باحث الباركود في جالكسي,,0,,0.00,0.00
يف اصيغ سؤال باركود,,0,,0.00,0.00
يف اعمل باركود,,0,,0.00,0.00
يوتيوب برنامج لعمل باركود بسهوله,,0,,0.00,0.00
يوتيوب طريقة تحميل قاري الباركود,,0,,0.00,0.00
يوتيوب طريقة تحويل النص الى باركود,,0,,0.00,0.00
يوتيوب طريقةاستخدام برنامج الباركود مونكي,,0,,0.00,0.00
يوتيوب كيفية تحميل برنامج قاري الباركود للكمبيوتر,,0,,0.00,0.00
يوتيوب موقع لعمل باركود بسهوله,,0,,0.00,0.00
١٠٠_يوم_برمجه بإذن الله 31 july والتسجيل عن طريق الباركود,,0,,0.00,0.00
