Keyword,Intent,Volume,Keyword Difficulty,CPC (USD),Competitive Density
تحويل التاريخ,Informational,450000,30,0.00,0.33
تحويل التاريخ من هجري الى ميلادي,Informational,165000,17,0.00,0.33
تحويل التاريخ من ميلادي الى هجري,Informational,74000,32,0.00,0.33
تحويل التاريخ من هجري لميلادي,Informational,74000,19,0.00,0.33
تحويل التاريخ الهجري الى ميلادي,Informational,27100,30,0.00,0.33
تحويل التاريخ من ميلادي لهجري,Informational,27100,35,0.00,0.33
تحويل التاريخ الهجري,Informational,22200,29,0.00,0.33
تحويل تاريخ هجري الى ميلادي,Informational,14800,23,0.00,0.33
تحويل التاريخ الهجري للميلادي,Informational,8100,32,0.00,0.33
تحويل التاريخ الهجري لميلادي,Informational,8100,32,0.00,0.33
تحويل التاريخ من هجري الى ميلادي مع البرج,Informational,8100,39,0.00,0.33
تحويل تاريخ هجري لميلادي,Informational,8100,25,0.00,0.33
تحويل تاريخ هجري ميلادي,Informational,8100,31,0.00,0.33
تحويل التاريخ الميلادي الى هجري,Informational,6600,33,0.00,0.33
تحويل التاريخ الهجري الى الميلادي,Informational,6600,42,0.00,0.33
تحويل تاريخ ميلادي الى هجري,Informational,5400,36,0.00,0.33
تحويل تاريخ ميلادي لهجري,Informational,4400,27,0.00,0.33
تحويل التاريخ من ميلادي الى هجري 2021,Informational,3600,30,0.01,0.00
تحويل تاريخ الميلاد من هجري الى ميلادي,Informational,3600,33,0.00,0.33
تحويل التاريخ ميلادي,Informational,2900,33,0.00,0.33
تحويل تاريخ الميلاد,Informational,2900,30,0.00,0.33
تحويل التاريخ الميلادي,Informational,2400,29,0.00,0.33
تحويل التاريخ ام القرى,Informational,2400,25,0.00,0.33
تحويل التاريخ بالميلادي,Informational,2400,33,0.00,0.00
تحويل التاريخ من ميلادي الي هجري,Informational,2400,29,0.00,0.33
تحويل التاريخ من هجري,Informational,2400,32,0.00,0.33
تحويل التاريخ من هجري الى ميلادي مع العمر,Informational,2400,37,0.00,0.33
تحويل التاريخ من الهجري للميلادي,Informational,1900,33,0.00,0.33
تحويل التاريخ من ميلادي الى هجري 2022,Informational,1900,40,0.00,0.00
تحويل التاريخ من هجري الى ميلادي العمر,Informational,1900,36,0.00,0.33
تحويل التاريخ من هجري الى ميلادي والعمر,Informational,1900,36,0.00,0.33
تحويل التاريخ من هجري الي ميلادي,Informational,1900,28,0.00,0.33
تحويل التاريخ الى ميلادي,Informational,1600,32,0.00,0.33
تحويل تاريخ اليوم هجري وميلادي,,1600,,0.00,0.33
تحويل تاريخ هجري,Informational,1600,31,0.00,0.33
تحويل من تاريخ هجري الى ميلادي,Informational,1600,27,0.00,0.33
تحويل التاريخ الميلادي للهجري,Informational,1300,28,0.00,0.33
تحويل التاريخ من الميلادي للهجري,Informational,1300,27,0.00,0.33
تحويل التاريخ من ميلادي,Informational,1300,27,0.00,0.33
تحويل التاريخ من ميلادي الى هجري 2016,Informational,1300,31,0.00,0.33
تحويل تاريخ الميلاد من ميلادي الى هجري,Informational,1300,33,0.00,0.33
تحويل تاريخ الميلاد من هجري لميلادي,Informational,1300,34,0.00,0.33
تاريخ الميلاد تحويل,Informational,1000,23,0.00,0.33
تاريخ تحويل,Informational,1000,33,0.00,0.33
تحويل التاريخ الميلادي بالهجري,Informational,1000,30,0.01,0.00
تحويل التاريخ الميلادي لهجري,Informational,1000,27,0.01,0.00
تحويل التاريخ من الميلادي الى الهجري,Informational,1000,31,0.00,0.33
تحويل التاريخ من ميلادي الى هجري العمر,Informational,1000,35,0.00,0.33
تحويل التاريخ الهجري اليوم,Informational,880,36,0.00,0.33
تحويل التاريخ الى هجري,Informational,880,39,0.00,0.33
تحويل التاريخ من الهجري الى الميلادي,Informational,880,33,0.00,0.33
تحويل تاريخ الميلاد من ميلادى لهجرى,Informational,880,30,0.00,0.33
تحويل تاريخ الميلاد من ميلادي للهجري,Informational,880,26,0.00,0.33
تحويل تاريخ اليوم ميلادي,Informational,880,27,0.00,0.33
تحويل التاريخ للميلادي,Informational,720,23,0.00,0.00
تحويل التاريخ من هجري إلى ميلادي,Informational,720,30,0.01,0.01
التاريخ الهجري تحويل,Informational,590,26,0.00,0.33
تاريخ الهجري تحويل,Informational,590,28,0.00,0.33
تاريخ اليوم هجري تحويل,Informational,590,29,0.00,0.33
تحويل التاريخ هجري وميلادي,Informational,590,29,0.00,0.33
تحويل تاريخ الميلاد الى ميلادي,Informational,590,29,0.00,0.33
تحويل تاريخ الميلاد من الميلادي للهجري,Informational,590,31,0.00,0.33
تحويل التاريخ أم القرى,Informational,480,15,0.00,0.00
تحويل التاريخ الميلادي الى الهجري,Informational,480,31,0.00,0.33
تحويل التاريخ من عربي لميلادي,Informational,480,30,0.00,0.33
تحويل التاريخ من هجري إلى ميلادي مع البرج,Informational,480,27,0.00,0.33
تحويل التاريخ من هجري للميلادي,Informational,480,31,0.00,0.00
تحويل تاريخ ام القرى,"Informational, Transactional",480,18,0.00,0.00
تحويل من التاريخ الهجري الى الميلادي,Informational,480,25,0.00,0.33
تحويل من تاريخ ميلادي لهجري,Informational,480,28,0.00,0.33
تحويل التاريخ من عربي الى انجليزي,Informational,390,27,0.00,0.33
تحويل التاريخ من ميلادي إلى هجري 2022,Informational,390,32,0.00,0.00
تحويل التاريخ من ميلادي الى هجري ام القرى,Informational,390,25,0.00,0.00
تحويل التاريخ من هجرى الى ميلادى,Informational,390,24,0.00,0.33
ام القرى تحويل التاريخ,Informational,320,14,0.00,0.33
تحويل التاريخ الميلادي الي هجري,Informational,320,28,0.00,0.33
تحويل التاريخ الهجري الى ميلادي والعكس,"Informational, Transactional",320,27,0.00,0.33
تحويل التاريخ الهجري الى ميلادي وحساب العمر,Informational,320,39,0.00,0.33
تحويل التاريخ الهجري بالميلادي,Informational,320,27,0.00,0.00
تحويل التاريخ الهجري ميلادي,Informational,320,30,0.00,0.00
تحويل التاريخ من الميلادي الى هجري,Informational,320,29,0.00,0.33
تحويل التاريخ من ميلادي إلى هجري 2021,Informational,320,34,0.01,0.01
تحويل تاريخ الميلاد الى هجري,Informational,320,30,0.00,0.00
تحويل تاريخ ميلادي من هجري الى ميلادي,Informational,320,28,0.00,0.01
تحويل تاريخ ميلادي هجري,Informational,320,26,0.00,0.00
تحويل من تاريخ ميلادي الى هجري,Informational,320,27,0.00,0.33
تحويل من تاريخ هجري لميلادي,Informational,320,31,0.00,0.33
تحويل تاريخ الميلاد بالميلادي,Informational,260,33,0.00,0.33
تحويل تاريخ الميلاد للميلادي,Informational,260,27,0.00,0.33
تحويل تاريخ اليوم هجري,Informational,260,27,0.00,0.00
التاريخ الهجري تحويل ميلادي,Informational,210,28,0.00,0.00
تحويل التاريخ الي ميلادي,Informational,210,31,0.00,0.33
تحويل التاريخ تقويم ام القرى,"Informational, Transactional",210,18,0.00,0.33
تحويل التاريخ من عربي الى ميلادي,Informational,210,23,0.00,0.33
تحويل التاريخ من هجري لميلادي وحساب العمر,Informational,210,36,0.00,0.33
تحويل تاريخ الميلاد بالهجري,Informational,210,36,0.00,0.33
تحويل تاريخ ميلادي من هجري لميلادي,Informational,210,34,0.00,0.33
تحويل تاريخ هجري الي ميلادي,Informational,210,29,0.00,0.33
التاريخ الهجري والميلادي تحويل,Informational,170,26,0.00,0.33
التاريخ تحويل من هجري الى ميلادي,Informational,170,29,0.00,0.33
التحويل من التاريخ الميلادي للهجري,Informational,170,23,0.00,0.33
تاريخ تحويل من هجري الى ميلادي,Informational,170,29,0.00,0.33
تحويل التاريخ الميلادي من الهجري للميلادي,Informational,170,38,0.00,0.00
تحويل التاريخ من انجليزي الى عربي,Informational,170,30,0.00,0.33
تحويل التاريخ من ميلادي للهجري,Informational,170,34,0.00,0.00
تحويل التاريخ من هجرى لميلادى,Informational,170,25,0.00,0.33
تحويل التاريخ من هجري ل ميلادي,Informational,170,34,0.00,0.33
تحويل التاريخ والابراج,Informational,170,28,0.00,0.00
تحويل تاريخ الميلاد من الميلادي الى الهجري,Informational,170,23,0.00,0.33
تحويل تاريخ هجري شمسي الى ميلادي,Informational,170,21,0.00,0.33
تقويم ام القرى تحويل التاريخ,Informational,170,23,0.00,0.33
التاريخ الهجري تحويل للميلادي,Informational,140,33,0.00,0.00
التاريخ الهجري للميلادي تحويل,Informational,140,33,0.00,0.00
تاريخ الهجري تحويل ميلادي,Informational,140,33,0.00,0.01
تاريخ تحويل القبلة,Informational,140,17,0.00,0.00
تحويل التاريخ الهجري الى ميلادي العمر,Informational,140,39,0.00,0.33
تحويل التاريخ من,Informational,140,26,0.00,0.33
تحويل التاريخ من الهجري,Informational,140,25,0.00,0.33
تحويل التاريخ من الهجري الى ميلادي,Informational,140,28,0.00,0.33
تحويل التاريخ من ميلادي الى الهجري,Informational,140,25,0.00,0.00
تحويل التاريخ من ميلادي الى هجري مع العمر,Informational,140,34,0.00,0.33
تحويل التاريخ من هجري الى ميلادي ام القرى,Informational,140,22,0.00,0.33
تحويل تاريخ الميلاد من الهجري للميلادي,Informational,140,30,0.00,0.33
معادلة تحويل التاريخ من هجري إلى ميلادي,"Informational, Transactional",140,17,0.01,0.00
التحويل التاريخ من هجري الى ميلادي,,110,,0.00,0.33
تاريخ الهجري بالميلادي تحويل,Informational,110,33,0.00,0.00
تاريخ اليوم ميلادي تحويل,Informational,110,33,0.00,0.33
تاريخ ميلادي تحويل,Informational,110,31,0.00,0.33
تحويل التاريخ العربي الى انجليزي,Informational,110,45,0.00,0.33
تحويل التاريخ الميلادي إلى الهجري,Informational,110,33,0.00,0.33
تحويل التاريخ الي هجري,Informational,110,28,0.00,0.33
تحويل التاريخ من الهجري إلى الميلادي,Informational,110,27,0.00,0.00
تحويل التاريخ من هجري الى ميلادي وحساب العمر,Informational,110,42,0.00,0.00
تحويل التاريخ من هجري ميلادي,Informational,110,24,0.00,0.00
تحويل تاريخ اليوم ميلادي وهجري,,110,,0.00,0.33
تحويل تاريخ عربي الى انجليزي,Informational,110,31,0.00,0.33
تحويل تاريخ ميلاد هجري الى ميلادي,Informational,110,30,0.00,0.33
تحويل تاريخ ميلادي للهجري,Informational,110,27,0.00,0.00
تحويل تاريخ ميلادي من ميلادي الى هجري,,110,,0.00,0.33
تحويل من ميلادي الى هجري تاريخ,Informational,110,33,0.00,0.33
تاريخ اليوم هجري وميلادي تحويل,,90,,0.00,0.00
تاريخ تحويل من هجري لميلادي,,90,,0.00,0.33
تاريخ هجري تحويل ميلادي,,90,,0.00,0.33
تحويل التاريخ الهجري الى ميلادي والبرج,,90,,0.00,0.33
تحويل التاريخ حساب العمر,,90,,0.00,0.01
تحويل التاريخ من ميلادي الى هجري من هجري الى ميلادي,,90,,0.00,0.33
تحويل التاريخ من ميلادي الى هجري وحساب العمر,,90,,0.00,0.00
تحويل التاريخ من ميلادي لهجري وحساب العمر,,90,,0.00,0.33
تحويل التاريخ من هجري لميلاد,,90,,0.00,0.02
تحويل التاريخ وحساب العمر,,90,,0.00,0.01
تحويل تاريخ الميلاد من الهجري الى الميلادي,,90,,0.00,0.33
تحويل تاريخ ميلادي الي هجري,,90,,0.00,0.33
تحويل من التاريخ الهجري للميلادي,,90,,0.00,0.33
تحويل التاريخ من هجري الى ميلادي والعكس,,70,,0.00,0.17
تحويل تاريخ ميلادي من ميلادي لهجري,,70,,0.00,0.33
تحويل التاريخ من الميلاد الى الهجري,,50,,0.00,0.33
تحويل التاريخ من هجري الى الميلادي,,50,,0.00,0.33
تحويل التاريخ العبري,,40,,0.00,0.33
تحويل التاريخ الميلادي من هجري الى ميلادي,,40,,0.00,0.00
تحويل التاريخ بيسيات,,40,,0.00,0.33
تحويل التاريخ عربي ميلادي,,40,,0.00,0.33
تحويل التاريخ من هجري لميلادي مع البرج,,40,,0.00,0.33
تحويل التاريخ ميلادي الهجري,,40,,0.00,0.33
تحويل التاريخ ميلادي وهجري,,40,,0.00,0.01
تحويل تاريخ اليوم هجري الى ميلادي,,40,,0.00,0.00
التاريخ تحويل ميلادي,,30,,0.00,0.33
التحويل من التاريخ الميلادي الى الهجري,,30,,0.00,0.01
التحويل من التاريخ الهجري للتاريخ الميلادي,,30,,0.00,0.33
برنامج تحويل التاريخ الهجري الى الميلادي,,30,,0.00,0.02
برنامج تحويل التاريخ الهجري الى ميلادي,,30,,0.00,0.00
برنامج تحويل التاريخ من هجري الى ميلادي,,30,,0.00,0.03
برنامج تحويل تاريخ الميلاد من هجري الى ميلادي,,30,,0.00,0.33
تاريخ الميلاد بالهجري تحويل,,30,,0.00,0.33
تاريخ اليوم الهجري والميلادي تحويل,,30,,0.00,0.06
تاريخ ام القرى تحويل,,30,,0.00,0.33
تاريخ تحويل الهجري,,30,,0.00,0.33
تاريخ تحويل هجري ميلادي,,30,,0.00,0.33
تاريخ ميلادي تحويل هجري,,30,,0.00,0.33
تحميل تحويل التاريخ,,30,,0.00,0.04
تحويل التاريخ العربي الى الانجليزي,,30,,0.00,0.00
تحويل التاريخ الميلادي الى القمري,,30,,0.00,0.33
تحويل التاريخ الميلادي الى هجري شمسي,,30,,0.00,0.33
تحويل التاريخ الميلادي الى هجري وحساب العمر,,30,,0.00,0.33
تحويل التاريخ الهجرى والميلادى,,30,,0.00,0.00
تحويل التاريخ الهجري الى الميلادي 2019,,30,,0.00,0.33
تحويل التاريخ الهجري للميلادي ومعرفة البرج,,30,,0.00,0.33
تحويل التاريخ الهجري لميلادي مع البرج,,30,,0.00,0.33
تحويل التاريخ الهجري مع البرج,,30,,0.00,0.33
تحويل التاريخ الهجري والبرج,,30,,0.00,0.33
تحويل التاريخ الى الابراج,,30,,0.00,0.01
تحويل التاريخ الى انجليزي,,30,,0.00,0.33
تحويل التاريخ الى ايام,,30,,0.00,0.33
تحويل التاريخ مع معرفة البرج,,30,,0.00,0.33
تحويل التاريخ من العربي الى الانجليزي,,30,,0.00,0.33
تحويل التاريخ من ميلادي الهجري,,30,,0.00,0.33
تحويل التاريخ من ميلادي الى عبري,,30,,0.00,0.33
تحويل التاريخ من ميلادي الى هجري excel,,30,,0.00,0.33
تحويل التاريخ من ميلادي لي هجري,,30,,0.00,0.00
تحويل التاريخ من ه,,30,,0.00,0.33
تحويل التاريخ من هجري الى ميلادي excel,,30,,0.00,0.33
تحويل التاريخ من هجري الى ميلادي تقويم ام القرى,,30,,0.00,0.33
تحويل التاريخ من هجري الى ميلادي نداء الايمان,,30,,0.00,0.33
تحويل التاريخ من هجري الى ميلادي ومعرفة العمر,,30,,0.00,0.33
تحويل التاريخ من هجري لا ميلادي,,30,,0.00,0.33
تحويل التاريخ من هجري لميلادي excel,,30,,0.00,0.33
تحويل التاريخ من هجري لميلادي برج,,30,,0.00,0.33
تحويل التاريخ من هجري لميلادي ومعرفة برجي,,30,,0.00,0.33
تحويل التاريخ موقع الاسلام,,30,,0.00,0.00
تحويل التاريخ ميلادي عربي,,30,,0.00,0.33
تحويل التاريخ ومعرفة العمر,,30,,0.00,0.33
تحويل العملات بتاريخ سابق,,30,,0.00,0.00
تحويل تاريخ العمر من هجري الى ميلادي,,30,,0.00,0.33
تحويل تاريخ الميلاد الهجري بالميلادي,,30,,0.00,0.33
تحويل تاريخ الميلاد مع البرج,,30,,0.00,0.33
تحويل تاريخ الميلاد من الهجري,,30,,0.00,0.33
تحويل تاريخ الميلاد من هجري,,30,,0.00,0.33
تحويل تاريخ الميلاد من هجري إلى ميلادي,,30,,0.00,0.33
تحويل تاريخ الميلاد من هجري للميلادي,,30,,0.00,0.33
تحويل تاريخ الميلاد وحساب العمر,,30,,0.00,0.33
تحويل تاريخ الولاده من الميلادي للهجري,,30,,0.00,0.33
تحويل تاريخ ميلادي الى الهجري,,30,,0.00,0.33
تحويل تاريخ هجرى الى ميلادى,,30,,0.00,0.01
تحويل تحويل التاريخ,,30,,0.00,0.33
تحويل من تاريخ ميلادي الى تاريخ هجري,,30,,0.00,0.33
تحويل من عربي الى انجليزي تاريخ,,30,,0.00,0.33
تحويل من هجري لميلادي التاريخ,,30,,0.00,0.33
تطبيق تحويل التاريخ,,30,,0.00,0.33
طريقة تحويل التاريخ من الهجري الى الميلادي,,30,,0.00,0.33
طريقه تحويل تاريخ الميلاد من هجري الى ميلادي,,30,,0.00,0.33
التاريخ الميلادي تحويل هجري,,20,,0.00,0.33
التاريخ الهجري اليوم تحويل,,20,,0.00,0.33
التحويل التاريخ الهجري,,20,,0.00,0.02
التحويل التاريخ من عربي الى انجليزي,,20,,0.00,0.33
التحويل التاريخ من ميلادي الى هجري,,20,,0.00,0.33
التحويل بين التاريخ الهجري والميلادي,,20,,0.00,0.02
التحويل للتاريخ الميلادي,,20,,0.00,0.00
التحويل من التاريخ الهجري إلى الميلادي,,20,,0.00,0.33
برنامج تحويل التاريخ,,20,,0.00,0.03
برنامج تحويل التاريخ الميلادي الى هجري,,20,,0.00,0.05
برنامج تحويل التاريخ الميلادي الى هجري للكمبيوتر,,20,,0.00,0.33
برنامج تحويل التاريخ الهجري للميلادي,,20,,0.00,0.33
برنامج تحويل التاريخ الهجري لميلادي,,20,,0.00,0.33
برنامج تحويل التاريخ الهجري والميلادي,,20,,0.00,0.33
برنامج تحويل التاريخ للكمبيوتر,,20,,0.00,0.33
برنامج تحويل التاريخ من الهجري الى الميلادي,,20,,0.00,0.33
برنامج تحويل التاريخ من ميلادي لهجري,,20,,0.00,0.00
برنامج تحويل التاريخ من هجري الى ميلادي للايفون,,20,,0.00,0.00
برنامج تحويل التاريخ من هجري لميلادي,,20,,0.00,0.02
برنامج تحويل تاريخ ميلادي الى هجري,,20,,0.00,0.07
برنامج تحويل تاريخ هجري الى ميلادي,,20,,0.00,0.33
تاريخ الميلادي تحويل هجري ميلادي,,20,,0.00,0.33
تاريخ الهجري والميلادي تحويل,,20,,0.00,0.04
تاريخ اليوم تحويل,,20,,0.00,0.33
تاريخ اليوم ميلادي وهجري تحويل,,20,,0.00,0.30
تاريخ تحويل التاريخ,,20,,0.00,0.33
تاريخ تحويل الرواتب من هجري الى ميلادي,,20,,0.00,0.33
تاريخ تحويل الهجري الى ميلادي,,20,,0.00,0.33
تاريخ تحويل هجري,,20,,0.00,0.33
تاريخ عربي انجليزي تحويل,,20,,0.00,0.33
تاريخ ميلادي بالهجري تحويل,,20,,0.00,0.33
تاريخ ميلادي هجري تحويل,,20,,0.00,0.33
تاريخ هجري الى ميلادي تحويل,,20,,0.00,0.33
تاريخ هجري تحويل,,20,,0.00,0.33
تاريخ هجري وميلادي تحويل,,20,,0.00,0.33
تحميل برنامج تحويل التاريخ,,20,,0.00,0.11
تحميل برنامج تحويل التاريخ الهجري الى ميلادي,,20,,0.00,0.10
تحميل برنامج تحويل التاريخ الهجري الى ميلادي للكمبيوتر,,20,,0.00,0.05
تحويل التاريخ اكسل,,20,,0.00,0.33
تحويل التاريخ الإثيوبي إلى الميلادي,,20,,0.00,0.33
تحويل التاريخ الاثيوبي الى الميلادي,,20,,0.00,0.33
تحويل التاريخ الانجليزي الى عربي,,20,,0.00,0.33
تحويل التاريخ الايمان,,20,,0.00,0.33
تحويل التاريخ البرج,,20,,0.00,0.33
تحويل التاريخ الدقيق,,20,,0.00,0.33
تحويل التاريخ الشمسي الى ميلادي,,20,,0.00,0.33
تحويل التاريخ العربي,,20,,0.00,0.33
تحويل التاريخ العربي الى ميلادي,,20,,0.00,0.33
تحويل التاريخ العربي للميلادي,,20,,0.00,0.33
تحويل التاريخ العربي لميلادي,,20,,0.00,0.33
تحويل التاريخ العمر,,20,,0.00,0.33
تحويل التاريخ الفارسي الى الميلادي,,20,,0.00,0.33
تحويل التاريخ الفارسي الى ميلادي,,20,,0.00,0.33
تحويل التاريخ الميلادي الهجري,,20,,0.00,0.33
تحويل التاريخ الميلادي الى ابراج,,20,,0.00,0.33
تحويل التاريخ الميلادي الى التاريخ الهجري,,20,,0.00,0.33
تحويل التاريخ الميلادي الى الهجري المغرب,,20,,0.00,0.33
تحويل التاريخ الميلادي الى تاريخ هجري,,20,,0.00,0.33
تحويل التاريخ الميلادي الى شمسي,,20,,0.00,0.33
تحويل التاريخ الميلادي الى قمري,,20,,0.00,0.33
تحويل التاريخ الميلادي الى هجري 2020,,20,,0.00,0.33
تحويل التاريخ الميلادي الى هجري ام القرى,,20,,0.00,0.33
تحويل التاريخ الميلادي هجري,,20,,0.00,0.00
تحويل التاريخ اله ري الي ميلادي,,20,,0.00,0.33
تحويل التاريخ الهجري إلى الميلادي,,20,,0.00,0.33
تحويل التاريخ الهجري الميلادي,,20,,0.00,0.33
تحويل التاريخ الهجري الى,,20,,0.00,0.33
تحويل التاريخ الهجري الى الابراج,,20,,0.00,0.00
تحويل التاريخ الهجري الى الميلادي اليوم,,20,,0.00,0.33
تحويل التاريخ الهجري الى الميلادي مع البرج,,20,,0.00,0.33
تحويل التاريخ الهجري الى الميلادي ومعرفة البرج,,20,,0.00,0.33
تحويل التاريخ الهجري الى برج,,20,,0.00,0.33
تحويل التاريخ الهجري الى تاريخ ميلادي,,20,,0.00,0.33
تحويل التاريخ الهجري الى ميلادي المغرب,,20,,0.00,0.33
تحويل التاريخ الهجري الى ميلادي ام القرى,,20,,0.00,0.33
تحويل التاريخ الهجري الى ميلادي تقويم ام القرى,,20,,0.00,0.33
تحويل التاريخ الهجري الى ميلادي في excel,,20,,0.00,0.33
تحويل التاريخ الهجري الى ميلادي مع البرج,,20,,0.00,0.33
تحويل التاريخ الهجري الى ميلادي مع العمر,,20,,0.00,0.33
تحويل التاريخ الهجري الى ميلادي ومعرفة البرج,,20,,0.00,0.33
تحويل التاريخ الهجري اليوم في السعودية,,20,,0.00,0.33
تحويل التاريخ الهجري للميلادي ام القرى,,20,,0.00,0.07
تحويل التاريخ الهجري للميلادي مع البرج,,20,,0.00,0.00
تحويل التاريخ الهجري للميلادي والابراج,,20,,0.00,0.33
تحويل التاريخ الهجري لميلادي حساب العمر,,20,,0.00,0.33
تحويل التاريخ الهجري والميلادي 2018,,20,,0.00,0.33
تحويل التاريخ الهجري والميلادي 2019,,20,,0.00,0.33
تحويل التاريخ الهجري والميلادي اليوم,,20,,0.00,0.33
تحويل التاريخ الى ابراج,,20,,0.00,0.01
تحويل التاريخ الى الميلادي,,20,,0.00,0.33
تحويل التاريخ الى الهجري,,20,,0.00,0.33
تحويل التاريخ الى عدد ايام,,20,,0.00,0.00
تحويل التاريخ الى عربي,,20,,0.00,0.33
تحويل التاريخ الى ميلادي في الايفون,,20,,0.00,0.33
تحويل التاريخ الى ميلادي ومعرفة البرج,,20,,0.00,0.33
تحويل التاريخ الى يوم,,20,,0.00,0.33
تحويل التاريخ ام القري,,20,,0.00,0.00
تحويل التاريخ بالميلادي الى الهجري,,20,,0.00,0.00
تحويل التاريخ بالميلادي او بالهجري,,20,,0.00,0.33
تحويل التاريخ باليوم,,20,,0.00,0.33
تحويل التاريخ حسب تقويم ام القرى,,20,,0.00,0.33
تحويل التاريخ دقيق جدا,,20,,0.00,0.33
تحويل التاريخ ساندروز,,20,,0.00,0.33
تحويل التاريخ عربي الى ميلادي,,20,,0.00,0.33
تحويل التاريخ عربي انجليزي,,20,,0.00,0.33
تحويل التاريخ في الاكسل,,20,,0.00,0.33
تحويل التاريخ للابراج,,20,,0.00,0.33
تحويل التاريخ للميلادي ومعرفة البرج,,20,,0.00,0.33
تحويل التاريخ مع الابراج,,20,,0.00,0.33
تحويل التاريخ مع البرج,,20,,0.00,0.33
تحويل التاريخ معتمد,,20,,0.00,0.33
تحويل التاريخ من الشمسي الى الميلادي,,20,,0.00,0.33
تحويل التاريخ من العربي الى الميلادي,,20,,0.00,0.33
تحويل التاريخ من الميلادي الى الشمسي,,20,,0.00,0.33
تحويل التاريخ من الميلادي الى الهجري 2018,,20,,0.00,0.33
تحويل التاريخ من الميلادي الي الهجري,,20,,0.00,0.33
تحويل التاريخ من الهجري الى الميلادي ام القرى,,20,,0.00,0.33
تحويل التاريخ من الهجري الى الميلادي ومن الميلادي الى الهجري,,20,,0.00,0.33
تحويل التاريخ من الهجري الى ميلادي وحساب العمر,,20,,0.00,0.33
تحويل التاريخ من الهجري الي ميلادي,,20,,0.00,0.33
تحويل التاريخ من الهجري للميلادي مع البرج,,20,,0.00,0.33
تحويل التاريخ من الهجري للميلادي والبرج,,20,,0.00,0.33
تحويل التاريخ من الهجري للميلادي وحساب العمر,,20,,0.00,0.33
تحويل التاريخ من الهجري للميلادي ومعرفة البرج,,20,,0.00,0.33
تحويل التاريخ من الهجري لميلادي,,20,,0.00,0.00
تحويل التاريخ من انجليزي لعربي,,20,,0.00,0.33
تحويل التاريخ من عربي,,20,,0.00,0.33
تحويل التاريخ من عربي الي ميلادي,,20,,0.00,0.33
تحويل التاريخ من عربي لانجليزي,,20,,0.00,0.33
تحويل التاريخ من عربي لهجري,,20,,0.00,0.33
تحويل التاريخ من ميلادي الى,,20,,0.00,0.33
تحويل التاريخ من ميلادي الى شمسي,,20,,0.00,0.33
تحويل التاريخ من ميلادي الى عربي,,20,,0.00,0.33
تحويل التاريخ من ميلادي الى قمري,,20,,0.00,0.33
تحويل التاريخ من ميلادي الى هجري 2014,,20,,0.00,0.33
تحويل التاريخ من ميلادي الى هجري 2017,,20,,0.00,0.33
تحويل التاريخ من ميلادي الى هجري 2018,,20,,0.00,0.33
تحويل التاريخ من ميلادي الى هجري 2019,,20,,0.00,0.33
تحويل التاريخ من ميلادي الى هجري 2020,,20,,0.00,0.33
تحويل التاريخ من ميلادي الى هجري حسب تقويم ام القرى,,20,,0.00,0.33
تحويل التاريخ من ميلادي الى هجري في الاكسل,,20,,0.00,0.33
تحويل التاريخ من ميلادي الى هجري في الايفون,,20,,0.00,0.33
تحويل التاريخ من ميلادي الى هجري مع البرج,,20,,0.00,0.33
تحويل التاريخ من ميلادي الى هجري والبرج,,20,,0.00,0.33
تحويل التاريخ من ميلادي الى هجري ومعرفة البرج,,20,,0.00,0.33
تحويل التاريخ من ميلادي الى هجري ومعرفة اليوم,,20,,0.00,0.33
تحويل التاريخ من ميلادي لهجر,,20,,0.00,0.33
تحويل التاريخ من ميلادي لهجري ام القرى,,20,,0.00,0.00
تحويل التاريخ من ميلادي لهجري مع البرج,,20,,0.00,0.33
تحويل التاريخ من ميلادي لهجري ومعرفة البرج,,20,,0.00,0.00
تحويل التاريخ من هجرى,,20,,0.00,0.00
تحويل التاريخ من هجرى الى ميلادي,,20,,0.00,0.00
تحويل التاريخ من هجري ال,,20,,0.00,0.33
تحويل التاريخ من هجري الى,,20,,0.00,0.33
تحويل التاريخ من هجري الى ابراج,,20,,0.00,0.33
تحويل التاريخ من هجري الى انجليزي,,20,,0.00,0.33
تحويل التاريخ من هجري الى شمسي,,20,,0.00,0.33
تحويل التاريخ من هجري الى عربي,,20,,0.00,0.33
تحويل التاريخ من هجري الى ميلا,,20,,0.00,0.33
تحويل التاريخ من هجري الى ميلادي 1438,,20,,0.00,0.33
تحويل التاريخ من هجري الى ميلادي على الكمبيوتر,,20,,0.00,0.33
تحويل التاريخ من هجري الى ميلادي في excel,,20,,0.00,0.33
تحويل التاريخ من هجري الى ميلادي في excel 2016,,20,,0.00,0.33
تحويل التاريخ من هجري الى ميلادي في اكسل,,20,,0.00,0.33
تحويل التاريخ من هجري الى ميلادي في الايفون,,20,,0.00,0.33
تحويل التاريخ من هجري الى ميلادي في الكمبيوتر,,20,,0.00,0.33
تحويل التاريخ من هجري الى ميلادي لمعرفة البرج,,20,,0.00,0.33
تحويل التاريخ من هجري الى ميلادي مع الابراج,,20,,0.00,0.33
تحويل التاريخ من هجري الى ميلادي والابراج,,20,,0.00,0.33
تحويل التاريخ من هجري الى ميلادي والبرج,,20,,0.00,0.33
تحويل التاريخ من هجري الى ميلادي وبرجي,,20,,0.00,0.33
تحويل التاريخ من هجري الى ميلادي ومعرفة البرج,,20,,0.00,0.33
تحويل التاريخ من هجري الى ميلادي ومن ميلادي الى هجري,,20,,0.00,0.33
تحويل التاريخ من هجري الى ميلادي ويندوز 10,,20,,0.00,0.00
تحويل التاريخ من هجري الى ميلادي ويندوز 7,,20,,0.00,0.33
تحويل التاريخ من هجري الى ميلادي ١٤٤٠,,20,,0.00,0.33
تحويل التاريخ من هجري الى هجري,,20,,0.00,0.33
تحويل التاريخ من هجري لعربي,,20,,0.00,0.33
تحويل التاريخ من هجري لميلادي ام القرى,,20,,0.00,0.33
تحويل التاريخ من هجري لميلادي تقويم ام القرى,,20,,0.00,0.33
تحويل التاريخ من هجري لميلادي دقيق,,20,,0.00,0.33
تحويل التاريخ من هجري لميلادي في الاكسل,,20,,0.00,0.33
تحويل التاريخ من هجري لميلادي في الايفون,,20,,0.00,0.33
تحويل التاريخ من هجري لميلادي للايفون,,20,,0.00,0.33
تحويل التاريخ من هجري لميلادي مع الابراج,,20,,0.00,0.33
تحويل التاريخ من هجري لميلادي مع اليوم,,20,,0.00,0.00
تحويل التاريخ من هجري لميلادي مع حساب العمر,,20,,0.00,0.33
تحويل التاريخ من هجري لميلادي مع معرفة البرج,,20,,0.00,0.33
تحويل التاريخ من هجري لميلادي والابراج,,20,,0.00,0.33
تحويل التاريخ من هجري لميلادي والبرج,,20,,0.00,0.33
تحويل التاريخ من هجري لميلادي ومعرفة البرج,,20,,0.00,0.33
تحويل التاريخ من هجري وميلادي,,20,,0.00,0.00
تحويل التاريخ ميلادي من الهجري للميلادي,,20,,0.00,0.00
تحويل التاريخ نداء,,20,,0.00,0.33
تحويل التاريخ هجري الى ميلادي ام القرى,,20,,0.00,0.33
تحويل التاريخ هجري لميلادي ومعرفة البرج,,20,,0.00,0.33
تحويل التاريخ هجري ميلادي تاريخ اليوم تحويل التقويم الهجري والميلادي,,20,,0.00,0.33
تحويل التاريخ والبرج,,20,,0.00,0.33
تحويل التاريخ والعمر,,20,,0.00,0.33
تحويل العمر من تاريخ هجري الى ميلادي,,20,,0.00,0.33
تحويل العملات حسب التاريخ,,20,,0.00,0.33
تحويل الميلادي الى التاريخ الهجري,,20,,0.00,0.33
تحويل الهجري الي التاريخ الميلادي,,20,,0.00,0.33
تحويل الى التاريخ الهجري,,20,,0.00,0.33
تحويل الى تاريخ ميلادي,,20,,0.00,0.33
تحويل الى تاريخ هجري,,20,,0.00,0.33
تحويل بين تاريخين,,20,,0.00,0.33
تحويل تاريخ العمر من الهجري للميلادي,,20,,0.00,0.33
تحويل تاريخ الميلاد الميلادي الى هجري,,20,,0.00,0.33
تحويل تاريخ الميلاد الهجري,,20,,0.00,0.33
تحويل تاريخ الميلاد الهجري الى ميلادي,,20,,0.00,0.33
تحويل تاريخ الميلاد الى العمر,,20,,0.00,0.33
تحويل تاريخ الميلاد الى الهجري,,20,,0.00,0.33
تحويل تاريخ الميلاد الى برج,,20,,0.00,0.00
تحويل تاريخ الميلاد الى عمر,,20,,0.00,0.33
تحويل تاريخ الميلاد الي هجري,,20,,0.00,0.01
تحويل تاريخ الميلاد بالانجليزي,,20,,0.00,0.33
تحويل تاريخ الميلاد للهجري,,20,,0.00,0.00
تحويل تاريخ الميلاد من العربي الى الانجليزي,,20,,0.00,0.33
تحويل تاريخ الميلاد من انجليزي الى عربي,,20,,0.00,0.33
تحويل تاريخ الميلاد من عربي الى انجليزي,,20,,0.00,0.33
تحويل تاريخ الميلاد من عربي الى ميلادي,,20,,0.00,0.33
تحويل تاريخ الميلاد من عربي لانجليزي,,20,,0.00,0.33
تحويل تاريخ الميلاد من عربي لميلادي,,20,,0.00,0.33
تحويل تاريخ الميلاد من هجري الى ميلادي ومعرفة البرج,,20,,0.00,0.33
تحويل تاريخ الميلاد من هجري الي ميلادي,,20,,0.00,0.33
تحويل تاريخ الميلاد من هجري لميلادي لمعرفة البرج,,20,,0.00,0.33
تحويل تاريخ الميلاد والبرج,,20,,0.00,0.33
تحويل تاريخ الميلادي الى هجري,,20,,0.00,0.01
تحويل تاريخ الهجري الميلادي,,20,,0.00,0.33
تحويل تاريخ الولاده من هجري الى ميلادي,,20,,0.00,0.33
تحويل تاريخ الى هجري,,20,,0.00,0.01
تحويل تاريخ اليوم الهجري,,20,,0.00,0.33
تحويل تاريخ اليوم الهجري والميلادي,,20,,0.00,0.33
تحويل تاريخ اليوم ميلادي رقمي,,20,,0.00,0.33
تحويل تاريخ ايراني الى ميلادي,,20,,0.00,0.33
تحويل تاريخ من الهجري الى الميلادي,,20,,0.00,0.01
تحويل تاريخ من عربي لانجليزي,,20,,0.00,0.33
تحويل تاريخ من هجري للميلادي,,20,,0.00,0.33
تحويل تاريخ من هجري لميلادي لمعرفة البرج,,20,,0.00,0.33
تحويل تاريخ ميلادك الهجري الى ميلادي,,20,,0.00,0.33
تحويل تاريخ ميلادك من الميلادي للهجري,,20,,0.00,0.33
تحويل تاريخ ميلادك من هجري الى ميلادي,,20,,0.00,0.33
تحويل تاريخ ميلادي الهجري لميلادي,,20,,0.00,0.33
تحويل تاريخ ميلادي الى تاريخ هجري,,20,,0.00,0.33
تحويل تاريخ ميلادي الى شمسي,,20,,0.00,0.33
تحويل تاريخ ميلادي بالهجري,,20,,0.00,0.00
تحويل تاريخ ميلادي من الميلادي الى الهجري,,20,,0.00,0.33
تحويل تاريخ ميلادي من الهجري الى الميلادي,,20,,0.00,0.33
تحويل تاريخ ميلادي من الهجري للميلادي,,20,,0.00,0.33
تحويل تاريخ هجري الى ميلادي مع البرج,,20,,0.00,0.33
تحويل تاريخ هجري الى ميلادي والبرج,,20,,0.00,0.00
تحويل تاريخ هجري من ميلادي,,20,,0.00,0.33
تحويل تاريخي بالميلادي,,20,,0.00,0.33
تحويل عربي انجليزي تاريخ,,20,,0.00,0.33
تحويل من التاريخ الهجري الي الميلادي,,20,,0.00,0.33
تحويل من تاريخ,,20,,0.00,0.33
تحويل من تاريخ الميلادي الى الهجري,,20,,0.00,0.01
تحويل من تاريخ عربي الى انجليزي,,20,,0.00,0.33
تحويل من تاريخ ميلادي الى هجري شمسي,,20,,0.00,0.33
تحويل من تاريخ هجري,,20,,0.00,0.33
تحويل من تاريخ هجري الي ميلادي,,20,,0.00,0.33
تحويل من تاريخ هجري لتاريخ ميلادي,,20,,0.00,0.33
تحويل من تاريخ هجري ميلادي,,20,,0.00,0.33
تطبيق تحويل التاريخ من هجري الى ميلادي,,20,,0.00,0.13
تنزيل برنامج تحويل التاريخ من هجري الى ميلادي,,20,,0.00,0.33
دالة تحويل التاريخ الهجري الى ميلادي,,20,,0.00,0.33
رابط تحويل التاريخ من هجري الى ميلادي,,20,,0.00,0.33
طريقة تحويل التاريخ الميلادي الى هجري,,20,,0.00,0.00
طريقة تحويل التاريخ الهجري الى ميلادي,,20,,0.00,0.33
طريقة تحويل التاريخ في الاكسل,,20,,0.00,0.33
طريقة تحويل التاريخ من ميلادي الى هجري,,20,,0.00,0.33
طريقة تحويل التاريخ من ميلادي لهجري,,20,,0.00,0.33
طريقة تحويل التاريخ من هجري الى ميلادي,,20,,0.00,0.33
طريقة تحويل تاريخ الميلاد من الهجري للميلادي,,20,,0.00,0.33
طريقة تحويل تاريخ هجري الى ميلادي,,20,,0.00,0.33
طريقه تحويل التاريخ من الميلادي للهجري,,20,,0.00,0.00
قوقل تحويل التاريخ,,20,,0.00,0.33
كيفية تحويل التاريخ الميلادي الى هجري,,20,,0.00,0.33
كيفية تحويل التاريخ الهجري الى ميلادي,,20,,0.00,0.33
كيفية تحويل التاريخ من ميلادي الى هجري,,20,,0.00,0.33
كيفية تحويل التاريخ من هجري الى ميلادي,,20,,0.00,0.33
كيفيه تحويل التاريخ من ميلادي لهجري,,20,,0.00,0.04
معادلة تحويل التاريخ الميلادي الى هجري,,20,,0.00,0.33
معادلة تحويل التاريخ من ميلادي الى هجري,,20,,0.00,0.33
معادلة تحويل التاريخ من هجري الى ميلادي,,20,,0.00,0.33
موقع ام القرى تحويل التاريخ,,20,,0.00,0.33
موقع تحويل التاريخ,,20,,0.00,0.33
موقع تحويل التاريخ الميلادي الى هجري,,20,,0.00,0.33
موقع تحويل التاريخ الهجري الى ميلادي,,20,,0.00,0.33
موقع تحويل التاريخ من هجري الى ميلادي,,20,,0.00,0.33
نداء الايمان تحويل التاريخ,,20,,0.00,0.33
افضل موقع تحويل التاريخ,,10,,0.00,0.00
الباحث الاسلامي تحويل التاريخ,,10,,0.00,0.00
التاريخ الهجري الميلادي تحويل,,10,,0.00,0.33
التاريخ الهجري تحويل الى ميلادي,,10,,0.00,0.07
التاريخ الهجري والميلادي اليوم تحويل,,10,,0.00,0.04
التحويل التاريخ الميلادي للهجري,,10,,0.00,0.33
التحويل للتاريخ الهجري,,10,,0.00,0.00
التحويل من التاريخ الميلادي الى هجري,,10,,0.00,0.33
التحويل من التاريخ الميلادي للتاريخ الهجري,,10,,0.00,0.01
التحويل من التاريخ الهجري,,10,,0.00,0.33
التقويم الهجري والميلادي تحويل التاريخ,,10,,0.00,0.00
برنامج تحويل التاريخ الميلادي الى الهجري,,10,,0.00,0.07
برنامج تحويل التاريخ الميلادي للهجري,,10,,0.00,0.00
برنامج تحويل التاريخ الميلادي لهجري,,10,,0.00,0.00
برنامج تحويل التاريخ الهجري الى ميلادي للكمبيوتر,,10,,0.00,0.00
برنامج تحويل التاريخ من الهجري للميلادي,,10,,0.00,0.33
برنامج تحويل التاريخ من ميلادي الى هجري,,10,,0.00,0.33
برنامج تحويل التاريخ من هجري الى ميلادي للكمبيوتر,,10,,0.00,0.00
تاريخ الهجري اليوم تحويل,,10,,0.00,0.33
تاريخ اليوم الهجري تحويل,,10,,0.00,0.33
تاريخ هجري ميلادي تحويل,,10,,0.00,0.33
تحويل التاريخ الميلادى الى هجرى التقويم,,10,,0.00,0.33
تحويل التاريخ الميلادي الى الهجري بالمغرب,,10,,0.00,0.00
تحويل التاريخ الميلادي الى هجري في الاكسل,,10,,0.00,0.33
تحويل التاريخ الميلادي الى هجري مع اليوم,,10,,0.00,0.33
تحويل التاريخ الميلادي من ميلادي لهجري,,10,,0.00,0.00
تحويل التاريخ النيبالي إلى ميلادي,,10,,0.00,0.33
تحويل التاريخ الهجرى للميلادي,,10,,0.00,0.00
تحويل التاريخ الهجري الى ابراج,,10,,0.00,0.00
تحويل التاريخ الهجري الى التاريخ الميلادي,,10,,0.00,0.33
تحويل التاريخ الهجري ام القرى,,10,,0.00,0.33
تحويل التاريخ الهجري ل ميلادي,,10,,0.00,0.33
تحويل التاريخ الهجري للتاريخ الميلادي,,10,,0.00,0.33
تحويل التاريخ الهجري لميلادي والبرج,,10,,0.00,0.00
تحويل التاريخ الهجري لميلادي ومعرفة البرج,,10,,0.00,0.00
تحويل التاريخ الهجري وحساب العمر,,10,,0.00,0.00
تحويل التاريخ الى برج,,10,,0.00,0.33
تحويل التاريخ باليوم والشهر والسنة,,10,,0.00,0.33
تحويل التاريخ قوقل,,10,,0.00,0.33
تحويل التاريخ لمعرفة البرج,,10,,0.00,0.33
تحويل التاريخ من العربي للميلادي,,10,,0.00,0.33
تحويل التاريخ من الفارسي الى الميلادي,,10,,0.00,0.33
تحويل التاريخ من الميلادي,,10,,0.00,0.33
تحويل التاريخ من الهجري الى الميلادي مع البرج,,10,,0.00,0.33
تحويل التاريخ من الهجري الى الميلادي ومعرفة البرج,,10,,0.00,0.33
تحويل التاريخ من ميلادي الى سرياني,,10,,0.00,0.33
تحويل التاريخ من ميلادي الى ميلادي,,10,,0.00,0.33
تحويل التاريخ من ميلادي الى هجري 2012,,10,,0.00,0.33
تحويل التاريخ من ميلادي الى هجري 2013,,10,,0.00,0.33
تحويل التاريخ من ميلادي الى هجري الابراج,,10,,0.00,0.00
تحويل التاريخ من ميلادي الى هجري برج,,10,,0.00,0.00
تحويل التاريخ من ميلادي الى هجري ومن هجري الى ميلادي,,10,,0.00,0.00
تحويل التاريخ من هجري الميلادي,,10,,0.00,0.33
تحويل التاريخ من هجري الى ميلادي 1440,,10,,0.00,0.33
تحويل التاريخ من هجري الى ميلادي 2015,,10,,0.00,0.00
تحويل التاريخ من هجري الى ميلادي 2016,,10,,0.00,0.00
تحويل التاريخ من هجري الى ميلادي بالارقام,,10,,0.00,0.33
تحويل التاريخ من هجري الى ميلادي بشكل دقيق,,10,,0.00,0.00
تحويل التاريخ من هجري الى ميلادي تسعه,,10,,0.00,0.00
تحويل التاريخ من هجري الى ميلادي دقيق,,10,,0.00,0.00
تحويل التاريخ من هجري الى ميلادي للابراج,,10,,0.00,0.00
تحويل التاريخ من هجري الى ميلادي مرتب,,10,,0.00,0.00
تحويل التاريخ من هجري الى ميلادي مع حساب العمر,,10,,0.00,0.33
تحويل التاريخ من هجري الى ميلادي مع معرفة البرج,,10,,0.00,0.33
تحويل التاريخ من هجري الى ميلادي معرفة البرج,,10,,0.00,0.33
تحويل التاريخ من هجري لميلادي ومعرفة العمر,,10,,0.00,0.33
تحويل التاريخ هجري ميلادي ام القرى,,10,,0.00,0.33
تحويل التاريخ ومعرفة البرج,,10,,0.00,0.33
تحويل تاريخ الميلاد إلى الهجري,,10,,0.00,0.33
تحويل تاريخ الميلاد الهجري لميلادي,,10,,0.00,0.33
تحويل تاريخ الميلاد لميلادي,,10,,0.00,0.33
تحويل تاريخ الميلاد من الهجري الى ميلادي,,10,,0.00,0.33
تحويل تاريخ الميلاد من الهجري لميلادي,,10,,0.00,0.00
تحويل تاريخ الميلاد هجري,,10,,0.00,0.00
تحويل تاريخ اليوم,,10,,0.00,0.33
تحويل تاريخ اليوم الهجري الى ميلادي,,10,,0.00,0.06
تحويل تاريخ اليوم ميلادي الى هجري,,10,,0.00,0.33
تحويل تاريخ عربي انجليزي,,10,,0.00,0.33
تحويل تاريخ ميلادك,,10,,0.00,0.33
تحويل تاريخ ميلادي الى هجري شمسي,,10,,0.00,0.01
تحويل تاريخ ميلادي بالميلادي,,10,,0.00,0.33
تحويل تاريخ هجري الى ميلادي ام القرى,,10,,0.00,0.33
تحويل تاريخ هجري للميلادي,,10,,0.00,0.00
تحويل من التاريخ الهجري الى ميلادي,,10,,0.00,0.33
تحويل من انجليزي الى عربي تاريخ,,10,,0.00,0.33
تطبيق تحويل التاريخ من هجري لميلادي,,10,,0.00,0.00
دالة تحويل التاريخ من هجري الى ميلادي,,10,,0.00,0.33
طريقة تحويل التاريخ الهجري للميلادي,,10,,0.00,0.00
طريقة تحويل التاريخ من هجري لميلادي,,10,,0.00,0.33
قاعدة تحويل التاريخ الميلادي الى الهجري,,10,,0.00,0.00
كيف يتم تحويل التاريخ من هجري الى ميلادي,,10,,0.00,0.33
معادلة تحويل التاريخ الهجري الى ميلادي,,10,,0.00,0.01
معادلة تحويل التاريخ من هجري الى ميلادي excel,,10,,0.00,0.33
من هجري الى ميلادي تحويل التاريخ,,10,,0.00,0.33
موقع تحويل التاريخ من ميلادي الى هجري,,10,,0.00,0.33
هجري الى ميلادي تحويل التاريخ,,10,,0.00,0.33
هجري ميلادي تحويل التاريخ,,10,,0.00,0.33
0.تحويل التاريخ,,0,,0.00,0.00
02 12 1429 تحويل التاريخ الهجري,,0,,0.00,0.00
04-03-2019 تحويل التاريخ,,0,,0.00,0.00
06 09 1438 تحويل التاريخ الهجري,,0,,0.00,0.00
1 1 1413 تحويل تاريخ,,0,,0.00,0.00
1 11 1987 تحويل الي تاريخ هج,,0,,0.00,0.00
10 02 1414 تحويل التاريخ,,0,,0.00,0.00
10 10 2017 تحويل التاريخ الهجري,,0,,0.00,0.00
13 06 1439 تحويل التاريخ الهجري,,0,,0.00,0.00
1424 10 25 تحويل التاريخ الهجري الى ميلادي,,0,,0.00,0.00
1435 08 08 تحويل التاريخ,,0,,0.00,0.00
1435 08 08 تحويل التاريخ للميلادي,,0,,0.00,0.00
1436 09 29 تحويل تاريخ هجري,,0,,0.00,0.00
1440 05 17 تحويل التاريخ ميلادي,,0,,0.00,0.00
1440 07 26 تحويل التاريخ,,0,,0.00,0.00
17 2 2013 تحويل التاريخ الهجري,,0,,0.00,0.00
18 5 1415 تحويل التاريخ,,0,,0.00,0.00
19 أبريل تحويل التاريخ,,0,,0.00,0.00
1985 تحويل التاريخ,,0,,0.00,0.00
2016 11 21 تحويل التاريخ,,0,,0.00,0.00
21 05 2017 تحويل التاريخ,,0,,0.00,0.00
21 7 2016 تحويل التاريخ الهجري,,0,,0.00,0.00
27 02 2017 تحويل التاريخ,,0,,0.00,0.00
28 04 2019 تحويل التاريخ,,0,,0.00,0.00
8 تحويل التاريخ,,0,,0.00,0.00
8يوليو تحويل التاريخ لهجري,,0,,0.00,0.00
9 تحويل التاريخ,,0,,0.00,0.00
eman تحويل التاريخ p 39,,0,,0.00,0.00
excel تحويل التاريخ الى نص,,0,,0.00,0.00
excel تحويل التاريخ ملف,,0,,0.00,0.00
excel تحويل التاريخ ملف برمجة,,0,,0.00,0.00
google تحويل التاريخ,,0,,0.00,0.00
islamicfinder تحويل التاريخ,,0,,0.00,0.00
j تحويل التاريخ,,0,,0.00,0.00
jp تحويل التاريخ,,0,,0.00,0.00
php تحويل التاريخ من ميلادي الى هجري,,0,,0.00,0.00
q تحويل التاريخ&rlz 1c1ejfa_ensa763,,0,,0.00,0.00
أم القرى تحويل التاريخ من هجري لميلادي,,0,,0.00,0.00
إقامة تحويل تاريخ,,0,,0.00,0.00
ادق تحويل التاريخ,,0,,0.00,0.00
ادق موقع تحويل التاريخ,,0,,0.00,0.00
اريد تحويل تاريخ من هجري الى ميلادي,,0,,0.00,0.00
اسهل برنامج تحويل التاريخ الهجري,,0,,0.00,0.00
اشتهر بالتاريخ بتحويل التراب إلى ذهب,,0,,0.00,0.00
افضل برنامج تحويل التاريخ,,0,,0.00,0.00
افضل تحويل التاريخ,,0,,0.00,0.00
افضل تحويل للتاريخ,,0,,0.00,0.00
اكسس تحويل التاريخ,,0,,0.00,0.00
اكسس تحويل التاريخ من ام القرى الى ميلادي,,0,,0.00,0.00
اكسل تحويل التاريخ,,0,,0.00,0.00
اكسل تحويل التاريخ الى يوم,,0,,0.00,0.00
اكسل تحويل التاريخ جاهز,,0,,0.00,0.00
اكسل تحويل التاريخ من الهجري الي ميلادي,,0,,0.00,0.00
اكسل تحويل التاريخ من اليسار لليمين,,0,,0.00,0.00
اكسل تحويل التاريخ من هجري إلى ميلادي,,0,,0.00,0.00
اكسل تحويل التاريخ من هجري ميلادي,,0,,0.00,0.00
اكسل تحويل رقم إلى تاريخ,,0,,0.00,0.00
اكسل تحويل نص إلى تاريخ,,0,,0.00,0.00
التاريخ الجولياني تحويل,,0,,0.00,0.00
التاريخ الميادي تحويل,,0,,0.00,0.00
التاريخ الميلادي بالانجليزي تحويل,,0,,0.00,0.00
التاريخ الميلادي تحويله الي الهجري اليوم,,0,,0.00,0.00
التاريخ الميلادي وتحويله للهجري,,0,,0.00,0.00
التاريخ الهجرى تحويل,,0,,0.00,0.00
التاريخ الهجري التاريخ 1 1439 تحويل التاريخ الهجري شمسي,,0,,0.00,0.00
التاريخ الهجري تحويله بالميلادي,,0,,0.00,0.00
التاريخ الهجري لليوم تحويل,,0,,0.00,0.00
التاريخ الهجري والميلادي 2017 تحويل,,0,,0.00,0.00
التاريخ الهجري والميلادي التحويل,,0,,0.00,0.00
التاريخ الهجري والميلادي تحويل العمر,,0,,0.00,0.00
التاريخ الهجري وتحويله لميلادي,,0,,0.00,0.00
التاريخ الهجلاري تحويل,,0,,0.00,0.00
التاريخ اليوم هجري تحويل,,0,,0.00,0.00
التاريخ بالعربي تحويل,,0,,0.00,0.00
التاريخ باللغة العربية تحويل,,0,,0.00,0.00
التاريخ بالميلادي تحويل هجري,,0,,0.00,0.00
التاريخ بالميلادي والهجري تحويل,,0,,0.00,0.00
التاريخ تحويل للميلادي,,0,,0.00,0.00
التاريخ عربي تحويل,,0,,0.00,0.00
التاريخ ميلادي تحويل,,0,,0.00,0.00
التاريخ هجري تحويل ميلادي,,0,,0.00,0.00
التحويل التاريخ gov,,0,,0.00,0.00
التحويل التاريخ الميلاد للهجري,,0,,0.00,0.00
التحويل التاريخ الميلادي الى الهجري,,0,,0.00,0.00
التحويل التاريخ الهجري الى الميلادي,,0,,0.00,0.00
التحويل التاريخ الهجري اليوم,,0,,0.00,0.00
التحويل التاريخ الهجري لميلادي,,0,,0.00,0.00
التحويل التاريخ من الميلادي الى الهجري,,0,,0.00,0.00
التحويل التاريخ من الهجري الي الميلاد,,0,,0.00,0.00
التحويل التاريخ من الهجري للميلادي,,0,,0.00,0.00
التحويل الدقيق الى التاريخ,,0,,0.00,0.00
التحويل الى تاريخ ميلادي,,0,,0.00,0.00
التحويل بالتاريخ الهجري,,0,,0.00,0.00
التحويل بين التاريخ,,0,,0.00,0.00
التحويل بين التاريخ الهجري للميلادي,,0,,0.00,0.00
التحويل بين التاريخ الهجري و الميلادي,,0,,0.00,0.00
التحويل بين التاريخين,,0,,0.00,0.00
التحويل بين التاريخين الهجري والميلادي,,0,,0.00,0.00
التحويل تاريخ,,0,,0.00,0.00
التحويل تاريخ الميلاد من هجري لميلادي,,0,,0.00,0.00
التحويل تاريخ هجري الى ميلادي,,0,,0.00,0.00
التحويل للتاريخ من هجري على ميلادي,,0,,0.00,0.00
التحويل من التاريخ الصيني للميلادي,,0,,0.00,0.00
التحويل من التاريخ القبطي للميلادي,,0,,0.00,0.00
التحويل من التاريخ الملادى الى الهجرى,,0,,0.00,0.00
التحويل من التاريخ الميلادى الى الهجرى,,0,,0.00,0.00
التحويل من التاريخ الميلادي إلى التاريخ الهجري,,0,,0.00,0.00
التحويل من التاريخ الميلادي الى الابراج,,0,,0.00,0.00
التحويل من التاريخ الميلادي الي الهجري,,0,,0.00,0.00
التحويل من التاريخ الميلادي للعبري,,0,,0.00,0.00
التحويل من التاريخ الميلادي لهجري,,0,,0.00,0.00
التحويل من التاريخ الهجرى الى التاريخ الميلادى,,0,,0.00,0.00
التحويل من التاريخ الهجرى للميلادى,,0,,0.00,0.00
التحويل من التاريخ الهجري إلى العبري,,0,,0.00,0.00
التحويل من التاريخ للميلادي للعبري,,0,,0.00,0.00
التحويل من التاريخ ميلادي الهجري,,0,,0.00,0.00
التحويل من تاريخ الميلادي الى الهجري,,0,,0.00,0.00
التحويل من تاريخ الهجري الى الميلادي,,0,,0.00,0.00
التحويل من تاريخ الهجري للميلادي,,0,,0.00,0.00
التحويل من تاريخ عربي الى انجليزي,,0,,0.00,0.00
التحويل من تاريخ ميلادي الي تاريخ هجري,,0,,0.00,0.00
التحويل من تاريخ ميلادي للهجري,,0,,0.00,0.00
التحويل من تاريخ هجرى الى ميلادى,,0,,0.00,0.00
التحويل من تاريخ هجري اتلي ميلادي,,0,,0.00,0.00
التحويل من تاريخ هجري الى ميلادي في اكسل,,0,,0.00,0.00
التحويل من تاريخ هجري لتاريخ ميلادي,,0,,0.00,0.00
التحويل من عربي الى انجليزي تاريخ,,0,,0.00,0.00
التطور التاريخي للصناعة التحويلية السعودية,,0,,0.00,0.00
التقويم الهجري تحويل التاريخ,,0,,0.00,0.00
التقويم الهجري والميلادي تحويل التاريخ أهم التواريخ والأحداث في الإسلام,,0,,0.00,0.00
الكلية التقنية تحويل التاريخ,,0,,0.00,0.00
ام القرى التاريخ الهجرى تحويل,,0,,0.00,0.00
انشاء برنامج تحويل التاريخ,,0,,0.00,0.00
اوراكل تجاوز الخطأ عند تحويل التاريخ الميلادي لهجري,,0,,0.00,0.00
اوراكل تجاوز الخطاء عند تحويل التاريخ الميلادي لهجري,,0,,0.00,0.00
ايجاد الفرق بين تاريخين وتحويلة ليوم شهر سنة,,0,,0.00,0.00
ايصال تحويل بنك الراجحي بالتاريخ اليوم,,0,,0.00,0.00
بالاكسيل كيفية تحويل التاريخ من هجري الى ميلادي,,0,,0.00,0.00
برامج تحويل التاريخ من ميلادي لهجري,,0,,0.00,0.00
برنامج التحويل للتاريخ الهجري,,0,,0.00,0.00
برنامج التحويل من التاريخ الهجري الى الميلادي,,0,,0.00,0.00
برنامج التحويل من تاريخ هجري الى ميلادي,,0,,0.00,0.00
برنامج تحويل التاريخ العربي الى ميلادي,,0,,0.00,0.00
برنامج تحويل التاريخ الميلادى الى هجرى,,0,,0.00,0.00
برنامج تحويل التاريخ الميلادي إلى هجري والعكس,,0,,0.00,0.00
برنامج تحويل التاريخ الميلادي الى هجري للاندرويد,,0,,0.00,0.00
برنامج تحويل التاريخ الميلادي الى هجري للايفون,,0,,0.00,0.00
برنامج تحويل التاريخ الميلادي للهجري للايفون,,0,,0.00,0.00
برنامج تحويل التاريخ الهجرى,,0,,0.00,0.00
برنامج تحويل التاريخ الهجرى الى ميلادى,,0,,0.00,0.00
برنامج تحويل التاريخ الهجري,,0,,0.00,0.00
برنامج تحويل التاريخ الهجري إلى الميلادي,,0,,0.00,0.00
برنامج تحويل التاريخ الهجري الى تاريخ ميلادي والعكس,,0,,0.00,0.00
برنامج تحويل التاريخ الهجري الى ميلادي للاندرويد,,0,,0.00,0.00
برنامج تحويل التاريخ الهجري الى ميلادي للايفون,,0,,0.00,0.00
برنامج تحويل التاريخ الهجري والتاريخ الميلادي,,0,,0.00,0.00
برنامج تحويل التاريخ ام القرى,,0,,0.00,0.00
برنامج تحويل التاريخ دقيق,,0,,0.00,0.00
برنامج تحويل التاريخ عبدالمجيد الشتري,,0,,0.00,0.00
برنامج تحويل التاريخ عبدالمجيد الشتري للكمبيوتر,,0,,0.00,0.00
برنامج تحويل التاريخ فجول بيسك,,0,,0.00,0.00
برنامج تحويل التاريخ في الفيجوال بيسك,,0,,0.00,0.00
برنامج تحويل التاريخ في الفيجوال بيسك youtube,,0,,0.00,0.00
برنامج تحويل التاريخ فيجوال بيسك 2010,,0,,0.00,0.00
برنامج تحويل التاريخ للاندرويد,,0,,0.00,0.00
برنامج تحويل التاريخ للايفون,,0,,0.00,0.00
برنامج تحويل التاريخ للجوال,,0,,0.00,0.00
برنامج تحويل التاريخ للميلادي,,0,,0.00,0.00
برنامج تحويل التاريخ لمجموعة تواريخ,,0,,0.00,0.00
برنامج تحويل التاريخ لويندوز 7,,0,,0.00,0.00
برنامج تحويل التاريخ من الميلادي الى الهجري,,0,,0.00,0.00
برنامج تحويل التاريخ من الميلادي للهجري,,0,,0.00,0.33
برنامج تحويل التاريخ من الهجري الى الميلادي للايفون,,0,,0.00,0.00
برنامج تحويل التاريخ من انجليزي الى عربي,,0,,0.00,0.00
برنامج تحويل التاريخ من عربي الى انجليزي,,0,,0.00,0.00
برنامج تحويل التاريخ من عربي لانجليزي,,0,,0.00,0.00
برنامج تحويل التاريخ من عربي لميلادي,,0,,0.00,0.00
برنامج تحويل التاريخ من ميلادي الى هجري 2016,,0,,0.00,0.00
برنامج تحويل التاريخ من ميلادي الى هجري 2018,,0,,0.00,0.00
برنامج تحويل التاريخ من ميلادي الي هجري للايفون,,0,,0.00,0.00
برنامج تحويل التاريخ من هجري إلى ميلادي,,0,,0.00,0.00
برنامج تحويل التاريخ من هجري الى ميلادي 2011,,0,,0.00,0.00
برنامج تحويل التاريخ من هجري الى ميلادي ايفون,,0,,0.00,0.00
برنامج تحويل التاريخ من هجري الى ميلادي تحميل,,0,,0.00,0.00
برنامج تحويل التاريخ من هجري الى ميلادي للاندرويد,,0,,0.00,0.00
برنامج تحويل التاريخ من هجري الى ميلادي للجوال,,0,,0.00,0.00
برنامج تحويل التاريخ من هجري الى ميلادي نداء الايمان,,0,,0.00,0.00
برنامج تحويل التاريخ من هجري الى ميلادي وحساب العمر,,0,,0.00,0.00
برنامج تحويل التاريخ من هجري لميلادي والعكس,,0,,0.00,0.00
برنامج تحويل التاريخ ميلادي هجري,,0,,0.00,0.00
برنامج تحويل التاريخ هجري الى ميلادي,,0,,0.00,0.00
برنامج تحويل التاريخ هجري ميلادي,,0,,0.00,0.00
برنامج تحويل التاريخ وحساب العمر,,0,,0.00,0.00
برنامج تحويل المسافة التاريخ الوزن,,0,,0.00,0.00
برنامج تحويل تاريخ الميلاد الى هجري,,0,,0.00,0.00
برنامج تحويل تاريخ الميلاد من الميلادي الى الهجري,,0,,0.00,0.00
برنامج تحويل تاريخ الميلاد من الميلادي للهجري,,0,,0.00,0.00
برنامج تحويل تاريخ الميلاد من الهجري الى الميلادي,,0,,0.00,0.00
برنامج تحويل تاريخ الميلاد من الهجري للميلادي,,0,,0.00,0.00
برنامج تحويل تاريخ الميلاد من ميلادي الى هجري,,0,,0.00,0.07
برنامج تحويل تاريخ الميلاد من ميلادي لهجري,,0,,0.00,0.00
برنامج تحويل تاريخ من ميلادي الى هجري,,0,,0.00,0.00
برنامج تحويل تاريخ هجري لميلادي,,0,,0.00,0.00
برنامج تحويل كل التاريخ من هجري الى ميلادي,,0,,0.00,0.00
برنامج تحويل من التاريخ الميلادي الى الهجري,,0,,0.00,0.00
برنامج تحويل من التاريخ الهجري الى الميلادي,,0,,0.00,0.00
برنامج تحويل من تاريخ ميلادي الى هجري,,0,,0.00,0.00
برنامج تحويل من تاريخ هجري الى ميلادي,,0,,0.00,0.00
برنامج حساب العمر بالهجري والميلادي وتحويل تاريخ الميلاد,,0,,0.00,0.00
برنامج سكراتش تحويل التاريخ الهجري الى ميلادي,,0,,0.00,0.00
برنامج مجانى تحويل التاريخ من هجري الى ميلادي,,0,,0.00,0.00
ت تحويل التاريخ الى هجري,,0,,0.00,0.00
تاج تحويل التاريخ,,0,,0.00,0.00
تاريخ 05 02 1414 تحويل للميلادي,,0,,0.00,0.00
تاريخ 19 jul 2018 تحويل للهجري,,0,,0.00,0.00
تاريخ اتاحة التحويل الى انتظام جامعة الدمام,,0,,0.00,0.00
تاريخ التحويل الى انتظام جامعة الدمام,,0,,0.00,0.00
تاريخ التحويل جامعة الملك عبدالعزيز,,0,,0.00,0.00
تاريخ التحويل جامعة فيصل,,0,,0.00,0.00
تاريخ التحويل لجامعة الامام,,0,,0.00,0.00
تاريخ التقويم الميلادي تحويل هجري,,0,,0.00,0.00
تاريخ الميلاد بالهجري وتحويله بالميلادي,,0,,0.00,0.00
تاريخ الميلاد تحويل هجري,,0,,0.00,0.00
تاريخ الهجري تحويل الميلادي,,0,,0.00,0.00
تاريخ الهجري تحويل للميلادي,,0,,0.00,0.00
تاريخ الهجري تحويله,,0,,0.00,0.00
تاريخ الهجري ميلادي تحويل,,0,,0.00,0.00
تاريخ اليوم بالتفصيل تحويل,,0,,0.00,0.00
تاريخ اليوم بالميلادي تحويل,,0,,0.00,0.00
تاريخ اليوم هجري ام القرى تحويل,,0,,0.00,0.00
تاريخ اليوم هجري ميلادي تحويل,,0,,0.00,0.00
تاريخ انتهاء الهوية تحويل للانجليزي,,0,,0.00,0.00
تاريخ انتهاء تحويل التخصصات جامعة الطائف 2019,,0,,0.00,0.00
تاريخ بالهجري تحويل,,0,,0.00,0.00
تاريخ بداية التحويل من تخصص الى اخر,,0,,0.00,0.00
تاريخ تحويل التاريخ الهجري,,0,,0.00,0.00
تاريخ تحويل التاريخ من ميلادي لهجري,,0,,0.00,0.00
تاريخ تحويل السجل,,0,,0.00,0.00
تاريخ تحويل الطالبات من مدارس,,0,,0.00,0.00
تاريخ تحويل جامعة القاهرة فرع الخرطوم إلى جامعة النيلين,,0,,0.00,0.00
تاريخ جامعة الملك عبدالعزيز التحويل الخارجي,,0,,0.00,0.00
تاريخ عربي تحويل,,0,,0.00,0.00
تاريخ عمليه التحويل,,0,,0.00,0.00
تاريخ فتح التحويل الداخلي جامعة الملك عبد العزيز,,0,,0.00,0.00
تاريخ فتح التحويل الداخلي منتديات جامعة الملك عبد العزيز,,0,,0.00,0.00
تاريخ مواعيد التحويل لجامعة الباحة هذا السنه,,0,,0.00,0.00
تاريخ ميلادي اليوم تحويل,,0,,0.00,0.00
تاريخ هجري 1426 9 4 تحويل ميلادي,,0,,0.00,0.00
تاريخ ٢٠ ٤ ١٤٤١ تحويل بالميلادي,,0,,0.00,0.00
تحميل برنامج التحويل من التاريخ الهجري الى الميلادي,,0,,0.00,0.00
تحميل برنامج تحويل التاريخ الميلادي الى هجري,,0,,0.00,0.00
تحميل برنامج تحويل التاريخ الهجرى الى ميلادى,,0,,0.00,0.00
تحميل برنامج تحويل التاريخ الهجري الى الميلادي,,0,,0.00,0.00
تحميل برنامج تحويل التاريخ الهجري الى ميلادي free download,,0,,0.00,0.00
تحميل برنامج تحويل التاريخ الهجري الى ميلادي h-g,,0,,0.00,0.00
تحميل برنامج تحويل التاريخ للكمبيوتر,,0,,0.00,0.00
تحميل برنامج تحويل التاريخ من الهجري الى الميلادي,,0,,0.00,0.00
تحميل برنامج تحويل التاريخ من ميلادي الى هجري 2016,,0,,0.00,0.00
تحميل برنامج تحويل التاريخ من ميلادي لهجري,,0,,0.00,0.00
تحميل برنامج تحويل التاريخ من هجري الى ميلادي,,0,,0.00,0.33
تحميل برنامج تحويل التاريخ من هجري الى ميلادي للكمبيوتر,,0,,0.00,0.00
تحميل برنامج تحويل التاريخ من هجري الى ميلادي مجانا,,0,,0.00,0.00
تحميل برنامج تحويل التاريخ من هجري الى ميلادي وحساب العمر,,0,,0.00,0.00
تحميل برنامج تحويل التاريخ هجري ميلادي ميلادي هجري,,0,,0.00,0.00
تحميل برنامج تحويل تاريخ الميلاد من هجري الى ميلادي,,0,,0.00,0.00
تحميل برنامج رائع تحويل التاريخ الهجرى الميلادى وبالعكس,,0,,0.00,0.00
تحميل تحويل التاريخ الهجري والميلادي,,0,,0.00,0.00
تحميل تحويل التاريخ من ميلادى لهجرى,,0,,0.00,0.00
تحميل تحويل التاريخ من هجري الى ميلادي,,0,,0.00,0.00
تحميل داله برنامج تحويل التاريخ الهجري الى ميلادي,,0,,0.00,0.00
تحويل استلام رواتب بالتاريخ,,0,,0.00,0.00
تحويل الارقام الى تاريخ,,0,,0.00,0.00
تحويل الارقام الى تاريخ اكسس,,0,,0.00,0.00
تحويل الارقام الى تاريخ الاكسل,,0,,0.00,0.00
تحويل التأريخ الرسمي,,0,,0.00,0.00
تحويل التأريخ الهجري الى ميلادي,,0,,0.00,0.00
تحويل التأريخ الهجري الى ميلادي في الاكسل,,0,,0.00,0.00
تحويل التاريخ 01 07 1405 الى ميلادي,,0,,0.00,0.00
تحويل التاريخ 08 11 1432,,0,,0.00,0.00
تحويل التاريخ 1 11,,0,,0.00,0.00
تحويل التاريخ 1 7 1386,,0,,0.00,0.00
تحويل التاريخ 1 8 1442,,0,,0.00,0.00
تحويل التاريخ 10 4 1458,,0,,0.00,0.00
تحويل التاريخ 1364 ه,,0,,0.00,0.00
تحويل التاريخ 1416,,0,,0.00,0.00
تحويل التاريخ 1427,,0,,0.00,0.00
تحويل التاريخ 1432,,0,,0.00,0.00
تحويل التاريخ 15 ديسمبر 2017,,0,,0.00,0.00
تحويل التاريخ 16 10 1438,,0,,0.00,0.00
تحويل التاريخ 2 صفر 1439,,0,,0.00,0.00
تحويل التاريخ 20 6 1440,,0,,0.00,0.00
تحويل التاريخ 2016,,0,,0.00,0.00
تحويل التاريخ 2017,,0,,0.00,0.00
تحويل التاريخ 2017 7 10,,0,,0.00,0.00
تحويل التاريخ 2018,,0,,0.00,0.00
تحويل التاريخ 2019,,0,,0.00,0.00
تحويل التاريخ 20ظ6ظ1440,,0,,0.00,0.00
تحويل التاريخ 21 05 1351,,0,,0.00,0.00
تحويل التاريخ 21 7 1434 هجرج الى ميلادي,,0,,0.00,0.00
تحويل التاريخ 21 7 1434 هجري الى ميلادي,,0,,0.00,0.00
تحويل التاريخ 22 4 1443,,0,,0.00,0.00
تحويل التاريخ 22 اغسطس 2019,,0,,0.00,0.00
تحويل التاريخ 23,,0,,0.00,0.00
تحويل التاريخ 24 حزيران يونيو,,0,,0.00,0.00
تحويل التاريخ 25 12 1440,,0,,0.00,0.00
تحويل التاريخ 25 12 1440 l ldb d,,0,,0.00,0.00
تحويل التاريخ 28 06 2013,,0,,0.00,0.00
تحويل التاريخ 28 11 1438,,0,,0.00,0.00
تحويل التاريخ 28سبتمبر الى عربي,,0,,0.00,0.00
تحويل التاريخ 29 3 1414 إلى ميلادي,,0,,0.00,0.00
تحويل التاريخ 3,,0,,0.00,0.00
تحويل التاريخ 30 يوليو,,0,,0.00,0.00
تحويل التاريخ 4 3 1442,,0,,0.00,0.00
تحويل التاريخ 4 حزيران,,0,,0.00,0.00
تحويل التاريخ 8-8-1440 الى ميلادي,,0,,0.00,0.00
تحويل التاريخ aleman,,0,,0.00,0.00
تحويل التاريخ android studio,,0,,0.00,0.00
تحويل التاريخ apk,,0,,0.00,0.00
تحويل التاريخ app,,0,,0.00,0.00
تحويل التاريخ context,,0,,0.00,0.00
تحويل التاريخ hgldgh d hgn i vd,,0,,0.00,0.00
تحويل التاريخ hgn uvfd,,0,,0.00,0.00
تحويل التاريخ hl hgrvd,,0,,0.00,0.00
تحويل التاريخ l ru hghsghl,,0,,0.00,0.00
تحويل التاريخ pdf,,0,,0.00,0.00
تحويل التاريخ pdf to word,,0,,0.00,0.00
تحويل التاريخ pdf الى word,,0,,0.00,0.00
تحويل التاريخ sandrose,,0,,0.00,0.00
تحويل التاريخ windows,,0,,0.00,0.00
تحويل التاريخ أم القري,,0,,0.00,0.00
تحويل التاريخ إلى بنغلاديشي,,0,,0.00,0.00
تحويل التاريخ ابشر,,0,,0.00,0.00
تحويل التاريخ اسلام ان لاين,,0,,0.00,0.00
تحويل التاريخ اسلام اون لاين,,0,,0.00,0.00
تحويل التاريخ اكسس,,0,,0.00,0.00
تحويل التاريخ اكسل الى ام القرى,,0,,0.00,0.00
تحويل التاريخ ال,,0,,0.00,0.00
تحويل التاريخ ال ميلادي,,0,,0.00,0.00
تحويل التاريخ ال يوم في الاكسل,,0,,0.00,0.00
تحويل التاريخ الi ري الي ميلادي,,0,,0.00,0.00
تحويل التاريخ الأهجري,,0,,0.00,0.00
تحويل التاريخ الاسلامي,,0,,0.00,0.00
تحويل التاريخ الاعجمي الى تاريخ ميلادي,,0,,0.00,0.00
تحويل التاريخ الاكسيل الى هجري,,0,,0.00,0.00
تحويل التاريخ الانجليزي الى العربي,,0,,0.00,0.00
تحويل التاريخ البنغلاديشي,,0,,0.00,0.00
تحويل التاريخ التالي إلى الميلادي 5 7 1442,,0,,0.00,0.00
تحويل التاريخ التقويم الهجري,,0,,0.00,0.00
تحويل التاريخ الخجري,,0,,0.00,0.00
تحويل التاريخ الرسمي,,0,,0.00,0.00
تحويل التاريخ السرياني,,0,,0.00,0.00
تحويل التاريخ السرياني للميلادي,,0,,0.00,0.00
تحويل التاريخ السعودية,,0,,0.00,0.33
تحويل التاريخ السنه,,0,,0.00,0.00
تحويل التاريخ الشمسي الى هجري,,0,,0.00,0.00
تحويل التاريخ الشمسية إلى ميلادي,,0,,0.00,0.00
تحويل التاريخ الصور لبي دي ال,,0,,0.00,0.00
تحويل التاريخ العربي الى افرنجي,,0,,0.00,0.00
تحويل التاريخ العربي الي ميلادي,,0,,0.00,0.00
تحويل التاريخ العربي الي هجري,,0,,0.00,0.00
تحويل التاريخ العربي للتاريخ الميلادي,,0,,0.00,0.00
تحويل التاريخ القبطى الى ميلادى,,0,,0.00,0.00
تحويل التاريخ القرى,,0,,0.00,0.00
تحويل التاريخ القمري إلى ميلادي,,0,,0.00,0.00
تحويل التاريخ اللقلق,,0,,0.00,0.00
تحويل التاريخ المبلادي إلى هجري,,0,,0.00,0.00
تحويل التاريخ المسلا,,0,,0.00,0.00
تحويل التاريخ المسلادي,,0,,0.00,0.00
تحويل التاريخ الملادي الى هجري,,0,,0.00,0.00
تحويل التاريخ المنيلادي,,0,,0.00,0.00
تحويل التاريخ الميلاجي الى هحري,,0,,0.00,0.00
تحويل التاريخ الميلاد الى الهجري,,0,,0.00,0.00
تحويل التاريخ الميلاد الى عمر,,0,,0.00,0.00
تحويل التاريخ الميلاد من الميلادي للهجري,,0,,0.00,0.00
تحويل التاريخ الميلاد من الهجري للميلادي,,0,,0.00,0.00
تحويل التاريخ الميلاد من ميلادي للهجري,,0,,0.00,0.00
تحويل التاريخ الميلادى إلى هجرى,,0,,0.00,0.00
تحويل التاريخ الميلادى الهجرى,,0,,0.00,0.00
تحويل التاريخ الميلادى الى عربى,,0,,0.00,0.00
تحويل التاريخ الميلادى الى عربي,,0,,0.00,0.00
تحويل التاريخ الميلادى الى قبطى,,0,,0.00,0.00
تحويل التاريخ الميلادى الى هجرى 2018,,0,,0.00,0.00
تحويل التاريخ الميلادى للتاريخ الهجرى,,0,,0.00,0.00
تحويل التاريخ الميلادي إلى ميلادي,,0,,0.00,0.00
تحويل التاريخ الميلادي إلى هجري في الاكسل,,0,,0.00,0.00
تحويل التاريخ الميلادي إلى هجري والهجري إلى ميلادي,,0,,0.00,0.00
تحويل التاريخ الميلادي الا هجري,,0,,0.00,0.00
تحويل التاريخ الميلادي اللى هجري,,0,,0.00,0.00
تحويل التاريخ الميلادي الهجري للايفون,,0,,0.00,0.00
تحويل التاريخ الميلادي الى الانجليزي,,0,,0.00,0.00
تحويل التاريخ الميلادي الى العهجري,,0,,0.00,0.00
تحويل التاريخ الميلادي الى الهجري 2015,,0,,0.00,0.00
تحويل التاريخ الميلادي الى الهجري 2016,,0,,0.00,0.00
تحويل التاريخ الميلادي الى الهجري 2017,,0,,0.00,0.00
تحويل التاريخ الميلادي الى الهجري 2018,,0,,0.00,0.00
تحويل التاريخ الميلادي الى الهجري 2019,,0,,0.00,0.00
تحويل التاريخ الميلادي الى الهجري الشمسي,,0,,0.00,0.00
تحويل التاريخ الميلادي الى الهجري شمسي,,0,,0.00,0.00
تحويل التاريخ الميلادي الى الهجري شيعي,,0,,0.00,0.00
تحويل التاريخ الميلادي الى الهجري ٢٠١٦,,0,,0.00,0.00
تحويل التاريخ الميلادي الى ام القرى,,0,,0.00,0.00
تحويل التاريخ الميلادي الى ام القرى اكسس,,0,,0.00,0.00
تحويل التاريخ الميلادي الى رقم,,0,,0.00,0.00
تحويل التاريخ الميلادي الى صيني,,0,,0.00,0.00
تحويل التاريخ الميلادي الى عمر,,0,,0.00,0.00
تحويل التاريخ الميلادي الى هجري 2012,,0,,0.00,0.00
تحويل التاريخ الميلادي الى هجري 2013,,0,,0.00,0.00
تحويل التاريخ الميلادي الى هجري 2014,,0,,0.00,0.00
تحويل التاريخ الميلادي الى هجري 2015,,0,,0.00,0.00
تحويل التاريخ الميلادي الى هجري 2016,,0,,0.00,0.00
تحويل التاريخ الميلادي الى هجري 2017,,0,,0.00,0.00
تحويل التاريخ الميلادي الى هجري 2018,,0,,0.00,0.00
تحويل التاريخ الميلادي الى هجري 2019,,0,,0.00,0.00
تحويل التاريخ الميلادي الى هجري المغرب,,0,,0.00,0.00
تحويل التاريخ الميلادي الى هجري بالمغرب,,0,,0.00,0.00
تحويل التاريخ الميلادي الى هجري ساندروز,,0,,0.00,0.00
تحويل التاريخ الميلادي الى هجري شيعي,,0,,0.00,0.33
تحويل التاريخ الميلادي الى هجري في الاكسيل,,0,,0.00,0.00
تحويل التاريخ الميلادي الى هجري للاندرويد,,0,,0.00,0.00
تحويل التاريخ الميلادي الى هجري للايفون,,0,,0.00,0.00
تحويل التاريخ الميلادي الى هجري ويندوز 10,,0,,0.00,0.00
تحويل التاريخ الميلادي الى هجري ٢٠١٦,,0,,0.00,0.00
تحويل التاريخ الميلادي الى هجري ٢٠١٨,,0,,0.00,0.00
تحويل التاريخ الميلادي الى هجري ٢٠١٩,,0,,0.00,0.00
تحويل التاريخ الميلادي الى هجري٢٠١٨,,0,,0.00,0.00
تحويل التاريخ الميلادي الى هدري,,0,,0.00,0.00
تحويل التاريخ الميلادي الي تاريخ هجري,,0,,0.00,0.00
تحويل التاريخ الميلادي الي عربي,,0,,0.00,0.00
تحويل التاريخ الميلادي الي هجري vba excell,,0,,0.00,0.00
تحويل التاريخ الميلادي الي هجري ١٩٨٣,,0,,0.00,0.00
تحويل التاريخ الميلادي بالانجليزي,,0,,0.00,0.00
تحويل التاريخ الميلادي بالايفون,,0,,0.00,0.00
تحويل التاريخ الميلادي في الايفون,,0,,0.00,0.00
تحويل التاريخ الميلادي لعربي,,0,,0.00,0.00
تحويل التاريخ الميلادي للايفون,,0,,0.00,0.00
تحويل التاريخ الميلادي للبرج,,0,,0.00,0.00
تحويل التاريخ الميلادي للسرياني,,0,,0.00,0.00
تحويل التاريخ الميلادي للهجري 2018,,0,,0.00,0.00
تحويل التاريخ الميلادي للهجري بالمغرب,,0,,0.00,0.00
تحويل التاريخ الميلادي للهجري بيسات,,0,,0.00,0.00
تحويل التاريخ الميلادي للهجري بيسيات,,0,,0.00,0.00
تحويل التاريخ الميلادي للهجري في الاكسل,,0,,0.00,0.00
تحويل التاريخ الميلادي للهجري للايفون,,0,,0.00,0.00
تحويل التاريخ الميلادي للهجري مع البرج,,0,,0.00,0.00
تحويل التاريخ الميلادي لهجري 2015,,0,,0.00,0.00
تحويل التاريخ الميلادي لهجري 2016,,0,,0.00,0.00
تحويل التاريخ الميلادي لهجري 2017,,0,,0.00,0.00
تحويل التاريخ الميلادي لهجري 2018,,0,,0.00,0.00
تحويل التاريخ الميلادي لهجري 2019,,0,,0.00,0.00
تحويل التاريخ الميلادي لهجري اكسل,,0,,0.00,0.00
تحويل التاريخ الميلادي لهجري في أكسس أوفيسنا,,0,,0.00,0.00
تحويل التاريخ الميلادي مع البرج,,0,,0.00,0.00
تحويل التاريخ الميلادي مقابل الهجري,,0,,0.00,0.00
تحويل التاريخ الميلادي من الهجري الى ميلادي,,0,,0.00,0.00
تحويل التاريخ الميلادي من عربي الى انجليزي,,0,,0.00,0.00
تحويل التاريخ الميلادي من ميلادي الهجري,,0,,0.00,0.00
تحويل التاريخ الميلادي و الهجري 2019,,0,,0.00,0.00
تحويل التاريخ الميلادي والبرج,,0,,0.00,0.00
تحويل التاريخ الميلادي والهجري اليوم,,0,,0.00,0.00
تحويل التاريخ الميلادي وما يقابله بالهجري,,0,,0.00,0.00
تحويل التاريخ النجمي,,0,,0.00,0.00
تحويل التاريخ النيبالي,,0,,0.00,0.00
تحويل التاريخ اله,,0,,0.00,0.00
تحويل التاريخ اله ري,,0,,0.00,0.00
تحويل التاريخ الهج,,0,,0.00,0.00
تحويل التاريخ الهجدري إلى ميلادي,,0,,0.00,0.00
تحويل التاريخ الهجر,,0,,0.00,0.00
تحويل التاريخ الهجر الميلادي,,0,,0.00,0.00
تحويل التاريخ الهجر الى ميلادي,,0,,0.00,0.00
تحويل التاريخ الهجر للميلادي,,0,,0.00,0.00
تحويل التاريخ الهجرب,,0,,0.00,0.00
تحويل التاريخ الهجرري الى ميلادي,,0,,0.00,0.00
تحويل التاريخ الهجرى 24 10 1417,,0,,0.00,0.00
تحويل التاريخ الهجرى الى,,0,,0.00,0.00
تحويل التاريخ الهجرى الى التاريخ الميلادى,,0,,0.00,0.00
تحويل التاريخ الهجرى الى تاريخ ميلادى,,0,,0.00,0.00
تحويل التاريخ الهجرى الى ميلاد,,0,,0.00,0.00
تحويل التاريخ الهجرى الى ميلادى 1441 ه و 1442ه,,0,,0.00,0.00
تحويل التاريخ الهجرى الى ميلادى على,,0,,0.00,0.00
تحويل التاريخ الهجرى الى ميلادى على microsoft project,,0,,0.00,0.00
تحويل التاريخ الهجرى الى ميلادى والعكس,,0,,0.00,0.00
تحويل التاريخ الهجرى ل ميلاد ي,,0,,0.00,0.00
تحويل التاريخ الهجرى لميادي,,0,,0.00,0.00
تحويل التاريخ الهجرى لميلادي,,0,,0.00,0.00
تحويل التاريخ الهجرى لميلادي اكسيل,,0,,0.00,0.00
تحويل التاريخ الهجرى ليملادى,,0,,0.00,0.00
تحويل التاريخ الهجري 1440,,0,,0.00,0.00
تحويل التاريخ الهجري jquery,,0,,0.00,0.00
تحويل التاريخ الهجري jquery php,,0,,0.00,0.00
تحويل التاريخ الهجري إلى برج,,0,,0.00,0.00
تحويل التاريخ الهجري إلى ميلادي 6,,0,,0.00,0.00
تحويل التاريخ الهجري إلى ميلادي اكسيل,,0,,0.00,0.00
تحويل التاريخ الهجري إلى ميلادي اكيل,,0,,0.00,0.00
تحويل التاريخ الهجري إلى ميلادي ام القرى,,0,,0.00,0.00
تحويل التاريخ الهجري إلى ميلادي6,,0,,0.00,0.00
تحويل التاريخ الهجري إلى ميلايد,,0,,0.00,0.00
تحويل التاريخ الهجري إلي ميلتدي,,0,,0.00,0.00
تحويل التاريخ الهجري ال,,0,,0.00,0.00
تحويل التاريخ الهجري ال الميلادي,,0,,0.00,0.00
تحويل التاريخ الهجري ال ميلادي 1436,,0,,0.00,0.00
تحويل التاريخ الهجري الشمسي,,0,,0.00,0.00
تحويل التاريخ الهجري الشمي الى القمري,,0,,0.00,0.00
تحويل التاريخ الهجري العمر,,0,,0.00,0.00
تحويل التاريخ الهجري الى الشمسي,,0,,0.00,0.00
تحويل التاريخ الهجري الى الميلاد,,0,,0.00,0.00
تحويل التاريخ الهجري الى الميلادي 2015,,0,,0.00,0.00
تحويل التاريخ الهجري الى الميلادي 2017,,0,,0.00,0.00
تحويل التاريخ الهجري الى الميلادي 2018,,0,,0.00,0.00
تحويل التاريخ الهجري الى الميلادي الابراج,,0,,0.00,0.00
تحويل التاريخ الهجري الى الميلادي المغرب,,0,,0.00,0.00
تحويل التاريخ الهجري الى الميلادي ام القرى,,0,,0.00,0.00
تحويل التاريخ الهجري الى الميلادي بدقة,,0,,0.00,0.00
تحويل التاريخ الهجري الى الميلادي لمعرفة البرج,,0,,0.00,0.00
تحويل التاريخ الهجري الى الميلادي مع الابراج,,0,,0.00,0.00
تحويل التاريخ الهجري الى انجليزي,,0,,0.00,0.00
تحويل التاريخ الهجري الى شمسي,,0,,0.00,0.00
تحويل التاريخ الهجري الى عمر,,0,,0.00,0.00
تحويل التاريخ الهجري الى ميلادي 2014,,0,,0.00,0.00
تحويل التاريخ الهجري الى ميلادي 2015,,0,,0.00,0.00
تحويل التاريخ الهجري الى ميلادي 2016,,0,,0.00,0.00
تحويل التاريخ الهجري الى ميلادي 2017,,0,,0.00,0.00
تحويل التاريخ الهجري الى ميلادي 2018,,0,,0.00,0.00
تحويل التاريخ الهجري الى ميلادي 2019,,0,,0.00,0.00
تحويل التاريخ الهجري الى ميلادي 2019 بالسعوديه,,0,,0.00,0.00
تحويل التاريخ الهجري الى ميلادي xls,,0,,0.00,0.00
تحويل التاريخ الهجري الى ميلادي xlsx,,0,,0.00,0.00
تحويل التاريخ الهجري الى ميلادي xsl,,0,,0.00,0.00
تحويل التاريخ الهجري الى ميلادي xslx,,0,,0.00,0.00
تحويل التاريخ الهجري الى ميلادي xxls,,0,,0.00,0.00
تحويل التاريخ الهجري الى ميلادي ابراج,,0,,0.00,0.00
تحويل التاريخ الهجري الى ميلادي اكسس 2016,,0,,0.00,0.00
تحويل التاريخ الهجري الى ميلادي اكسيل,,0,,0.00,0.00
تحويل التاريخ الهجري الى ميلادي الابراج,,0,,0.00,0.00
تحويل التاريخ الهجري الى ميلادي الاكسل,,0,,0.00,0.00
تحويل التاريخ الهجري الى ميلادي ايفون,,0,,0.00,0.00
تحويل التاريخ الهجري الى ميلادي دقيق,,0,,0.00,0.00
تحويل التاريخ الهجري الى ميلادي زءسم,,0,,0.00,0.00
تحويل التاريخ الهجري الى ميلادي ساندروز,,0,,0.00,0.00
تحويل التاريخ الهجري الى ميلادي فى الاكسل,,0,,0.00,0.00
تحويل التاريخ الهجري الى ميلادي في اكس,,0,,0.00,0.00
تحويل التاريخ الهجري الى ميلادي في الهوتميل,,0,,0.00,0.00
تحويل التاريخ الهجري الى ميلادي للايفون,,0,,0.00,0.00
تحويل التاريخ الهجري الى ميلادي لمعرفة البرج,,0,,0.00,0.00
تحويل التاريخ الهجري الى ميلادي مرتب,,0,,0.00,0.00
تحويل التاريخ الهجري الى ميلادي مع الابراج,,0,,0.00,0.00
تحويل التاريخ الهجري الى ميلادي ملف اكسل,,0,,0.00,0.00
تحويل التاريخ الهجري الى ميلادي موقع الإسلام,,0,,0.00,0.00
تحويل التاريخ الهجري الى ميلادي نداء الايمان,,0,,0.00,0.00
تحويل التاريخ الهجري الى ميلادي ومعرفة الابراج,,0,,0.00,0.00
تحويل التاريخ الهجري الى ميلادي ومعرفة العمر,,0,,0.00,0.00
تحويل التاريخ الهجري الى ميلدي,,0,,0.00,0.00
تحويل التاريخ الهجري الى يوم,,0,,0.00,0.00
تحويل التاريخ الهجري الي ميلادي اكسل,,0,,0.00,0.00
تحويل التاريخ الهجري الي ميلادي اكسيل,,0,,0.00,0.00
تحويل التاريخ الهجري حساب العمر,,0,,0.00,0.00
تحويل التاريخ الهجري ط,,0,,0.00,0.00
تحويل التاريخ الهجري غلأى ميلادي,,0,,0.00,0.00
تحويل التاريخ الهجري في الايفون,,0,,0.00,0.00
تحويل التاريخ الهجري لاميلادي,,0,,0.00,0.00
تحويل التاريخ الهجري للابراج,,0,,0.00,0.00
تحويل التاريخ الهجري للميلادى,,0,,0.00,0.00
تحويل التاريخ الهجري للميلادي 1415 12 26,,0,,0.00,0.00
تحويل التاريخ الهجري للميلادي 1434,,0,,0.00,0.00
تحويل التاريخ الهجري للميلادي 2018,,0,,0.00,0.00
تحويل التاريخ الهجري للميلادي اليوم,,0,,0.00,0.00
تحويل التاريخ الهجري للميلادي في php,,0,,0.00,0.00
تحويل التاريخ الهجري للميلادي للايفون,,0,,0.00,0.00
تحويل التاريخ الهجري للهجري,,0,,0.00,0.00
تحويل التاريخ الهجري لليوم,,0,,0.00,0.00
تحويل التاريخ الهجري لميادي,,0,,0.00,0.00
تحويل التاريخ الهجري لميلادى,,0,,0.00,0.00
تحويل التاريخ الهجري لميلادي 2018,,0,,0.00,0.00
تحويل التاريخ الهجري لميلادي 2019,,0,,0.00,0.00
تحويل التاريخ الهجري لميلادي البرج,,0,,0.00,0.00
تحويل التاريخ الهجري لميلادي اوراكب,,0,,0.00,0.00
تحويل التاريخ الهجري لميلادي في الأكسيل,,0,,0.00,0.00
تحويل التاريخ الهجري لميلادي في الاكسيل,,0,,0.00,0.00
تحويل التاريخ الهجري لميلادي ل,,0,,0.00,0.00
تحويل التاريخ الهجري لميلادي لمعرفة البرج,,0,,0.00,0.00
تحويل التاريخ الهجري لميلادي مرتب,,0,,0.00,0.00
تحويل التاريخ الهجري لميلادي والشمسي,,0,,0.00,0.00
تحويل التاريخ الهجري لميلادي وحساب العمر,,0,,0.00,0.00
تحويل التاريخ الهجري لميلاي,,0,,0.00,0.00
تحويل التاريخ الهجري مع الابراج,,0,,0.00,0.00
تحويل التاريخ الهجري مع اليوم,,0,,0.00,0.00
تحويل التاريخ الهجري والابراج,,0,,0.00,0.00
تحويل التاريخ الهجري والعمر,,0,,0.00,0.00
تحويل التاريخ الهجري والميلادي 1440,,0,,0.00,0.00
تحويل التاريخ الهجري والميلادي 2014,,0,,0.00,0.00
تحويل التاريخ الهجري والميلادي 2015,,0,,0.00,0.00
تحويل التاريخ الهجري والميلادي 2016,,0,,0.00,0.00
تحويل التاريخ الهجري والميلادي 2017,,0,,0.00,0.00
تحويل التاريخ الهجري والميلادي 2017 ام القرى,,0,,0.00,0.00
تحويل التاريخ الهجري والميلادي 2018 لمعرفة البرج,,0,,0.00,0.00
تحويل التاريخ الهجري والميلادي 2020,,0,,0.00,0.00
تحويل التاريخ الهجري والميلادي لعام 1434,,0,,0.00,0.00
تحويل التاريخ الهجري والميلادي والبرج,,0,,0.00,0.00
تحويل التاريخ الهجري والميلادي وحساب الع,,0,,0.00,0.00
تحويل التاريخ الهجري والميلادي وحساب العمر,,0,,0.00,0.00
تحويل التاريخ الهجري والميلادي وحساب العمر العمر,,0,,0.00,0.00
تحويل التاريخ الهجري والميلادي ومعرفة العمر,,0,,0.00,0.00
تحويل التاريخ الهجري والميلادي ٢٠١٧,,0,,0.00,0.00
تحويل التاريخ الهجري والميلادي ٢٠١٨,,0,,0.00,0.00
تحويل التاريخ الهجري والميلادي ٢٠١٩,,0,,0.00,0.00
تحويل التاريخ الهجريj,,0,,0.00,0.00
تحويل التاريخ الهجريالى ميلادي,,0,,0.00,0.00
تحويل التاريخ الهجريالي ميلادي,,0,,0.00,0.00
تحويل التاريخ الهجريلو,,0,,0.00,0.00
تحويل التاريخ الهجلري ميلادي,,0,,0.00,0.00
تحويل التاريخ الهجير,,0,,0.00,0.00
تحويل التاريخ الهحري,,0,,0.00,0.00
تحويل التاريخ الهدري الى ميلادي,,0,,0.00,0.00
تحويل التاريخ الهرجي,,0,,0.00,0.00
تحويل التاريخ الهعجري,,0,,0.00,0.00
تحويل التاريخ الهيلادى الى هجرى,,0,,0.00,0.00
تحويل التاريخ الوحدات,,0,,0.00,0.00
تحويل التاريخ الولاده من الهجري,,0,,0.00,0.00
تحويل التاريخ الى ابراج تموز,,0,,0.00,0.00
تحويل التاريخ الى الميلاد اليوم,,0,,0.00,0.00
تحويل التاريخ الى الهجري وميلادي وشمسي,,0,,0.00,0.00
تحويل التاريخ الى رقم,,0,,0.00,0.00
تحويل التاريخ الى سنة و مقارنته داخل معادله ايكسل,,0,,0.00,0.00
تحويل التاريخ الى شهور سريانية,,0,,0.00,0.00
تحويل التاريخ الى عدد ايام عداد,,0,,0.00,0.00
تحويل التاريخ الى عربي في الاكسل,,0,,0.00,0.00
تحويل التاريخ الى كتابة بالانجليزي,,0,,0.00,0.00
تحويل التاريخ الى ميلاد,,0,,0.00,0.00
تحويل التاريخ الى ميلادي 24 06,,0,,0.00,0.00
تحويل التاريخ الى ميلادي بالايفون,,0,,0.00,0.00
تحويل التاريخ الى ميلاظي,,0,,0.00,0.00
تحويل التاريخ الى هجري php,,0,,0.00,0.00
تحويل التاريخ الى هجري اكسس 2016,,0,,0.00,0.00
تحويل التاريخ الى هجري ام القرى,,0,,0.00,0.00
تحويل التاريخ الى هجري ايفون,,0,,0.00,0.00
تحويل التاريخ الى هجري بالايفون,,0,,0.00,0.00
تحويل التاريخ الى هجري سي شارب,,0,,0.00,0.00
تحويل التاريخ الى هجري شمسي,,0,,0.00,0.00
تحويل التاريخ الى هجري طبيب,,0,,0.00,0.00
تحويل التاريخ الى هجري في اكسل,,0,,0.00,0.00
تحويل التاريخ الى هجري في الايفون,,0,,0.00,0.00
تحويل التاريخ الى هجري في اندرويد,,0,,0.00,0.00
تحويل التاريخ الى هجري في نظام فارس,,0,,0.00,0.00
تحويل التاريخ الى هجري للايفون,,0,,0.00,0.00
تحويل التاريخ الى يةم,,0,,0.00,0.00
تحويل التاريخ الى يوم في الاكسل,,0,,0.00,0.00
تحويل التاريخ الي الهجري,,0,,0.00,0.00
تحويل التاريخ الي برج,,0,,0.00,0.00
تحويل التاريخ الي عربي في اكسيل,,0,,0.00,0.00
تحويل التاريخ الي عربي في الاكسيل,,0,,0.00,0.00
تحويل التاريخ الي كتابه,,0,,0.00,0.00
تحويل التاريخ الي ميلادي والابراج,,0,,0.00,0.00
تحويل التاريخ اليوم الهجري,,0,,0.00,0.00
تحويل التاريخ اليوم بالهجري,,0,,0.00,0.00
تحويل التاريخ اليوم من هجري الى ميلادي,,0,,0.00,0.00
تحويل التاريخ اليوناني إلى ميلادي,,0,,0.00,0.00
تحويل التاريخ ام البقرى من ميلادي الى هجري,,0,,0.00,0.00
تحويل التاريخ ام الق,,0,,0.00,0.00
تحويل التاريخ ام القرى اكسس,,0,,0.00,0.00
تحويل التاريخ ام القى,,0,,0.00,0.00
تحويل التاريخ انجليزي عربي,,0,,0.00,0.00
تحويل التاريخ انجليزي لعربي,,0,,0.00,0.00
تحويل التاريخ اهجري للميلادي,,0,,0.00,0.00
تحويل التاريخ باسم الشهر,,0,,0.00,0.00
تحويل التاريخ بالانجليزية,,0,,0.00,0.00
تحويل التاريخ بالايام,,0,,0.00,0.00
تحويل التاريخ بالبرج,,0,,0.00,0.00
تحويل التاريخ بالضبط,,0,,0.00,0.00
تحويل التاريخ بالفوتوشوب,,0,,0.00,0.00
تحويل التاريخ بالقرون,,0,,0.00,0.00
تحويل التاريخ بالميلادي او الهجري,,0,,0.00,0.00
تحويل التاريخ بالميلادي للهجري,,0,,0.00,0.00
تحويل التاريخ بالهجري الي الميلاد,,0,,0.00,0.00
تحويل التاريخ باليوم والشهرة وسنه,,0,,0.00,0.00
تحويل التاريخ بجامعة جازان,,0,,0.00,0.00
تحويل التاريخ بدقة,,0,,0.00,0.00
تحويل التاريخ بدقه,,0,,0.00,0.00
تحويل التاريخ بسيات,,0,,0.00,0.00
تحويل التاريخ بشكل دقيق,,0,,0.00,0.00
تحويل التاريخ بيس,,0,,0.00,0.00
تحويل التاريخ بيسياتط,,0,,0.00,0.00
تحويل التاريخ بيكسيات,,0,,0.00,0.00
تحويل التاريخ بيكيسيات,,0,,0.00,0.00
تحويل التاريخ بين الميلادي للهجري,,0,,0.00,0.00
تحويل التاريخ بييشسات,,0,,0.00,0.00
تحويل التاريخ تحويل التاريخ تحويل التاريخ,,0,,0.00,0.00
تحويل التاريخ تشرين,,0,,0.00,0.00
تحويل التاريخ جي بي الى بي دي اف,,0,,0.00,0.00
تحويل التاريخ دقيق,,0,,0.00,0.00
تحويل التاريخ ديستينيا,,0,,0.00,0.00
تحويل التاريخ ذ,,0,,0.00,0.00
تحويل التاريخ رسمي,,0,,0.00,0.00
تحويل التاريخ ساندروس,,0,,0.00,0.00
تحويل التاريخ شاندروس,,0,,0.00,0.00
تحويل التاريخ صيغة اكسل,,0,,0.00,0.00
تحويل التاريخ طبيب,,0,,0.00,0.00
تحويل التاريخ عربي على الاكسل,,0,,0.00,0.00
تحويل التاريخ علي الورد من انجليزي الي عربي,,0,,0.00,0.00
تحويل التاريخ عملات,,0,,0.00,0.00
تحويل التاريخ عن طريق تقويم ام القرى,,0,,0.00,0.00
تحويل التاريخ غلى ميلادي,,0,,0.00,0.00
تحويل التاريخ فى الاكسيل,,0,,0.00,0.00
تحويل التاريخ في استنيان قوقل,,0,,0.00,0.00
تحويل التاريخ في اكسس,,0,,0.00,0.00
تحويل التاريخ في الاكسل من long date to short date,,0,,0.00,0.00
تحويل التاريخ في الاكسيل,,0,,0.00,0.00
تحويل التاريخ في برنامج thunderbird,,0,,0.00,0.00
تحويل التاريخ في جداول اكسل,,0,,0.00,0.00
تحويل التاريخ في خلية اكسل,,0,,0.00,0.00
تحويل التاريخ في خلية اكسل الي ميلادي,,0,,0.00,0.00
تحويل التاريخ في خلية اكسل الي ميلادي في خطوة واحدة,,0,,0.00,0.00
تحويل التاريخ في ساعة الفجر,,0,,0.00,0.00
تحويل التاريخ قبل الميلاد,,0,,0.00,0.00
تحويل التاريخ قبل الميلاد والهجرة,,0,,0.00,0.00
تحويل التاريخ كانون الثاني,,0,,0.00,0.00
تحويل التاريخ كتابة الشهر,,0,,0.00,0.00
تحويل التاريخ كم هجري لميلادي,,0,,0.00,0.00
تحويل التاريخ كمن هجري الى ميلادي,,0,,0.00,0.00
تحويل التاريخ كيف اعرف برجي,,0,,0.00,0.00
تحويل التاريخ لام القرى,,0,,0.00,0.00
تحويل التاريخ لايام,,0,,0.00,0.00
تحويل التاريخ لحروف,,0,,0.00,0.00
تحويل التاريخ لعد تنازلي,,0,,0.00,0.00
تحويل التاريخ للاقامات,,0,,0.00,0.00
تحويل التاريخ للسانتي,,0,,0.00,0.00
تحويل التاريخ للميلادي في الايفون,,0,,0.00,0.00
تحويل التاريخ للهجرس,,0,,0.00,0.00
تحويل التاريخ للهجرى,,0,,0.00,0.00
تحويل التاريخ للهجري الى ميلادي,,0,,0.00,0.00
تحويل التاريخ لمعرفة العمر,,0,,0.00,0.00
تحويل التاريخ لمعرفه العمر,,0,,0.00,0.00
تحويل التاريخ لميلادي هجري,,0,,0.00,0.00
تحويل التاريخ لهجري للميلادي,,0,,0.00,0.00
تحويل التاريخ م نميلادي,,0,,0.00,0.00
تحويل التاريخ محول الاسلام,,0,,0.00,0.00
تحويل التاريخ مع ذكر البرج,,0,,0.00,0.00
تحويل التاريخ مع عدد الايام,,0,,0.00,0.00
تحويل التاريخ مع معرفة العمر,,0,,0.00,0.00
تحويل التاريخ معرفة العمر,,0,,0.00,0.00
تحويل التاريخ معرفه,,0,,0.00,0.00
تحويل التاريخ معرفه البرج,,0,,0.00,0.00
تحويل التاريخ معلومه,,0,,0.00,0.00
تحويل التاريخ مكة,,0,,0.00,0.00
تحويل التاريخ ملف اكسل,,0,,0.00,0.00
تحويل التاريخ ملف الى pdf,,0,,0.00,0.00
تحويل التاريخ ملفات,,0,,0.00,0.00
تحويل التاريخ من ldgh d hgn i vd,,0,,0.00,0.00
تحويل التاريخ من yyyy mm dd الى dd mm yyyy,,0,,0.00,0.00
تحويل التاريخ من االهجري للميلادي,,0,,0.00,0.00
تحويل التاريخ من ارقام الى حروف,,0,,0.00,0.00
تحويل التاريخ من الباوند للكيلو,,0,,0.00,0.00
تحويل التاريخ من البون للكيولا,,0,,0.00,0.00
تحويل التاريخ من التقويم الميلادي إلى التقويم الهجري,,0,,0.00,0.00
تحويل التاريخ من العربي الى انجليزي,,0,,0.00,0.00
تحويل التاريخ من العربي الى ميلادي,,0,,0.00,0.00
تحويل التاريخ من الله الحمد لله لا اله,,0,,0.00,0.00
تحويل التاريخ من الميلاد يللهجري,,0,,0.00,0.00
تحويل التاريخ من الميلادى الى الهجرى 2018,,0,,0.00,0.00
تحويل التاريخ من الميلادي الى البناني,,0,,0.00,0.00
تحويل التاريخ من الميلادي الى اللبناني,,0,,0.00,0.00
تحويل التاريخ من الميلادي الى الهجر,,0,,0.00,0.00
تحويل التاريخ من الميلادي الى الهجري 11-4-2 1984,,0,,0.00,0.00
تحويل التاريخ من الميلادي الى الهجري 2015,,0,,0.00,0.00
تحويل التاريخ من الميلادي الى الهجري 2016,,0,,0.00,0.00
تحويل التاريخ من الميلادي الى الهجري 2017,,0,,0.00,0.00
تحويل التاريخ من الميلادي الى الهجري الشمسي,,0,,0.00,0.00
تحويل التاريخ من الميلادي الى الهجري ٢٠١٧,,0,,0.00,0.00
تحويل التاريخ من الميلادي الى ايار,,0,,0.00,0.00
تحويل التاريخ من الميلادي الى هجري 2015,,0,,0.00,0.00
تحويل التاريخ من الميلادي الى هجري 2016,,0,,0.00,0.00
تحويل التاريخ من الميلادي الى هجري 2017,,0,,0.00,0.00
تحويل التاريخ من الميلادي الي الهاجري,,0,,0.00,0.00
تحويل التاريخ من الميلادي للهجرى,,0,,0.00,0.00
تحويل التاريخ من الميلادي للهجري 2015,,0,,0.00,0.00
تحويل التاريخ من الميلادي للهجري 2017,,0,,0.00,0.00
تحويل التاريخ من الميلادي للهجري 2018,,0,,0.00,0.00
تحويل التاريخ من الميلادي للهجري 2019,,0,,0.00,0.00
تحويل التاريخ من الميلادي للهجري بالايفون,,0,,0.00,0.00
تحويل التاريخ من الميلادي للهجري في الايفون,,0,,0.00,0.00
تحويل التاريخ من النيبالي الى ميلادي,,0,,0.00,0.00
تحويل التاريخ من الهجرى الى الميلادى فى اوراكل,,0,,0.00,0.00
تحويل التاريخ من الهجرى الى الميلادي,,0,,0.00,0.00
تحويل التاريخ من الهجرى للميلادي,,0,,0.00,0.00
تحويل التاريخ من الهجري إلى الميلاد,,0,,0.00,0.00
تحويل التاريخ من الهجري الشمسي الى الميلادي,,0,,0.00,0.00
تحويل التاريخ من الهجري الى الابراج,,0,,0.00,0.00
تحويل التاريخ من الهجري الى الشمسي,,0,,0.00,0.00
تحويل التاريخ من الهجري الى الصيني,,0,,0.00,0.00
تحويل التاريخ من الهجري الى القمري,,0,,0.00,0.00
تحويل التاريخ من الهجري الى الميلادجي,,0,,0.00,0.00
تحويل التاريخ من الهجري الى الميلادي 2013,,0,,0.00,0.00
تحويل التاريخ من الهجري الى الميلادي 2015,,0,,0.00,0.00
تحويل التاريخ من الهجري الى الميلادي 2016,,0,,0.00,0.00
تحويل التاريخ من الهجري الى الميلادي 2017,,0,,0.00,0.00
تحويل التاريخ من الهجري الى الميلادي 2018,,0,,0.00,0.00
تحويل التاريخ من الهجري الى الميلادي 2019,,0,,0.00,0.00
تحويل التاريخ من الهجري الى الميلادي الاسلام,,0,,0.00,0.00
تحويل التاريخ من الهجري الى الميلادي دقيق,,0,,0.00,0.00
تحويل التاريخ من الهجري الى الميلادي لمعرفة البرج,,0,,0.00,0.00
تحويل التاريخ من الهجري الى الميلادي وحساب العمر,,0,,0.00,0.00
تحويل التاريخ من الهجري الى الميلادي ومعرفة اليوم,,0,,0.00,0.00
تحويل التاريخ من الهجري الى ميلادب,,0,,0.00,0.00
تحويل التاريخ من الهجري الى ميلادي 2018,,0,,0.00,0.00
تحويل التاريخ من الهجري ل الميلادي,,0,,0.00,0.00
تحويل التاريخ من الهجري للابراج,,0,,0.00,0.00
تحويل التاريخ من الهجري للعربي,,0,,0.00,0.00
تحويل التاريخ من الهجري للميلادي 2015,,0,,0.00,0.00
تحويل التاريخ من الهجري للميلادي 2016,,0,,0.00,0.00
تحويل التاريخ من الهجري للميلادي 2017,,0,,0.00,0.00
تحويل التاريخ من الهجري للميلادي ابراج,,0,,0.00,0.00
تحويل التاريخ من الهجري للميلادي ام القرى,,0,,0.00,0.00
تحويل التاريخ من الهجري للميلادي بالارقام,,0,,0.00,0.00
تحويل التاريخ من الهجري للميلادي علي الاكسل,,0,,0.00,0.00
تحويل التاريخ من الهجري للميلادي في التأمينات الاجتماعية,,0,,0.00,0.00
تحويل التاريخ من الهجري للميلادي موقع الاسلام,,0,,0.00,0.00
تحويل التاريخ من الهجري للميلادي والابراج,,0,,0.00,0.00
تحويل التاريخ من الهجري للميلادي ٢٠١٧,,0,,0.00,0.00
تحويل التاريخ من الهجري من الميلادي,,0,,0.00,0.00
تحويل التاريخ من الهجري والميلادي,,0,,0.00,0.00
تحويل التاريخ من الهحري الى الميلادي,,0,,0.00,0.00
تحويل التاريخ من الهدري,,0,,0.00,0.00
تحويل التاريخ من الهيجري للميلادي,,0,,0.00,0.00
تحويل التاريخ من اليمين الى الشمال,,0,,0.00,0.00
تحويل التاريخ من انجليزي الى عربي فى الاكسيل,,0,,0.00,0.00
تحويل التاريخ من انجليزي الي عربي,,0,,0.00,0.00
تحويل التاريخ من بدي اف الى وورد,,0,,0.00,0.00
تحويل التاريخ من حري,,0,,0.00,0.00
تحويل التاريخ من خجري للميلادي,,0,,0.00,0.00
تحويل التاريخ من خجري لميلادي,,0,,0.00,0.00
تحويل التاريخ من خجري لميلاظي,,0,,0.00,0.00
تحويل التاريخ من دولار الى ريال,,0,,0.00,0.00
تحويل التاريخ من رقم الى كتابة,,0,,0.00,0.00
تحويل التاريخ من شهري الى ميلادي,,0,,0.00,0.00
تحويل التاريخ من عجري الى ميلادي,,0,,0.00,0.00
تحويل التاريخ من عربى لهجرى,,0,,0.00,0.00
تحويل التاريخ من عربي الانجليزي,,0,,0.00,0.00
تحويل التاريخ من عربي الى انجليز,,0,,0.00,0.00
تحويل التاريخ من عربي الى انجليزي في الايفون,,0,,0.00,0.00
تحويل التاريخ من عربي الى انجليزي قوقل,,0,,0.00,0.00
تحويل التاريخ من عربي الى انجليزي1440,,0,,0.00,0.00
تحويل التاريخ من عربي الى هندي,,0,,0.00,0.00
تحويل التاريخ من عربي لانقليزي,,0,,0.00,0.00
تحويل التاريخ من لاري الى الميلادي 2019,,0,,0.00,0.00
تحويل التاريخ من للميلادي للهجري,,0,,0.00,0.00
تحويل التاريخ من لميلادي لهجري,,0,,0.00,0.00
تحويل التاريخ من مايو الى ايار,,0,,0.00,0.00
تحويل التاريخ من مبلادي الى هجري,,0,,0.00,0.00
تحويل التاريخ من من ميلادي لهجري,,0,,0.00,0.00
تحويل التاريخ من من هجري لميلادي,,0,,0.00,0.00
تحويل التاريخ من من وورد الى بي دي اف,,0,,0.00,0.00
تحويل التاريخ من ميالدي الى هجري,,0,,0.00,0.00
تحويل التاريخ من ميلا,,0,,0.00,0.00
تحويل التاريخ من ميلا دي تلة الحنةة,,0,,0.00,0.00
تحويل التاريخ من ميلاد,,0,,0.00,0.00
تحويل التاريخ من ميلادى إلى هجرى,,0,,0.00,0.00
تحويل التاريخ من ميلادى الى هجري,,0,,0.00,0.00
تحويل التاريخ من ميلادى لهجرى 2013,,0,,0.00,0.00
تحويل التاريخ من ميلادى لهجرى 2015,,0,,0.00,0.00
تحويل التاريخ من ميلادى لهجرى 2017,,0,,0.00,0.00
تحويل التاريخ من ميلادى لهجرى 2018,,0,,0.00,0.00
تحويل التاريخ من ميلادى لهجرى 2019,,0,,0.00,0.00
تحويل التاريخ من ميلادى لهجرى islamicfinder,,0,,0.00,0.00
تحويل التاريخ من ميلادى لهجرى ام القرى,,0,,0.00,0.00
تحويل التاريخ من ميلادى لهجرى بالارقام,,0,,0.00,0.00
تحويل التاريخ من ميلادى لهجرى طبيب كوم,,0,,0.00,0.00
تحويل التاريخ من ميلادى لهجرى ٢٠١٧,,0,,0.00,0.00
تحويل التاريخ من ميلادى لهجرى ٢٠١٨,,0,,0.00,0.00
تحويل التاريخ من ميلادى لهجري 2017,,0,,0.00,0.00
تحويل التاريخ من ميلادي إلى أبراج,,0,,0.00,0.00
تحويل التاريخ من ميلادي إلى عربي,,0,,0.00,0.00
تحويل التاريخ من ميلادي إلى قمري,,0,,0.00,0.00
تحويل التاريخ من ميلادي إلىهجري,,0,,0.00,0.00
تحويل التاريخ من ميلادي ال,,0,,0.00,0.00
تحويل التاريخ من ميلادي الاهجري,,0,,0.00,0.00
تحويل التاريخ من ميلادي الهجري 2016,,0,,0.00,0.00
تحويل التاريخ من ميلادي الهجري 2018,,0,,0.00,0.00
تحويل التاريخ من ميلادي الى i vd,,0,,0.00,0.00
تحويل التاريخ من ميلادي الى اب,,0,,0.00,0.00
تحويل التاريخ من ميلادي الى ابراج,,0,,0.00,0.00
تحويل التاريخ من ميلادي الى اثيوبيا,,0,,0.00,0.00
تحويل التاريخ من ميلادي الى برج,,0,,0.00,0.00
تحويل التاريخ من ميلادي الى روماني,,0,,0.00,0.00
تحويل التاريخ من ميلادي الى صيني,,0,,0.00,0.00
تحويل التاريخ من ميلادي الى هجر,,0,,0.00,0.00
تحويل التاريخ من ميلادي الى هجرى 2017,,0,,0.00,0.00
تحويل التاريخ من ميلادي الى هجرى اكسلل,,0,,0.00,0.00
تحويل التاريخ من ميلادي الى هجري 1440,,0,,0.00,0.00
تحويل التاريخ من ميلادي الى هجري 1441,,0,,0.00,0.00
تحويل التاريخ من ميلادي الى هجري 2001,,0,,0.00,0.00
تحويل التاريخ من ميلادي الى هجري 2011,,0,,0.00,0.00
تحويل التاريخ من ميلادي الى هجري 2015,,0,,0.00,0.00
تحويل التاريخ من ميلادي الى هجري éà&ç,,0,,0.00,0.00
تحويل التاريخ من ميلادي الى هجري اكسس,,0,,0.00,0.00
تحويل التاريخ من ميلادي الى هجري اكسيل,,0,,0.00,0.00
تحويل التاريخ من ميلادي الى هجري الرسمي,,0,,0.00,0.00
تحويل التاريخ من ميلادي الى هجري بارقام,,0,,0.00,0.00
تحويل التاريخ من ميلادي الى هجري بالارقام,,0,,0.00,0.00
تحويل التاريخ من ميلادي الى هجري بالايفون,,0,,0.00,0.00
تحويل التاريخ من ميلادي الى هجري شمسي,,0,,0.00,0.00
تحويل التاريخ من ميلادي الى هجري فى vb6,,0,,0.00,0.00
تحويل التاريخ من ميلادي الى هجري في اكسل,,0,,0.00,0.00
تحويل التاريخ من ميلادي الى هجري في الاكسيل,,0,,0.00,0.00
تحويل التاريخ من ميلادي الى هجري لسنة 2019,,0,,0.00,0.00
تحويل التاريخ من ميلادي الى هجري للايفون,,0,,0.00,0.00
تحويل التاريخ من ميلادي الى هجري مع برجك,,0,,0.00,0.00
تحويل التاريخ من ميلادي الى هجري والابراج,,0,,0.00,0.00
تحويل التاريخ من ميلادي الى هجري والعمر,,0,,0.00,0.00
تحويل التاريخ من ميلادي الى هجري ومعرفة العمر,,0,,0.00,0.00
تحويل التاريخ من ميلادي الى هجري ٢٠١٦,,0,,0.00,0.00
تحويل التاريخ من ميلادي الى هجري ٢٠١٧,,0,,0.00,0.00
تحويل التاريخ من ميلادي الى هجري ٢٠١٨,,0,,0.00,0.00
تحويل التاريخ من ميلادي الى هجري ٢٠١٩,,0,,0.00,0.00
تحويل التاريخ من ميلادي الى هجري ٢٠٢٠,,0,,0.00,0.00
تحويل التاريخ من ميلادي الى هجري2017,,0,,0.00,0.00
تحويل التاريخ من ميلادي الى هجري٢٠١٨,,0,,0.00,0.00
تحويل التاريخ من ميلادي الى يابان,,0,,0.00,0.00
تحويل التاريخ من ميلادي الى ياباني,,0,,0.00,0.00
تحويل التاريخ من ميلادي الي هجري 06-11-2019,,0,,0.00,0.00
تحويل التاريخ من ميلادي الية هجري,,0,,0.00,0.00
تحويل التاريخ من ميلادي اليهجري,,0,,0.00,0.00
تحويل التاريخ من ميلادي على هجري,,0,,0.00,0.00
تحويل التاريخ من ميلادي لا هجري,,0,,0.00,0.00
تحويل التاريخ من ميلادي لخدري,,0,,0.00,0.00
تحويل التاريخ من ميلادي لشمسي,,0,,0.00,0.00
تحويل التاريخ من ميلادي لقبطي,,0,,0.00,0.00
تحويل التاريخ من ميلادي لهججري,,0,,0.00,0.00
تحويل التاريخ من ميلادي لهجري 2013,,0,,0.00,0.00
تحويل التاريخ من ميلادي لهجري 2014,,0,,0.00,0.00
تحويل التاريخ من ميلادي لهجري 2015,,0,,0.00,0.00
تحويل التاريخ من ميلادي لهجري 2016,,0,,0.00,0.00
تحويل التاريخ من ميلادي لهجري 2017,,0,,0.00,0.00
تحويل التاريخ من ميلادي لهجري 2019,,0,,0.00,0.00
تحويل التاريخ من ميلادي لهجري 23 ديسمبر 2013,,0,,0.00,0.00
تحويل التاريخ من ميلادي لهجري excel,,0,,0.00,0.00
تحويل التاريخ من ميلادي لهجري islamic finder,,0,,0.00,0.00
تحويل التاريخ من ميلادي لهجري islamicfinder,,0,,0.00,0.00
تحويل التاريخ من ميلادي لهجري بالايفون,,0,,0.00,0.00
تحويل التاريخ من ميلادي لهجري ساندروز,,0,,0.00,0.00
تحويل التاريخ من ميلادي لهجري شمسي,,0,,0.00,0.00
تحويل التاريخ من ميلادي لهجري على الجهاز,,0,,0.00,0.00
تحويل التاريخ من ميلادي لهجري في الايفون,,0,,0.00,0.00
تحويل التاريخ من ميلادي لهجري للايفون,,0,,0.00,0.00
تحويل التاريخ من ميلادي لهجري نداء الايمان,,0,,0.00,0.00
تحويل التاريخ من ميلادي لهجري والعكس,,0,,0.00,0.00
تحويل التاريخ من ميلادي لهجري1991,,0,,0.00,0.00
تحويل التاريخ من ميلادي لهجري٢٠١٧,,0,,0.00,0.00
تحويل التاريخ من ميلادي لهدري,,0,,0.00,0.00
تحويل التاريخ من ميلادي هرجي,,0,,0.00,0.00
تحويل التاريخ من ميلادي وهدري,,0,,0.00,0.00
تحويل التاريخ من ميلاديإلىهجري,,0,,0.00,0.00
تحويل التاريخ من نيبالي الى ميلادي,,0,,0.00,0.00
تحويل التاريخ من ه الى م,,0,,0.00,0.00
تحويل التاريخ من هججري الي ميلادي,,0,,0.00,0.00
تحويل التاريخ من هجدري لميلادي,,0,,0.00,0.00
تحويل التاريخ من هجرالى ميلادي,,0,,0.00,0.00
تحويل التاريخ من هجرى إلى ميلادى,,0,,0.00,0.00
تحويل التاريخ من هجرى الى ميلادى 2015,,0,,0.00,0.00
تحويل التاريخ من هجرى الى ميلادى 2016,,0,,0.00,0.00
تحويل التاريخ من هجرى الى ميلادى 2018,,0,,0.00,0.00
تحويل التاريخ من هجرى الى ميلادى 2019,,0,,0.00,0.00
تحويل التاريخ من هجرى الى ميلادى نداء الايمان,,0,,0.00,0.00
تحويل التاريخ من هجرى الي ميلادى 2017,,0,,0.00,0.00
تحويل التاريخ من هجرى الي ميلادي,,0,,0.00,0.00
تحويل التاريخ من هجرى لاميلادى,,0,,0.00,0.00
تحويل التاريخ من هجرى للميلادى,,0,,0.00,0.00
تحويل التاريخ من هجرى لميلادى 2017,,0,,0.00,0.00
تحويل التاريخ من هجري 1407 الى ميلادي,,0,,0.00,0.00
تحويل التاريخ من هجري 24 06,,0,,0.00,0.00
تحويل التاريخ من هجري إلا ميلادي,,0,,0.00,0.00
تحويل التاريخ من هجري إلا ميلاي,,0,,0.00,0.00
تحويل التاريخ من هجري إلى ميلادى والعكس فى الاكسيل,,0,,0.00,0.00
تحويل التاريخ من هجري إلى ميلادي نداء الإيمان,,0,,0.00,0.00
تحويل التاريخ من هجري إلى ميلاذي,,0,,0.00,0.00
تحويل التاريخ من هجري الى الابراج,,0,,0.00,0.00
تحويل التاريخ من هجري الى الميلاد,,0,,0.00,0.00
تحويل التاريخ من هجري الى ايار,,0,,0.00,0.00
تحويل التاريخ من هجري الى سرياني,,0,,0.00,0.00
تحويل التاريخ من هجري الى صيغة انجليزي,,0,,0.00,0.00
تحويل التاريخ من هجري الى صيني,,0,,0.00,0.00
تحويل التاريخ من هجري الى عربي في اكسل,,0,,0.00,0.00
تحويل التاريخ من هجري الى ميا,,0,,0.00,0.00
تحويل التاريخ من هجري الى ميلاجي,,0,,0.00,0.00
تحويل التاريخ من هجري الى ميلاد ي,,0,,0.00,0.00
تحويل التاريخ من هجري الى ميلادى,,0,,0.00,0.00
تحويل التاريخ من هجري الى ميلادي 1434,,0,,0.00,0.00
تحويل التاريخ من هجري الى ميلادي 1439,,0,,0.00,0.00
تحويل التاريخ من هجري الى ميلادي 2014,,0,,0.00,0.00
تحويل التاريخ من هجري الى ميلادي 2017,,0,,0.00,0.00
تحويل التاريخ من هجري الى ميلادي 2018,,0,,0.00,0.00
تحويل التاريخ من هجري الى ميلادي 2019,,0,,0.00,0.00
تحويل التاريخ من هجري الى ميلادي 3,,0,,0.00,0.00
تحويل التاريخ من هجري الى ميلادي asp.net,,0,,0.00,0.00
تحويل التاريخ من هجري الى ميلادي islamic finder,,0,,0.00,0.00
تحويل التاريخ من هجري الى ميلادي sql server 2012,,0,,0.00,0.00
تحويل التاريخ من هجري الى ميلادي vb.net,,0,,0.00,0.00
تحويل التاريخ من هجري الى ميلادي visual studio,,0,,0.00,0.00
تحويل التاريخ من هجري الى ميلادي xls,,0,,0.00,0.00
تحويل التاريخ من هجري الى ميلادي ابراج,,0,,0.00,0.00
تحويل التاريخ من هجري الى ميلادي اكسيل,,0,,0.00,0.00
تحويل التاريخ من هجري الى ميلادي اكسيل2017,,0,,0.00,0.00
تحويل التاريخ من هجري الى ميلادي بالانجليزي,,0,,0.00,0.00
تحويل التاريخ من هجري الى ميلادي باليوم,,0,,0.00,0.00
تحويل التاريخ من هجري الى ميلادي بدقه,,0,,0.00,0.00
تحويل التاريخ من هجري الى ميلادي برج,,0,,0.00,0.00
تحويل التاريخ من هجري الى ميلادي حسب تقويم ام القرى,,0,,0.00,0.00
تحويل التاريخ من هجري الى ميلادي دقيق فيجوال بيسك,,0,,0.00,0.00
تحويل التاريخ من هجري الى ميلادي دوت نت,,0,,0.00,0.00
تحويل التاريخ من هجري الى ميلادي ر,,0,,0.00,0.00
تحويل التاريخ من هجري الى ميلادي رهسعشم,,0,,0.00,0.00
تحويل التاريخ من هجري الى ميلادي ساندروز,,0,,0.00,0.00
تحويل التاريخ من هجري الى ميلادي سكول سيرفر,,0,,0.00,0.00
تحويل التاريخ من هجري الى ميلادي على الاكسيل,,0,,0.00,0.00
تحويل التاريخ من هجري الى ميلادي فى اكسل,,0,,0.00,0.00
تحويل التاريخ من هجري الى ميلادي فى اكسل يوتيوب,,0,,0.00,0.00
تحويل التاريخ من هجري الى ميلادي في,,0,,0.00,0.00
تحويل التاريخ من هجري الى ميلادي في sql server 2014,,0,,0.00,0.00
تحويل التاريخ من هجري الى ميلادي في جداول بيانات قوقل,,0,,0.00,0.00
تحويل التاريخ من هجري الى ميلادي في جداول قوقل,,0,,0.00,0.00
تحويل التاريخ من هجري الى ميلادي في فجوال بيسك,,0,,0.00,0.00
تحويل التاريخ من هجري الى ميلادي فياكسل,,0,,0.00,0.00
تحويل التاريخ من هجري الى ميلادي لدي التامينات الاجتماعية,,0,,0.00,0.00
تحويل التاريخ من هجري الى ميلادي لسته,,0,,0.00,0.00
تحويل التاريخ من هجري الى ميلادي للكمبيوتر,,0,,0.00,0.00
تحويل التاريخ من هجري الى ميلادي لمعرفة الابراج,,0,,0.00,0.00
تحويل التاريخ من هجري الى ميلادي لمعرفة برجك,,0,,0.00,0.00
تحويل التاريخ من هجري الى ميلادي و العكس فيجوال بيسك,,0,,0.00,0.00
تحويل التاريخ من هجري الى ميلادي وبرجك,,0,,0.00,0.00
تحويل التاريخ من هجري الى ميلادي ومعرفة الشهر,,0,,0.00,0.00
تحويل التاريخ من هجري الى ميلادي ومعرفة برجك,,0,,0.00,0.00
تحويل التاريخ من هجري الى ميلادي ومعرفة برجي,,0,,0.00,0.00
تحويل التاريخ من هجري الى ميلادي ١٤٣٩,,0,,0.00,0.00
تحويل التاريخ من هجري الى ميلادي ٢٠١٨,,0,,0.00,0.00
تحويل التاريخ من هجري الى ميلادي ٢٠١٩,,0,,0.00,0.00
تحويل التاريخ من هجري الى ميلاديالرمز البريدي لمدينة العلا,,0,,0.00,0.00
تحويل التاريخ من هجري الى ميلاديمت,,0,,0.00,0.00
تحويل التاريخ من هجري الى ميلالدي,,0,,0.00,0.00
تحويل التاريخ من هجري الى ميلايد,,0,,0.00,0.00
تحويل التاريخ من هجري الى هجري شمسي,,0,,0.00,0.00
تحويل التاريخ من هجري الىميلادي,,0,,0.00,0.00
تحويل التاريخ من هجري الىميلادي تقويم ام القر,,0,,0.00,0.00
تحويل التاريخ من هجري الي,,0,,0.00,0.00
تحويل التاريخ من هجري الي الميلادي,,0,,0.00,0.00
تحويل التاريخ من هجري الي مبلادي,,0,,0.00,0.00
تحويل التاريخ من هجري الي ميدي,,0,,0.00,0.00
تحويل التاريخ من هجري الي ميلاد,,0,,0.00,0.00
تحويل التاريخ من هجري الي ميلادي 2 23 1419,,0,,0.00,0.00
تحويل التاريخ من هجري الي ميلالدي,,0,,0.00,0.00
تحويل التاريخ من هجري الي ميلدي,,0,,0.00,0.00
تحويل التاريخ من هجري الين ميلادي,,0,,0.00,0.00
تحويل التاريخ من هجري ام القري الي ميلادي excel,,0,,0.00,0.00
تحويل التاريخ من هجري تاى ميلادي,,0,,0.00,0.00
تحويل التاريخ من هجري شمسي الى ميلادي,,0,,0.00,0.00
تحويل التاريخ من هجري غلى ميلادي,,0,,0.00,0.00
تحويل التاريخ من هجري قمري الى هجري شمسي,,0,,0.00,0.00
تحويل التاريخ من هجري ل ميلاد,,0,,0.00,0.00
تحويل التاريخ من هجري لاى ميلادي,,0,,0.00,0.00
تحويل التاريخ من هجري للاميلادي,,0,,0.00,0.00
تحويل التاريخ من هجري للتاريخ الاثيوبي,,0,,0.00,0.00
تحويل التاريخ من هجري للى ميلادي,,0,,0.00,0.00
تحويل التاريخ من هجري لمبلادي,,0,,0.00,0.00
تحويل التاريخ من هجري لمي,,0,,0.00,0.00
تحويل التاريخ من هجري لميلاادي,,0,,0.00,0.00
تحويل التاريخ من هجري لميلادؤ,,0,,0.00,0.00
تحويل التاريخ من هجري لميلادري,,0,,0.00,0.00
تحويل التاريخ من هجري لميلادى,,0,,0.00,0.00
تحويل التاريخ من هجري لميلادي 2013,,0,,0.00,0.00
تحويل التاريخ من هجري لميلادي 2014,,0,,0.00,0.00
تحويل التاريخ من هجري لميلادي 2015,,0,,0.00,0.00
تحويل التاريخ من هجري لميلادي 2016,,0,,0.00,0.00
تحويل التاريخ من هجري لميلادي 2017,,0,,0.00,0.00
تحويل التاريخ من هجري لميلادي 2018,,0,,0.00,0.00
تحويل التاريخ من هجري لميلادي 2019,,0,,0.00,0.00
تحويل التاريخ من هجري لميلادي 2020,,0,,0.00,0.00
تحويل التاريخ من هجري لميلادي ابراج,,0,,0.00,0.00
تحويل التاريخ من هجري لميلادي اكسل عربي,,0,,0.00,0.00
تحويل التاريخ من هجري لميلادي الاحوال,,0,,0.00,0.00
تحويل التاريخ من هجري لميلادي الاكسل,,0,,0.00,0.00
تحويل التاريخ من هجري لميلادي البرج,,0,,0.00,0.00
تحويل التاريخ من هجري لميلادي الجوازات,,0,,0.00,0.00
تحويل التاريخ من هجري لميلادي اون لاين,,0,,0.00,0.00
تحويل التاريخ من هجري لميلادي بدقه,,0,,0.00,0.00
تحويل التاريخ من هجري لميلادي تسعه,,0,,0.00,0.00
تحويل التاريخ من هجري لميلادي جواز,,0,,0.00,0.00
تحويل التاريخ من هجري لميلادي ساندروز,,0,,0.00,0.00
تحويل التاريخ من هجري لميلادي على الاكسيل,,0,,0.00,0.00
تحويل التاريخ من هجري لميلادي في ال الكبيوتر,,0,,0.00,0.00
تحويل التاريخ من هجري لميلادي قوقل,,0,,0.00,0.00
تحويل التاريخ من هجري لميلادي لسنه 1438,,0,,0.00,0.00
تحويل التاريخ من هجري لميلادي لمعرفة العمر,,0,,0.00,0.00
تحويل التاريخ من هجري لميلادي لمعرفة برجك,,0,,0.00,0.00
تحويل التاريخ من هجري لميلادي مع اسم الشهر,,0,,0.00,0.00
تحويل التاريخ من هجري لميلادي مع الشهر,,0,,0.00,0.00
تحويل التاريخ من هجري لميلادي مع العمر,,0,,0.00,0.00
تحويل التاريخ من هجري لميلادي نداء الايمان,,0,,0.00,0.00
تحويل التاريخ من هجري لميلادي ومعرفة الابراج,,0,,0.00,0.00
تحويل التاريخ من هجري لميلادي2017,,0,,0.00,0.00
تحويل التاريخ من هجري لميلاري,,0,,0.00,0.00
تحويل التاريخ من هجري لميلدي,,0,,0.00,0.00
تحويل التاريخ من هجري لنيلادي,,0,,0.00,0.00
تحويل التاريخ من هجري لي ملادي,,0,,0.00,0.00
تحويل التاريخ من هجري لي ميلادي في الاكسل,,0,,0.00,0.00
تحويل التاريخ من هجري مع حساب العمر,,0,,0.00,0.00
تحويل التاريخ من هجري من ميلادي,,0,,0.00,0.00
تحويل التاريخ من هجريب الى ميلادي,,0,,0.00,0.00
تحويل التاريخ من هجريس اللى ميلادي,,0,,0.00,0.00
تحويل التاريخ من هجلري الى ميلادي,,0,,0.00,0.00
تحويل التاريخ من هجلميلاديري,,0,,0.00,0.00
تحويل التاريخ من هجير الا ميلادي,,0,,0.00,0.00
تحويل التاريخ من هح,,0,,0.00,0.00
تحويل التاريخ من هحجري الى ميلادي,,0,,0.00,0.00
تحويل التاريخ من هري الى ميلادي,,0,,0.00,0.00
تحويل التاريخ من هميلادي الى هجري,,0,,0.00,0.00
تحويل التاريخ من هيلادي الى هجري ام القرى,,0,,0.00,0.00
تحويل التاريخ منالميلادي الي اهجري,,0,,0.00,0.00
تحويل التاريخ منهجري إلى ميلادي,,0,,0.00,0.00
تحويل التاريخ منهجري ال ميلادي,,0,,0.00,0.00
تحويل التاريخ منهجري لميلادب,,0,,0.00,0.00
تحويل التاريخ موقع ام القرى,,0,,0.00,0.00
تحويل التاريخ مي نرهجر,,0,,0.00,0.00
تحويل التاريخ ميلا,,0,,0.00,0.00
تحويل التاريخ ميلاد هجري,,0,,0.00,0.00
تحويل التاريخ ميلادك من ميلادي للهجري,,0,,0.00,0.00
تحويل التاريخ ميلادى لهجرى,,0,,0.00,0.00
تحويل التاريخ ميلادي windows 10,,0,,0.00,0.00
تحويل التاريخ ميلادي الى ابراج,,0,,0.00,0.00
تحويل التاريخ ميلادي الى الابراج,,0,,0.00,0.00
تحويل التاريخ ميلادي الى شمسي,,0,,0.00,0.00
تحويل التاريخ ميلادي الى صيني,,0,,0.00,0.00
تحويل التاريخ ميلادي الى عربي,,0,,0.00,0.00
تحويل التاريخ ميلادي او,,0,,0.00,0.00
تحويل التاريخ ميلادي لهجري 2015,,0,,0.00,0.00
تحويل التاريخ ميلادي من هجري الى ميلادي,,0,,0.00,0.00
تحويل التاريخ ميلاديالهجري الى ميلادي,,0,,0.00,0.00
تحويل التاريخ ن هجري الى ميلادي,,0,,0.00,0.00
تحويل التاريخ نداء الإيمان,,0,,0.00,0.00
تحويل التاريخ نن,,0,,0.00,0.00
تحويل التاريخ نيبال,,0,,0.00,0.00
تحويل التاريخ نيبالي,,0,,0.00,0.00
تحويل التاريخ هجرى الى انجليزى,,0,,0.00,0.00
تحويل التاريخ هجرى الى مسلادى,,0,,0.00,0.00
تحويل التاريخ هجرى الى ميلادى,,0,,0.00,0.00
تحويل التاريخ هجرى وميلادى,,0,,0.00,0.00
تحويل التاريخ هجري windows 10,,0,,0.00,0.00
تحويل التاريخ هجري ألى ميلادي,,0,,0.00,0.00
تحويل التاريخ هجري الى,,0,,0.00,0.00
تحويل التاريخ هجري الى انجليزي,,0,,0.00,0.00
تحويل التاريخ هجري الى عربي,,0,,0.00,0.00
تحويل التاريخ هجري الى ميلا,,0,,0.00,0.00
تحويل التاريخ هجري بالميلادي,,0,,0.00,0.00
تحويل التاريخ هجري ثانوي,,0,,0.00,0.00
تحويل التاريخ هجري شمسي,,0,,0.00,0.00
تحويل التاريخ هجري شهري,,0,,0.00,0.00
تحويل التاريخ هجري غالى ميلادي,,0,,0.00,0.00
تحويل التاريخ هجري للميلادي,,0,,0.00,0.00
تحويل التاريخ هجري ميلادي تاريخ اليوم تحويل التقويم الهجري الميلادي,,0,,0.00,0.00
تحويل التاريخ هجري وبالايام,,0,,0.00,0.00
تحويل التاريخ هجري ويندوز 10,,0,,0.00,0.00
تحويل التاريخ هجري ويندوز10,,0,,0.00,0.00
تحويل التاريخ و,,0,,0.00,0.00
تحويل التاريخ و أو الوقت من سلسلة الأحرف,,0,,0.00,0.00
تحويل التاريخ و أو الوقت من سلسلة الأحرف in vb.net,,0,,0.00,0.00
تحويل التاريخ واحتساب العمر,,0,,0.00,0.00
تحويل التاريخ والوقت الى العربي,,0,,0.00,0.00
تحويل التاريخ واليوم بالميلادي,,0,,0.00,0.00
تحويل التاريخ واليوم في الاكسل,,0,,0.00,0.00
تحويل التاريخ وتحديد البرج,,0,,0.00,0.00
تحويل التاريخ وحساب العمر اكسس,,0,,0.00,0.00
تحويل التاريخ وزارة العدل,,0,,0.00,0.00
تحويل التاريخ وعدد الايام,,0,,0.00,0.00
تحويل التاريخ وورد الى pdf,,0,,0.00,0.00
تحويل التاريخ ى,,0,,0.00,0.00
تحويل التاريخ ي اكسل,,0,,0.00,0.00
تحويل التاريخ يدويا,,0,,0.00,0.00
تحويل التاريخ يسيات,,0,,0.00,0.00
تحويل التاريخ يوتيوب الى mp3,,0,,0.00,0.00
تحويل التاريخ ١ ١ ٢٠١٩ الي هجري,,0,,0.00,0.00
تحويل التاريخ ١٨ ١١ ١٤٣٦,,0,,0.00,0.00
تحويل التاريخ ٣١ ١٢ ٢٠١٩ الي هجري,,0,,0.00,0.00
تحويل التاريخ ٩-٧-١٩٧٠ الى تاريخ هجري,,0,,0.00,0.00
تحويل التاريخ.co,,0,,0.00,0.00
تحويل التاريخ.من ميلاظي اي هجري,,0,,0.00,0.00
تحويل التاريخ.هجري في نظام نور,,0,,0.00,0.00
تحويل التاريخي الهجرى,,0,,0.00,0.00
تحويل التاريخية,,0,,0.00,0.00
تحويل الحسابات بتاريخ سعر الصرف,,0,,0.00,0.00
تحويل الدقيق للتاريخ,,0,,0.00,0.00
تحويل الراتب بالتاريخ الميلادي,,0,,0.00,0.00
تحويل الراتب بالتاريخ الميلادي اعتبارا,,0,,0.00,0.00
تحويل الراتب بالتاريخ الميلادي واس,,0,,0.00,0.00
تحويل العمر من التاريخ الهجري الى الميلادي,,0,,0.00,0.00
تحويل العملات التاريخي الجنية الاسترليني,,0,,0.00,0.00
تحويل العملات بتاريخ 1970,,0,,0.00,0.00
تحويل العملات في تاريخ معين,,0,,0.00,0.00
تحويل العملات من الريال السعودي والدرهم الاماراتي في تاريخ معين,,0,,0.00,0.00
تحويل العملة التاريخي,,0,,0.00,0.00
تحويل الفرق بين تاريخين الى نص,,0,,0.00,0.00
تحويل الميلادي إلى التاريخ الهجري,,0,,0.00,0.00
تحويل الميلادي إلى تاريخ البابلي,,0,,0.00,0.00
تحويل الن تاريخ,,0,,0.00,0.00
تحويل النص الى تاريخ,,0,,0.00,0.00
تحويل النص الى تاريخ سي شارب,,0,,0.00,0.00
تحويل الهجري الى تاريخ ميلادي,,0,,0.00,0.00
تحويل الى تاريخ الهجري,,0,,0.00,0.00
تحويل انجليزي الى عربي تاريخ,,0,,0.00,0.00
تحويل بتاريخ,,0,,0.00,0.00
تحويل بيانات التاريخ الميلادي الى ام القرى اكسس,,0,,0.00,0.00
تحويل تأريخ,,0,,0.00,0.00
تحويل تأريخ الإنجليزية إلى العربية,,0,,0.00,0.00
تحويل تأريخ ١٩٦٦ الي هجري,,0,,0.00,0.00
تحويل تاريخ 08 03 1441 الى ميلادى,,0,,0.00,0.00
تحويل تاريخ 1 12 1441,,0,,0.00,0.00
تحويل تاريخ 1437 8 29 الى الانجليزي,,0,,0.00,0.00
تحويل تاريخ 1437 8 29الى الانجليزي,,0,,0.00,0.00
تحويل تاريخ 21 7 2019,,0,,0.00,0.00
تحويل تاريخ 21 7 2019 تعادل كم في الهجري,,0,,0.00,0.00
تحويل تاريخ 26 فبراير,,0,,0.00,0.00
تحويل تاريخ 27 شعبان الى هجري,,0,,0.00,0.00
تحويل تاريخ 27 شعبان الى هجري 2018,,0,,0.00,0.00
تحويل تاريخ 27 شعبان الى هجري 2019,,0,,0.00,0.00
تحويل تاريخ 27 شعبان الى هجري2018,,0,,0.00,0.00
تحويل تاريخ 4 4 1440,,0,,0.00,0.00
تحويل تاريخ 5 9 1441 الى ميلادي,,0,,0.00,0.00
تحويل تاريخ 9 شوال 1439 للميلادي,,0,,0.00,0.00
تحويل تاريخ أم القري,,0,,0.00,0.00
تحويل تاريخ إكسل,,0,,0.00,0.00
تحويل تاريخ افرنجي الي ميلادي,,0,,0.00,0.00
تحويل تاريخ ال,,0,,0.00,0.00
تحويل تاريخ ال هجري,,0,,0.00,0.00
تحويل تاريخ الابراج,,0,,0.00,0.00
تحويل تاريخ الاقامة من العربي الى الميلادي,,0,,0.00,0.00
تحويل تاريخ التخرج من هجري الى ميلادي,,0,,0.00,0.00
تحويل تاريخ الجهاز الهجري,,0,,0.00,0.00
تحويل تاريخ الجهاز من هجري الى ميلادي,,0,,0.00,0.00
تحويل تاريخ الجوال الهجري,,0,,0.00,0.00
تحويل تاريخ الحمل من الميلادي الى الهجري,,0,,0.00,0.00
تحويل تاريخ الحمل من ميلادي الى هجري,,0,,0.00,0.00
تحويل تاريخ الرقمي الا كتابي,,0,,0.00,0.00
تحويل تاريخ العمر من الهجري الى الميلادي,,0,,0.00,0.00
تحويل تاريخ العمر من ميلادي الى هجري,,0,,0.00,0.00
تحويل تاريخ الكمبيوتر الى هجري,,0,,0.00,0.00
تحويل تاريخ الكمبيوتر من هجري الى ميلادي,,0,,0.00,0.00
تحويل تاريخ المبييلادي,,0,,0.00,0.00
تحويل تاريخ المولد,,0,,0.00,0.00
تحويل تاريخ الميالدي للهجري,,0,,0.00,0.00
تحويل تاريخ المياهلاد,,0,,0.00,0.00
تحويل تاريخ الميلاتد,,0,,0.00,0.00
تحويل تاريخ الميلاد الا هجري,,0,,0.00,0.00
تحويل تاريخ الميلاد الابراج,,0,,0.00,0.00
تحويل تاريخ الميلاد السنه,,0,,0.00,0.00
تحويل تاريخ الميلاد العربي الى انجليزي,,0,,0.00,0.00
تحويل تاريخ الميلاد الميلادى الى تاريخ هجرى,,0,,0.00,0.00
تحويل تاريخ الميلاد الميلادى الى هجرى,,0,,0.00,0.00
تحويل تاريخ الميلاد الميلادي للهجري,,0,,0.00,0.00
تحويل تاريخ الميلاد الهجرى الى عمر بالاكسل,,0,,0.00,0.00
تحويل تاريخ الميلاد الى الابراج,,0,,0.00,0.00
تحويل تاريخ الميلاد الى حروف,,0,,0.00,0.00
تحويل تاريخ الميلاد الى حروف انقلش,,0,,0.00,0.00
تحويل تاريخ الميلاد الى حروف بالانجليزي,,0,,0.00,0.00
تحويل تاريخ الميلاد الى روماني,,0,,0.00,0.00
تحويل تاريخ الميلاد الى عمر في اكسل,,0,,0.00,0.00
تحويل تاريخ الميلاد الى هجرى,,0,,0.00,0.00
تحويل تاريخ الميلاد بالهجرى,,0,,0.00,0.00
تحويل تاريخ الميلاد بالهجري الى ميلادي,,0,,0.00,0.00
تحويل تاريخ الميلاد عربي انجليزي,,0,,0.00,0.00
تحويل تاريخ الميلاد لمعرفة البرج,,0,,0.00,0.00
تحويل تاريخ الميلاد معرفة البرج,,0,,0.00,0.00
تحويل تاريخ الميلاد من التقويم الهجري للميلادي,,0,,0.00,0.00
تحويل تاريخ الميلاد من العربي الى الميلادي,,0,,0.00,0.00
تحويل تاريخ الميلاد من الميلادي للهجزي,,0,,0.00,0.00
تحويل تاريخ الميلاد من الهجري الى,,0,,0.00,0.00
تحويل تاريخ الميلاد من الهجري الى الميلادي الاحوال,,0,,0.00,0.00
تحويل تاريخ الميلاد من الهجري ل الميلادي,,0,,0.00,0.00
تحويل تاريخ الميلاد من الهجري للميلادي مع البرج,,0,,0.00,0.00
تحويل تاريخ الميلاد من عربي,,0,,0.00,0.00
تحويل تاريخ الميلاد من عربي الى افرنجي,,0,,0.00,0.00
تحويل تاريخ الميلاد من ميلا الى ميلادي,,0,,0.00,0.00
تحويل تاريخ الميلاد من ميلادي,,0,,0.00,0.00
تحويل تاريخ الميلاد من ميلادي الهجري,,0,,0.00,0.00
تحويل تاريخ الميلاد من ميلادي الي هجري,,0,,0.00,0.00
تحويل تاريخ الميلاد من ميلادي الي هجري 2016,,0,,0.00,0.00
تحويل تاريخ الميلاد من ميلادي الي هجري 2017,,0,,0.00,0.00
تحويل تاريخ الميلاد من هجرى الى ميلادى,,0,,0.00,0.00
تحويل تاريخ الميلاد من هجري الا ميلادي,,0,,0.00,0.00
تحويل تاريخ الميلاد من هجري الى انجليزي,,0,,0.00,0.00
تحويل تاريخ الميلاد من هجري الى ميلادي مع البرج,,0,,0.00,0.00
تحويل تاريخ الميلاد من هجري الى ميلادي والابراج,,0,,0.00,0.00
تحويل تاريخ الميلاد من هجري اليميلادي حسب أم القراء,,0,,0.00,0.00
تحويل تاريخ الميلاد من هجري لا ميلادي,,0,,0.00,0.00
تحويل تاريخ الميلاد من هجري لميلاد,,0,,0.00,0.00
تحويل تاريخ الميلاد ميلادي,,0,,0.00,0.00
تحويل تاريخ الميلاد ميلادي الى هجري,,0,,0.00,0.00
تحويل تاريخ الميلاد هجري لميلادي,,0,,0.00,0.00
تحويل تاريخ الميلاد والابراج,,0,,0.00,0.00
تحويل تاريخ الميلاد ومعرفة البرج,,0,,0.00,0.00
تحويل تاريخ الميلادج,,0,,0.00,0.00
تحويل تاريخ الميلادمن الهجري الى الميلادي,,0,,0.00,0.00
تحويل تاريخ الميلادي الاي هجري,,0,,0.00,0.00
تحويل تاريخ الميلادي الى هجري 1973,,0,,0.00,0.00
تحويل تاريخ الميلادي الى هجري 2017,,0,,0.00,0.00
تحويل تاريخ الميلادي الى يوم,,0,,0.00,0.00
تحويل تاريخ الميلادي الي هجري,,0,,0.00,0.00
تحويل تاريخ الميلادي اليوم,,0,,0.00,0.00
تحويل تاريخ الميلادي بالعربي,,0,,0.00,0.00
تحويل تاريخ الميلادي للشمسي,,0,,0.00,0.00
تحويل تاريخ الميلادي ومعرفة البرج,,0,,0.00,0.00
تحويل تاريخ الميلباد,,0,,0.00,0.00
تحويل تاريخ الميﻻد الهجري بالميﻻدي,,0,,0.00,0.00
تحويل تاريخ الهاتف من ميلادي إلى هجري,,0,,0.00,0.00
تحويل تاريخ الهاتف من ميلادي الى هجري,,0,,0.00,0.00
تحويل تاريخ الهجرى الى سن بالاكسل,,0,,0.00,0.00
تحويل تاريخ الهجري 1410,,0,,0.00,0.00
تحويل تاريخ الهجري إلى الميلادي,,0,,0.00,0.00
تحويل تاريخ الهجري الميلاد,,0,,0.00,0.00
تحويل تاريخ الهجري الى الميلاد,,0,,0.00,0.00
تحويل تاريخ الهجري الى تاريخ الميلادي,,0,,0.00,0.00
تحويل تاريخ الهجري الي الميلاد,,0,,0.00,0.00
تحويل تاريخ الهجري للميلادي بالاكسل,,0,,0.00,0.00
تحويل تاريخ الهجري والميلادي اليوم,,0,,0.00,0.00
تحويل تاريخ الهوية للميلادي,,0,,0.00,0.00
تحويل تاريخ الولادة من الهجري الى الميلادي,,0,,0.00,0.00
تحويل تاريخ الولاده لهجري,,0,,0.00,0.00
تحويل تاريخ الى الهجري,,0,,0.00,0.00
تحويل تاريخ الى تكست اكسل,,0,,0.00,0.00
تحويل تاريخ الى نص اكسل,,0,,0.00,0.00
تحويل تاريخ الى نص دون ان يتغير,,0,,0.00,0.00
تحويل تاريخ اليوم الى ايام الاسبوع,,0,,0.00,0.00
تحويل تاريخ اليوم الى تايم ستامب,,0,,0.00,0.00
تحويل تاريخ اليوم من هجري الى ميلادي اكسل,,0,,0.00,0.00
تحويل تاريخ اليوم هجري ام القرى,,0,,0.00,0.00
تحويل تاريخ ام القرى الى ميلادي,,0,,0.00,0.00
تحويل تاريخ امليلاد,,0,,0.00,0.00
تحويل تاريخ انتهاء الهوية,,0,,0.00,0.00
تحويل تاريخ انتهاء الهويه,,0,,0.00,0.00
تحويل تاريخ انقليزي الى عربي,,0,,0.00,0.00
تحويل تاريخ بالساعة و الوقت,,0,,0.00,0.00
تحويل تاريخ بطاقة الاحوال,,0,,0.00,0.00
تحويل تاريخ بطاقة الهوية الوطنية,,0,,0.00,0.00
تحويل تاريخ خجري لميلادي,,0,,0.00,0.00
تحويل تاريخ سريالي إلى ميلادي,,0,,0.00,0.00
تحويل تاريخ سي شارب,,0,,0.00,0.00
تحويل تاريخ شمسي به ميلادي,,0,,0.00,0.00
تحويل تاريخ عربي الي هجري,,0,,0.00,0.00
تحويل تاريخ عمر هجري الى ميلادي,,0,,0.00,0.00
تحويل تاريخ عمرك بالهجري الى الميلادي,,0,,0.00,0.00
تحويل تاريخ عيد الميلاد من انجليزي الى عربي,,0,,0.00,0.00
تحويل تاريخ عيد ميلادي,,0,,0.00,0.00
تحويل تاريخ كم عربي لانلقش,,0,,0.00,0.00
تحويل تاريخ لهجرى,,0,,0.00,0.00
تحويل تاريخ مرتب,,0,,0.00,0.00
تحويل تاريخ مطور,,0,,0.00,0.00
تحويل تاريخ من الميلادي الهجري,,0,,0.00,0.00
تحويل تاريخ من الميلادي الى هجري,,0,,0.00,0.00
تحويل تاريخ من الميلادي لهجري,,0,,0.00,0.00
تحويل تاريخ من الهجري,,0,,0.00,0.00
تحويل تاريخ من الهجري الي الميلادي,,0,,0.00,0.00
تحويل تاريخ من الهجري الي ميلادي,,0,,0.00,0.00
تحويل تاريخ من عربي الي هجري,,0,,0.00,0.00
تحويل تاريخ من عربي انجليزي,,0,,0.00,0.00
تحويل تاريخ من عربي لهجري,,0,,0.00,0.00
تحويل تاريخ من عربي ميلادي,,0,,0.00,0.00
تحويل تاريخ من ميلا,,0,,0.00,0.00
تحويل تاريخ من ميلادر لهجري,,0,,0.00,0.00
تحويل تاريخ من ميلادي إلي هجري,,0,,0.00,0.00
تحويل تاريخ من ميلادي الهجري,,0,,0.00,0.00
تحويل تاريخ من ميلادي لهجري windows 10,,0,,0.00,0.00
تحويل تاريخ من ميلاديهجري,,0,,0.00,0.00
تحويل تاريخ من هجرى الى ميلادى,,0,,0.00,0.00
تحويل تاريخ من هجرى لميلادى,,0,,0.00,0.00
تحويل تاريخ من هجري إلي ميلادي ملف,,0,,0.00,0.00
تحويل تاريخ من هجري الميلادي,,0,,0.00,0.00
تحويل تاريخ من هجري الى ملادي,,0,,0.00,0.00
تحويل تاريخ من هجري الى ميلادي 21 11 1422,,0,,0.00,0.00
تحويل تاريخ من هجري الى ميلادي 21 9 1422 هـ,,0,,0.00,0.00
تحويل تاريخ من هجري لي ميلادي,,0,,0.00,0.00
تحويل تاريخ من هجري وميلادي,,0,,0.00,0.00
تحويل تاريخ من هحري لميلادي,,0,,0.00,0.00
تحويل تاريخ مهجري الي ميلادي,,0,,0.00,0.00
تحويل تاريخ ميلاد الى الهحري,,0,,0.00,0.00
تحويل تاريخ ميلاد للهجري,,0,,0.00,0.00
تحويل تاريخ ميلاد من الميلادي للهجري,,0,,0.00,0.00
تحويل تاريخ ميلاد من هجري ل ميلادي,,0,,0.00,0.00
تحويل تاريخ ميلاد من هجري لميلادي,,0,,0.00,0.00
تحويل تاريخ ميلاد هجرى الى ميلادى,,0,,0.00,0.00
تحويل تاريخ ميلاد هجري الىميلاي,,0,,0.00,0.00
تحويل تاريخ ميلادك الى هجري,,0,,0.00,0.00
تحويل تاريخ ميلادك من الهجري,,0,,0.00,0.00
تحويل تاريخ ميلادك من الهجري الى ميلادي,,0,,0.00,0.00
تحويل تاريخ ميلادك من الهجري للميلادي,,0,,0.00,0.00
تحويل تاريخ ميلادك من ميلادي الى هجري,,0,,0.00,0.00
تحويل تاريخ ميلادك من ميلادي لهجري,,0,,0.00,0.00
تحويل تاريخ ميلادى إلى تاريخ هجرى,,0,,0.00,0.00
تحويل تاريخ ميلادى لتاريخ هجرى,,0,,0.00,0.00
تحويل تاريخ ميلادي الهجري الى الميلادي,,0,,0.00,0.00
تحويل تاريخ ميلادي الهجري الى ميلادي,,0,,0.00,0.00
تحويل تاريخ ميلادي الهجري للميلادي,,0,,0.00,0.00
تحويل تاريخ ميلادي الى ابراج,,0,,0.00,0.00
تحويل تاريخ ميلادي الى الميلادي,,0,,0.00,0.00
تحويل تاريخ ميلادي الى برجي,,0,,0.00,0.00
تحويل تاريخ ميلادي الى قمري,,0,,0.00,0.00
تحويل تاريخ ميلادي او,,0,,0.00,0.00
تحويل تاريخ ميلادي للهجوي,,0,,0.00,0.00
تحويل تاريخ ميلادي من هجري للميلادي,,0,,0.00,0.00
تحويل تاريخ ميىا,,0,,0.00,0.00
تحويل تاريخ هجبر,,0,,0.00,0.00
تحويل تاريخ هجحرى لميلادى,,0,,0.00,0.00
تحويل تاريخ هجر,,0,,0.00,0.00
تحويل تاريخ هجرى الى ميلادجى,,0,,0.00,0.00
تحويل تاريخ هجرى الي تاريخ ميلاد,,0,,0.00,0.00
تحويل تاريخ هجرى ميلادى,,0,,0.00,0.00
تحويل تاريخ هجري ال ميلادي,,0,,0.00,0.00
تحويل تاريخ هجري الى ابراج,,0,,0.00,0.00
تحويل تاريخ هجري الى ميلاد,,0,,0.00,0.00
تحويل تاريخ هجري الى ميلادي بسيط,,0,,0.00,0.00
تحويل تاريخ هجري الى ميلدي,,0,,0.00,0.00
تحويل تاريخ هجري ام القرى,,0,,0.00,0.00
تحويل تاريخ هجري ام القري,,0,,0.00,0.00
تحويل تاريخ هجري بالميلادي,,0,,0.00,0.00
تحويل تاريخ هجري به ميلادي,,0,,0.00,0.00
تحويل تاريخ هجري تاريخ ميلادي,,0,,0.00,0.00
تحويل تاريخ هجري لميلاد,,0,,0.00,0.00
تحويل تاريخ هجري لميلادي مواليد,,0,,0.00,0.00
تحويل تاريخ هجري ميلادي 2015,,0,,0.00,0.00
تحويل تاريخ هجري ميلاديexel,,0,,0.00,0.00
تحويل تاريخ هجريي الى ميلادي,,0,,0.00,0.00
تحويل تاريخ هجريي الي ميلادي,,0,,0.00,0.00
تحويل تاريخ هدري لملادي ع الاكسل,,0,,0.00,0.00
تحويل تاريخ يوليان,,0,,0.00,0.00
تحويل تاريخه,,0,,0.00,0.00
تحويل تاريخي من هجري الى ميلادي,,0,,0.00,0.00
تحويل حساب الفرق بين تاريخين,,0,,0.00,0.00
تحويل خلايا من نص الى تاريخ في excel 2016,,0,,0.00,0.00
تحويل خلايا من نص الى تاريخ هجري في excel 2016,,0,,0.00,0.00
تحويل خلية التاريخ إلى رقم,,0,,0.00,0.00
تحويل دالة التاريخ في اكسل,,0,,0.00,0.00
تحويل ساعة الفجر التاريخ من ميلادي الي هجري,,0,,0.00,0.00
تحويل صيغة التاريخ في اكسيل,,0,,0.00,0.00
تحويل عربي الى انجليزي تاريخ,,0,,0.00,0.00
تحويل عملات بالتاريخ,,0,,0.00,0.00
تحويل عملات بتاريخ سابق,,0,,0.00,0.00
تحويل عملة في تاريخ معين,,0,,0.00,0.00
تحويل عمله بتاريخ 9 5 2017,,0,,0.00,0.00
تحويل فورمات التاريخ الى نص,,0,,0.00,0.00
تحويل مدة تاريخ الى نص,,0,,0.00,0.00
تحويل من التاريخ الميلادي الى هجري,,0,,0.00,0.00
تحويل من التاريخ الميلادي للتاريخ الهجري,,0,,0.00,0.00
تحويل من التاريخ اميلادي الى الهجري,,0,,0.00,0.00
تحويل من التاريخ من هجري لميلادي,,0,,0.00,0.00
تحويل من التاريخ ميلادي الى الهجري,,0,,0.00,0.00
تحويل من الهجري للميلادي تاريخ,,0,,0.00,0.00
تحويل من انجليزي لعربي تاريخ,,0,,0.00,0.00
تحويل من تاريخ jpg hgd bdf,,0,,0.00,0.00
تحويل من تاريخ الميلادي الى هجري,,0,,0.00,0.00
تحويل من تاريخ الهجري للميلادي,,0,,0.00,0.00
تحويل من تاريخ شمسي الي ميلادي,,0,,0.00,0.00
تحويل من تاريخ عربس الى تاريخ انجليزي,,0,,0.00,0.00
تحويل من تاريخ عربي الى تاريخ انجليزي,,0,,0.00,0.00
تحويل من تاريخ ميلادى الى هجرى,,0,,0.00,0.00
تحويل من تاريخ ميلادى لهجرى,,0,,0.00,0.00
تحويل من تاريخ ميلادي ال هجري,,0,,0.00,0.00
تحويل من تاريخ ميلادي الئ هجري,,0,,0.00,0.00
تحويل من تاريخ ميلادي الى الهجري,,0,,0.00,0.00
تحويل من تاريخ ميلادي لاهجري,,0,,0.00,0.00
تحويل من تاريخ ميلادي لهجري اكسل,,0,,0.00,0.00
تحويل من تاريخ ميلاري,,0,,0.00,0.00
تحويل من تاريخ هجري الى الميلادي,,0,,0.00,0.00
تحويل من تاريخ هجري الى ميلادي asp.net,,0,,0.00,0.00
تحويل من تاريخ هجري للميلادي,,0,,0.00,0.00
تحويل من تاريخ هجري لملادي,,0,,0.00,0.00
تحويل من تاريخ هحرى الى عربى,,0,,0.00,0.00
تحويل من تحويل من تاريخ هجري لميلاده,,0,,0.00,0.00
تحويل من سلسلة حرف الى تاريخ فى الفيجوال بيسك,,0,,0.00,0.00
تحويل من عربي الى انجليزي التاريخ,,0,,0.00,0.00
تحويل من عربي لانجليزي تاريخ,,0,,0.00,0.00
تحويل من نص الى تاريخ بصيغة java,,0,,0.00,0.00
تحويل من هجري إلى ميلادي للتاريخ,,0,,0.00,0.00
تحويل من هجري الى ميلادي تاريخ الميلاد,,0,,0.00,0.00
تحويل من يورو الى ريال بتاريخ 27 02 2017,,0,,0.00,0.00
تحويلة التاريخ,,0,,0.00,0.00
تحويلي التاريخ من هجري لميلادي,,0,,0.00,0.00
ترجمة تحويل التاريخ,,0,,0.00,0.00
تصميم تحويل التاريخ,,0,,0.00,0.00
تصميم تحويل التاريخ اكسس,,0,,0.00,0.00
تطبيق تحويل التاريخ من ميلادي لهجري,,0,,0.00,0.00
تعليم اكسل تحويل التاريخ الهجري الي ميلادي,,0,,0.00,0.00
تقويم ام القرى تحويل تاريخ,,0,,0.00,0.00
تقويم ام القري تحويل التاريخ,,0,,0.00,0.00
تقويم تحويل التاريخ,,0,,0.00,0.00
تنزي برنامج تحويل التاريخ الميلادى الى هجرى,,0,,0.00,0.00
تنزيل تحويل التاريخ,,0,,0.00,0.00
جامعة الامام عبدالرحمن تاريخ التحويل,,0,,0.00,0.00
جدول تحويل التاريخ من الهجري الى الميلادي,,0,,0.00,0.00
جدول تحويل التاريخ من هجري الى ميلادي,,0,,0.00,0.00
حساب العمر بالهجري والميلادي وتحويل تاريخ الميلاد,,0,,0.00,0.00
حساب العمر تحويل التاريخ,,0,,0.00,0.00
حساب العمر وتحويل التاريخ عن طريق برنامج إكسل,,0,,0.00,0.00
حساب تحويل التاريخ من هجري الى ميلادي,,0,,0.00,0.00
حساب عدد الايام بين تاريخين وتحويلة الى سنين,,0,,0.00,0.00
حمل اداه تحويل التاريخ الهجرى الى ميلادى,,0,,0.00,0.00
خدمة تحويل التاريخ بوزارة الصحة,,0,,0.00,0.00
خدمة تحويل التاريخ من هجري الى ميلادي,,0,,0.00,0.00
دار الايمان تحويل التاريخ,,0,,0.00,0.00
دالة تحويل التاريخ اكسل,,0,,0.00,0.00
دالة تحويل التاريخ الميلادي إلى هجري,,0,,0.00,0.00
دالة تحويل التاريخ الميلادي الى هجري في الاكسل,,0,,0.00,0.00
دالة تحويل التاريخ الهجالى ميلدي,,0,,0.00,0.00
دالة تحويل التاريخ الهجري إلى ميلادي,,0,,0.00,0.00
دالة تحويل التاريخ الهجري الى ميلادي اوفيسنا,,0,,0.00,0.00
دالة تحويل التاريخ الى شهر,,0,,0.00,0.00
دالة تحويل التاريخ الى نص في اكسل,,0,,0.00,0.00
دالة تحويل التاريخ الى يوم,,0,,0.00,0.00
دالة تحويل التاريخ الي المدة,,0,,0.00,0.00
دالة تحويل التاريخ من ميلادي الى هجري اكسس,,0,,0.00,0.00
دالة تحويل التاريخ من ميلادي الى هجري اكسس استعلام,,0,,0.00,0.00
دالة تحويل التاريخ من هجري إلي ميلادي,,0,,0.00,0.00
دالة تحويل التاريخ من هجري الى ميلادي excel,,0,,0.00,0.00
دالة تحويل التاريخ من هجري الى ميلادي اكسس,,0,,0.00,0.00
دالة تحويل الرقم الى تاريخ,,0,,0.00,0.00
دالة تحويل العمر الى تاريخ,,0,,0.00,0.00
دالة تحويل النص الى تاريخ,,0,,0.00,0.00
داله تحويل التاريخ إكسل,,0,,0.00,0.00
داله تحويل التاريخ الي يوم,,0,,0.00,0.00
دلة تحويل التاريخ الى شهر,,0,,0.00,0.00
رابط تحويل التاريخ,,0,,0.00,0.00
رابط تحويل التاريخ من ميلادي لهجري,,0,,0.00,0.00
رسوم تحويل من سامبا للراجحي من تاريخ 01 01 2018,,0,,0.00,0.00
رسوم تحويل من سامبا من تاريخ 01 01 2018,,0,,0.00,0.00
سر الابراج تحويل التاريخ,,0,,0.00,0.00
سكربت تحويل التاريخ,,0,,0.00,0.00
سكربت تحويل التاريخ الهجري,,0,,0.00,0.00
سكربت للتحويل من تاريخ هجري الى ميلادي,,0,,0.00,0.00
سكريبت تحويل التاريخ الهجري والميلادي 2019,,0,,0.00,0.00
شهر 10 1438 تحويل التاريخ,,0,,0.00,0.00
شيت اكسيل تحويل التاريخ,,0,,0.00,0.00
شيت اكسيل تحويل التاريخ من هجري لميلادي,,0,,0.00,0.00
شيت تحويل التاريخ وحساب المده,,0,,0.00,0.00
طريقة التحويل بين التاريخ الهجري والميلادي,,0,,0.00,0.00
طريقة التحويل من التاريخ الهجري للميلادي,,0,,0.00,0.00
طريقة التحويل من تاريخ هجري الى ميلادي,,0,,0.00,0.00
طريقة تحويل اداة month calendar التاريخ الميلادي والهجري فيجوال ستوديو,,0,,0.00,0.00
طريقة تحويل الايام الى تاريخ في الاكسل,,0,,0.00,0.00
طريقة تحويل التاريخ إلى php sitemaps,,0,,0.00,0.00
طريقة تحويل التاريخ إلى sitemaps,,0,,0.00,0.00
طريقة تحويل التاريخ الميلادي الى هجري في الاكسس,,0,,0.00,0.00
طريقة تحويل التاريخ الميلادي الى هجري للاندريد,,0,,0.00,0.00
طريقة تحويل التاريخ الميلادي الى هجري للجوال,,0,,0.00,0.00
طريقة تحويل التاريخ الميلادي في موقع وزارة العدل,,0,,0.00,0.00
طريقة تحويل التاريخ الميلادي للهجري,,0,,0.00,0.00
طريقة تحويل التاريخ الميلادي لهجري,,0,,0.00,0.00
طريقة تحويل التاريخ الهجري الى ميلادي بالاكسل,,0,,0.00,0.00
طريقة تحويل التاريخ الهجري الى ميلادي حسابيا,,0,,0.00,0.00
طريقة تحويل التاريخ الهجري الى ميلادي في الكمبيوتر,,0,,0.00,0.00
طريقة تحويل التاريخ الهجري الي ميلادي ع الاكسيل,,0,,0.00,0.00
طريقة تحويل التاريخ الهجري لميلادي بالاكسل,,0,,0.00,0.00
طريقة تحويل التاريخ الهجري والميلادي,,0,,0.00,0.00
طريقة تحويل التاريخ عربي في وورد,,0,,0.00,0.00
طريقة تحويل التاريخ في موقع وزارة العدل,,0,,0.00,0.00
طريقة تحويل التاريخ في نظام اكسل,,0,,0.00,0.00
طريقة تحويل التاريخ في ويندوز 10,,0,,0.00,0.00
طريقة تحويل التاريخ للهجري في الاندرويد,,0,,0.00,0.00
طريقة تحويل التاريخ من الميلادي الى الهجري,,0,,0.00,0.00
طريقة تحويل التاريخ من الميلادي الى الهجري للايفون,,0,,0.00,0.00
طريقة تحويل التاريخ من الميلادي للهجري بالإكسس,,0,,0.00,0.00
طريقة تحويل التاريخ من الهجري الى الميلادي في الاكسل,,0,,0.00,0.00
طريقة تحويل التاريخ من هجري إلى ميلادي بالاكسل,,0,,0.00,0.00
طريقة تحويل التاريخ من هجري لميلادي عن طريق اكس ال,,0,,0.00,0.00
طريقة تحويل تاريخ الميلاد من الهجري الى الميلادي,,0,,0.00,0.00
طريقة تحويل تاريخ الميلاد من ميلادي الى هجري,,0,,0.00,0.00
طريقة تحويل تاريخ ميلادي الى هجري,,0,,0.00,0.00
طريقة تحويل تاريخ ميلادي الى هجري اندرويد ستوديو,,0,,0.00,0.00
طريقة تحويل تاريخ ميلادي الى هجري باندرويد ستديو,,0,,0.00,0.00
طريقة تحويل عدد ايام الى تاريخ في الاكسل,,0,,0.00,0.00
طريقة تحويل من التاريخ الهجري الى الميلادي,,0,,0.00,0.00
طريقة تحويل من تاريخ هجري الى ميلادي,,0,,0.00,0.00
طريقه تحويل التاريخ من الميلادي للهجري في الايفون,,0,,0.00,0.00
طريقه تحويل التاريخ من الميلادي للهجري للايفون,,0,,0.00,0.00
طيران تحويل تاريخ,,0,,0.00,0.00
في اكسيل معادلة تحويل التاريخ من هجري الى ميلادي,,0,,0.00,0.00
قاعدة تحويل التاريخ الميلادي الى هجري,,0,,0.00,0.00
قاعدة تحويل التاريخ الهجري الى ميلادي,,0,,0.00,0.00
قاعدة تحويل التاريخ من الهجري الى الميلادي,,0,,0.00,0.00
قانون التحويل من التاريخ الميلادي الى الهجري,,0,,0.00,0.00
قانون تحويل التاريخ الميلادي الى الهجري,,0,,0.00,0.00
كتابة التاريخ بالهجري وتحويله بالانقليزي,,0,,0.00,0.00
كريبت تحويل التاريخ الهجري والميلادي 2019,,0,,0.00,0.00
كود vba تحويل التاريخ من هجري الى ميلادي,,0,,0.00,0.00
كود برنامج تحويل التاريخ الميلادي الى هجري,,0,,0.00,0.00
كود تحويل التاريخ,,0,,0.00,0.00
كود تحويل التاريخ site www.traidnt.net,,0,,0.00,0.00
كود تحويل التاريخ الميلادي الى ام القرى اكسس,,0,,0.00,0.00
كود تحويل التاريخ الميلادي الى هجري,,0,,0.00,0.00
كود تحويل التاريخ الميلادي الى هجري اكسس,,0,,0.00,0.00
كود تحويل التاريخ الميلادي في مربع نص,,0,,0.00,0.00
كود تحويل التاريخ الهجري الى ميلادي بالاكسيل,,0,,0.00,0.00
كود تحويل التاريخ الى ام القرى,,0,,0.00,0.00
كود تحويل التاريخ في اكسس الى ام القرى,,0,,0.00,0.00
كود تحويل التاريخ للاندرويد,,0,,0.00,0.00
كود تحويل التاريخ من هجري الى ميلادي,,0,,0.00,0.00
كود تحويل التاريخ من هجري الى ميلادي asp.net,,0,,0.00,0.00
كود تحويل التاريخ من هجري الى ميلادي اكسيل2016,,0,,0.00,0.00
كود تحويل التاريخ من هجري الى ميلادي فىdtpicker,,0,,0.00,0.00
كود تحويل التاريخ من هجري الى ميلادي فيجوال بيسك,,0,,0.00,0.00
كود تحويل التاريخ من هجري الى ميلادي والعكس,,0,,0.00,0.00
كود تحويل تاريخ ميلادي الى هجري اندرويد ستوديو,,0,,0.00,0.00
كود تحويل تاريخ ميلادي الى هجري باندرويد ستديو,,0,,0.00,0.00
كود دالة تحويل التاريخ الهجري الى ميلادي,,0,,0.00,0.00
كود للتحويل من تاريخ هجري الى ميلادي,,0,,0.00,0.00
كي تحويل صيغه التاريخ في الاكسل من 1 1 1990,,0,,0.00,0.00
كيف استطيع تحويل التاريخ للهجري في نظام فارس,,0,,0.00,0.00
كيف تحويل التاريخ الهجري الى ملادي في ابشر,,0,,0.00,0.00
كيف تحويل التاريخ من العربي الى الانجليزي,,0,,0.00,0.00
كيف تحويل التاريخ من هجري الى ميلادي,,0,,0.00,0.00
كيف تحويل التاريخ من هجري الى ميلادي في الاكسل,,0,,0.00,0.00
كيف تحويل تاريخ الميلاد من هجري الى ميلادي,,0,,0.00,0.00
كيف تحويل جالاكسي تاريخ ميلادي وارقام انجليزيه,,0,,0.00,0.00
كيف يتم تحويل التاريخ الهجري الى ميلادي,,0,,0.00,0.00
كيفية التحويل بين التاريخ الهجري والميلادي,,0,,0.00,0.00
كيفية التحويل من التاريخ الميلادي الى الهجري,,0,,0.00,0.00
كيفية التحويل من التاريخ الهجري الى الميلادي,,0,,0.00,0.00
كيفية التحويل من تاريخ ميلادي الى هجري,,0,,0.00,0.00
كيفية تحويل التاريخ إلى سلسلة الأرقام أو تنسيق النص,,0,,0.00,0.00
كيفية تحويل التاريخ الميلادي الى الهجري,,0,,0.00,0.00
كيفية تحويل التاريخ الميلادي للهجري,,0,,0.00,0.00
كيفية تحويل التاريخ الميلادي لهجري,,0,,0.00,0.00
كيفية تحويل التاريخ الهجرى الى ميلادى فى ليبرو افيس,,0,,0.00,0.00
كيفية تحويل التاريخ الهجرى الى ميلادى فى ليبروافيس,,0,,0.00,0.00
كيفية تحويل التاريخ الهجري الى الميلادي,,0,,0.00,0.00
كيفية تحويل التاريخ الهجري لميلادي بالاكسيل,,0,,0.00,0.00
كيفية تحويل التاريخ من الهجري الى الميلادي,,0,,0.00,0.00
كيفية تحويل التاريخ من الهجري للميلادي,,0,,0.00,0.00
كيفية تحويل التاريخ من هجري الى ميلادي في الاكسل,,0,,0.00,0.00
كيفية تحويل التاريخ من هجري الى ميلادي في الايباد,,0,,0.00,0.00
كيفية تحويل التاريخ من هجري الى ميلادي في الايفون,,0,,0.00,0.00
كيفية تحويل التاريخ من هجري لميلادي,,0,,0.00,0.00
كيفية تحويل الخلايا فى الاكسيل من التاريخ,,0,,0.00,0.00
كيفية تحويل تاريخ الميلاد من الميلادي الى الهجري,,0,,0.00,0.00
كيفية تحويل تاريخ هجري لميلادي,,0,,0.00,0.00
كيفية تحويل من تاريخ هجري الى ميلادي,,0,,0.00,0.00
كيفيه تحديث تاريخ الاقامه بتحويل الراجحى,,0,,0.00,0.00
كيفيه تحويل تاريخ هجري الي ميلادي,,0,,0.00,0.00
ل ميلادي تحويل التاريخ من هجري,,0,,0.00,0.00
للتحويل بين التاريخ الهجري والميلادي,,0,,0.00,0.00
للتحويل من التاريخ الميلادي الى الهجري,,0,,0.00,0.00
محـــول التــــاريـــخ تحويل التاريخ من هجري إلى ميلادي نداء الإيمان,,0,,0.00,0.00
محول الاسلام تحويل التاريخ,,0,,0.00,0.00
مشكلة تحويل الرقم للتاريخ في الاكسل,,0,,0.00,0.00
معادلة اكسل تحويل التاريخ الهجري الى تاريخ ميلاد,,0,,0.00,0.00
معادلة اكسيل تحويل التاريخ الهجرى الى ميلادى,,0,,0.00,0.00
معادلة اكسيل تحويل التاريخ من هجري ل ميلادي,,0,,0.00,0.00
معادلة التحويل من تاريخ ميلادي الى هجري,,0,,0.00,0.00
معادلة تحويل التاريخ,,0,,0.00,0.00
معادلة تحويل التاريخ الميلادي الى الهجري,,0,,0.00,0.00
معادلة تحويل التاريخ الميلادي الى هجري اكسل,,0,,0.00,0.00
معادلة تحويل التاريخ الميلادي الي عربي,,0,,0.00,0.00
معادلة تحويل التاريخ الميلادي الي عربي في اكسيل,,0,,0.00,0.00
معادلة تحويل التاريخ الميلادي للهجري,,0,,0.00,0.00
معادلة تحويل التاريخ الهجري,,0,,0.00,0.00
معادلة تحويل التاريخ الهجري الى الميلادي,,0,,0.00,0.00
معادلة تحويل التاريخ الهجري الى الميلادي الاكسيل,,0,,0.00,0.00
معادلة تحويل التاريخ الى رقم,,0,,0.00,0.00
معادلة تحويل التاريخ بالاكسل,,0,,0.00,0.00
معادلة تحويل التاريخ في الاكسل,,0,,0.00,0.00
معادلة تحويل التاريخ من الميلادي الى الهجري,,0,,0.00,0.00
معادلة تحويل التاريخ من الميلادي الى الهجري وبالعكس,,0,,0.00,0.00
معادلة تحويل التاريخ من الميلادي للهجري,,0,,0.00,0.00
معادلة تحويل التاريخ من هجرى لميلادي,,0,,0.00,0.00
معادلة تحويل التاريخ من هجري الى ميلادي google play,,0,,0.00,0.00
معادلة تحويل التاريخ من هجري الى ميلادي ام القرى,,0,,0.00,0.00
معادلة تحويل التاريخ من هجري الى ميلادي اندرويد,,0,,0.00,0.00
معادلة تحويل التاريخ من هجري الى ميلادي في الاكسل,,0,,0.00,0.00
معادلة تحويل التاريخ من هجري الى ميلادي وحساب العمر,,0,,0.00,0.00
معادلة تحويل التاريخ من هجري الى ميلادي ومعرفة البرج,,0,,0.00,0.00
معادلة تحويل التاريخ من هجري لميلادي,,0,,0.00,0.00
معادلة رياضية التحويل تاريخ ميلادي الى هجري وهجري شمسي,,0,,0.00,0.00
معدلة تحويل التاريخ الملادي للهجرى في الاكسل,,0,,0.00,0.00
مقبرة الرويس جدة تحويل التاريخ,,0,,0.00,0.00
ملف اكسل تحويل التاريخ وحساب الوقت الزمني,,0,,0.00,0.00
ملف اكسل تحويل التاريخ وحسب الوقت الزمني,,0,,0.00,0.00
ملف تحويل التاريخ من هجري الى ميلادي xls,,0,,0.00,0.00
موديول تحويل التاريخ هجرى,,0,,0.00,0.00
موديول تحويل التاريخ هجرى فيجوال 2010,,0,,0.00,0.00
موقع الاسلام تحويل التاريخ,,0,,0.00,0.00
موقع تحويل التاريخ الهجري والميلادي,,0,,0.00,0.00
موقع تحويل التاريخ من الميلادي الهجري,,0,,0.00,0.00
موقع تحويل التاريخ من الميلادي للهجري,,0,,0.00,0.00
موقع تحويل التاريخ من الهجري الى ميلادي,,0,,0.00,0.00
موقع تحويل التاريخ من الهجري للميلادي,,0,,0.00,0.00
موقع تحويل التاريخ من عربي الى ميلادي,,0,,0.00,0.00
موقع تحويل التاريخ من هجري الى ميلادي وحساب العمر,,0,,0.00,0.00
موقع تحويل التاريخ من هجري لميلادي,,0,,0.00,0.33
موقع تحويل تاريخ الميلاد من الهجري الى ميلادي,,0,,0.00,0.00
موقع تحويل تاريخ الميلاد من الهجري للميلادي,,0,,0.00,0.00
موقع تحويل تاريخ هجري ميلادي,,0,,0.00,0.00
موقع تسعة تحويل التاريخ,,0,,0.00,0.00
موقع نداء الايمان برنامج تحويل التاريخ,,0,,0.00,0.00
نموذج تحويل التاريخ,,0,,0.00,0.00
نموذج تحويل التاريخ اكسل,,0,,0.00,0.00
هجري تحويل التاريخ,,0,,0.00,0.00
هجري للميلادي تحويل التاريخ,,0,,0.00,0.00
وتحويل التاريخ,,0,,0.00,0.00
ياسمين عبدالله حسن تحويل التاريخ,,0,,0.00,0.00
يوتيوب تحويل التاريخ من صيغه لفظيه الى كميه,,0,,0.00,0.00
يوتيوب تحويل التاريخ من صيغه لفظيه الى كميه لفظي قدرات,,0,,0.00,0.00
يوتيوب تحويل التاريخ من ميلادي الى هجري,,0,,0.00,0.00
١٤ ٠٨ ٢٠١٨ تحويل التاريخ,,0,,0.00,0.00
١٤٠٠ تحويل الى تاريخ ميلادي,,0,,0.00,0.00
٤.٤.١٤٢٨ تحويل التاريخ بالانجليزي,,0,,0.00,0.00
