Keyword,Intent,Volume,Keyword Difficulty,CPC (USD),Competitive Density
حساب النسبة المئوية,Informational,12100,17,0.00,0.33
النسبة المئوية,Informational,8100,22,0.00,0.33
حاسبة النسبة المئوية,Informational,2900,15,0.00,0.33
اسهل طريقة حساب النسبة المئوية,Informational,1600,26,0.00,0.33
حساب النسبة المئوية من مبلغ,Informational,1600,14,0.00,0.33
طريقة حساب النسبة المئوية,Informational,1600,24,0.00,0.33
كيف احسب النسبة المئوية,Informational,1600,21,0.00,0.33
النسبة المئوية التي تمثل الجزء المظلل في الشكل أدناه هي,Informational,1300,14,0.00,0.00
نسبة مئوية,Informational,1300,25,0.00,0.33
حساب النسبة المئوية للدرجات,Informational,1000,13,0.00,0.33
استخراج النسبة المئوية,Informational,880,16,0.00,0.33
النسب المئوية,Informational,880,17,0.00,0.33
حساب نسبة مئوية,"Informational, Transactional",880,12,0.00,0.33
كيف اطلع النسبة المئوية,Informational,880,13,0.00,0.33
تعد نسبة المردود المئوية لمادة ما مقياسًا لسرعة التفاعل.,Informational,720,11,0.00,0.00
التركيب النسبي المئوي للفوسفور في حمض الفوسفوريك h3po4 هو,Informational,590,5,0.00,0.00
النسبة المئوية للعدد 12 من 30,Informational,590,14,0.00,0.33
تعد نسبة المردود المئوية لمادة ما مقياسًا سرعة التفاعل,Informational,590,12,0.00,0.00
حساب النسبة المئوية بين رقمين,Informational,590,9,0.00,0.33
طريقة حساب النسبة المئوية بالحاسبة,Informational,590,26,0.00,0.33
كيفية حساب النسبة المئوية,Informational,590,23,0.00,0.33
قانون النسبة المئوية,Informational,480,21,0.00,0.33
قوانين النسبة المئوية,Informational,480,20,0.00,0.33
كيف تحسب النسبة المئوية,Informational,480,15,0.00,0.33
احسب النسبة المئوية,Informational,320,18,0.00,0.33
اكتب الكسر الاعتيادي التالي على صورة نسبة مئوية,Informational,320,11,0.00,0.00
تقدير النسبة المئوية,"Informational, Navigational",320,21,0.00,0.00
كيف احسب النسبة المئوية من مبلغ,Informational,320,14,0.00,0.33
التركيب النسبي المئوي للفسفور في حمض الفوسفوريك h3po4 هو,"Informational, Transactional",260,12,0.00,0.00
النسبة المئوية من عدد,Informational,260,28,0.00,0.33
تعد نسبة المردود المئوية لمادة ما مقياسًا لسرعة التفاعل,Informational,260,8,0.00,0.00
كيفية حساب النسبة المئوية للشهادة الثانوية,Informational,260,22,0.00,0.33
كيفية حساب النسبة المئوية لمبلغ معين,Informational,260,13,0.00,0.33
ما هي النسبة المئوية لدقائق التمرين الأساسي,Informational,260,19,0.00,0.00
احتساب النسبة المئوية,Informational,210,16,0.00,0.33
خصم النسبة المئوية,Informational,210,15,0.00,0.33
درس النسبة المئوية,"Informational, Transactional",210,22,0.00,0.33
طريقة استخراج النسبة المئوية,Informational,210,18,0.00,0.33
ما التركيب النسبي المئوي لحمض الفوسفوريك h3po4,"Informational, Transactional",210,12,0.00,0.00
ماهي النسبة المئوية لدقائق التمرين الاساسي من اجمالي عدد الدقائق,Informational,210,15,0.00,0.00
النسبة المئوية التي يمثلها النموذج في الرسم أدناه هي:,Informational,170,11,0.00,0.00
النسبة المئوية من مبلغ,Informational,170,9,0.00,0.33
النسبة المئوية وتقديرها,Informational,170,21,0.00,0.33
تقدير النسبة المئوية ل ١٤ من ٢٥ هي,Informational,170,16,0.00,0.00
جدول النسب المئوية,"Informational, Transactional",170,26,0.00,0.33
جدول النسبة المئوية,"Informational, Transactional",170,18,0.00,0.33
حاسبة نسبة مئوية,Informational,170,20,0.00,0.33
طريقة احتساب النسبة المئوية,Informational,170,26,0.02,0.06
في بطاقة المنتجات الغذائية أجد نسبًا مئوية للمكونات الغذائية للمعلبات.,Informational,170,16,0.00,0.00
موقع حساب النسبة المئوية,Informational,170,16,0.00,0.33
تقدير النسبة المئوية اول متوسط,,140,,0.00,0.33
حساب نسبة مئوية من مبلغ,Informational,140,11,0.00,0.33
حسابة النسبة المئوية,Informational,140,14,0.00,0.00
شرح النسب المئوية,Informational,140,26,0.00,0.00
طريقة حساب النسبة المئوية من مبلغ,Informational,140,9,0.00,0.33
كيف احسب نسبة مئوية,Informational,140,13,0.00,0.33
كيف نحسب النسبة المئوية,Informational,140,14,0.00,0.00
كيفية حساب نسبة مئوية,Informational,140,22,0.00,0.33
ما النسبة المئوية للعدد 25 من 625,Informational,140,9,0.00,0.00
ماهي النسبة المئوية لدقائق التمرين,Informational,140,21,0.00,0.00
نوع من أنواع المخططات لعرض النسب المئوية,Informational,140,11,0.00,0.00
النسبة المئوية بدلالة الحجم,,110,,0.00,0.33
النسبة المئوية للعدد ٤٥ من ١٥٠,Informational,110,0,0.00,0.00
ايجاد النسبة المئوية,Informational,110,20,0.00,0.33
تحويل النسبة المئوية,Informational,110,11,0.00,0.33
تقدير النسب المئوية,Informational,110,18,0.00,0.33
حاسبة النسبة المئوية من مبلغ,Informational,110,7,0.00,0.33
حساب النسبة المئوية بين رقمين في excel,,110,,0.00,0.33
طريقة النسبة المئوية,Informational,110,16,0.00,0.33
طريقة ايجاد النسبة المئوية,Informational,110,14,0.00,0.00
كيف احسب نسبة المئوية,Informational,110,17,0.00,0.00
كيف استخرج النسبة المئوية,Informational,110,16,0.00,0.33
كيفية ايجاد النسبة المئوية,Informational,110,19,0.00,0.00
ما النسبة المئوية للبنين الذين أطوالهم ٦٧ سم فأقل,Informational,110,8,0.00,0.00
نسب مئوية,Informational,110,22,0.00,0.00
تحويل الكسر الى نسبة مئوية,,90,,0.00,0.33
تحويل الكسور الى نسبة مئوية,,90,,0.00,0.33
تستخدم المخططات ................ لعرض النسب المئوية,,90,,0.00,0.00
حساب النسب المئوية,,90,,0.00,0.33
اعلنت احدى الجامعات ان النسبة المئوية,,70,,0.00,0.00
النسبة المئوية من عدد اول متوسط,,70,,0.00,0.33
ايجاد النسب المئوية ذهنيا ثاني متوسط,,70,,0.00,0.33
برنامج حساب النسبة المئوية للطلاب,,70,,0.00,0.33
تطبيقات على النسبة المئوية,,70,,0.00,0.00
حاسبة النسب المئوية,,70,,0.00,0.33
خصم نسبة مئوية من مبلغ,,70,,0.00,0.33
شرح درس النسبة المئوية من عدد,,70,,0.00,0.33
طريقة حساب النسبة المئوية للدرجات,,70,,0.00,0.33
ما النسبة المئوية بدلالة الكتلة لمحلول يحتوي على 20,,70,,0.00,0.00
استخراج النسبة المئوية من مبلغ,,50,,0.00,0.33
النسب المئوية من عدد,,50,,0.00,0.33
النسبة المئوية بدلالة الكتلة,,50,,0.00,0.33
النسبة المئوية والتقدير,,50,,0.00,0.33
النسبة المئوية والكسور العشرية,,50,,0.00,0.33
ايجاد النسبة المئوية ذهنيا,,50,,0.00,0.33
تحويل المعدل الى نسبة مئوية,,50,,0.00,0.33
تطبيقات النسبة المئوية,,50,,0.00,0.33
تطبيقات على النسبة المئوية اول متوسط,,50,,0.00,0.33
حساب النسبة المئوية للثانوي,,50,,0.00,0.33
كيف استخراج النسبة المئوية,,50,,0.00,0.33
كيف اطلع النسبة المئوية في الحاسبة,,50,,0.00,0.33
كيفية حساب النسبة المئوية للدرجات,,50,,0.00,0.33
كيفية حساب النسبة المئوية للشهادة الابتدائية,,50,,0.00,0.33
ما النسبة المئوية بدلالة الحجم لكحول ايزوبروبيل,,50,,0.00,0.33
ماهي النسبة المئوية,,50,,0.00,0.33
مطوية عن تطبيقات النسبة المئوية,,50,,0.00,0.33
نسبة المردود المئوية,,50,,0.00,0.33
النسبة المئوية اول متوسط,,40,,0.00,0.33
تحويل معدل الى نسبة مئوية,,40,,0.00,0.33
درس تقدير النسبة المئوية اول متوسط,,40,,0.00,0.33
طريقة استخراج النسبة المئوية من عدد,,40,,0.00,0.33
قانون النسب المئوية,,40,,0.00,0.33
كيف اطلع نسبة المئوية,,40,,0.00,0.33
كيف اوجد النسبة المئوية,,40,,0.00,0.33
كيفية استخراج النسبة المئوية بين رقمين,,40,,0.00,0.33
كيفية تحويل العدد الى نسبة مئوية,,40,,0.00,0.33
معرفة النسبة المئوية,,40,,0.00,0.33
نوع من أنواع المخططات لعرض النسب المئوية :,,40,,0.00,0.00
احتساب النسبة المئوية بين رقمين,,30,,0.00,0.33
اذا كانت النسبة المئوية بدلالة الكتلة لهيبوكلوريت الصوديوم,,30,,0.00,0.33
ازاى احسب النسبة المئوية للفلوس,,30,,0.00,0.33
استخراج النسبة المئوية من المجموع الكلي,,30,,0.00,0.33
استخراج نسبة مئوية من رقم,,30,,0.00,0.33
البحث عن النسبة المئوية,,30,,0.00,0.00
التحويل الى نسبة مئوية,,30,,0.00,0.33
التحويل من نسبة مئوية الى عدد,,30,,0.00,0.33
التطبيقات على النسبة المئوية,,30,,0.00,0.33
النسب المئوية المشهورة,,30,,0.00,0.33
النسب المئوية بالانجليزي,,30,,0.00,0.33
النسبة المئوية الحجمية,,30,,0.00,0.33
النسبة المئوية بدلالة الكتلة لمحلول يحتوي على 20,,30,,0.00,0.33
النسبة المئوية حساب,,30,,0.00,0.33
النسبة المئوية كم درجة,,30,,0.00,0.33
النسبة المئوية والتقدير ثاني متوسط,,30,,0.00,0.33
برنامج حساب النسبة المئوية,,30,,0.00,0.01
برنامج يحسب النسبة المئوية,,30,,0.00,0.33
تحويل النسبة المئوية الى عدد,,30,,0.00,0.33
تحويل النسبة المئوية الى كسر,,30,,0.00,0.33
تحويل مبلغ الى نسبة مئوية,,30,,0.00,0.33
تحويل نسبة مئوية,,30,,0.00,0.00
تحويل نسبة مئوية الى عدد عشري,,30,,0.00,0.33
تطبيقات النسبة المئوية اول متوسط,,30,,0.00,0.33
تطبيقات على النسبة المئوية أول متوسط,,30,,0.00,0.33
تقسيم الراتب بالنسبة المئوية,,30,,0.00,0.33
تمثيل النسبة المئوية,,30,,0.00,0.33
جدول النسب المئوية ثاني متوسط,,30,,0.00,0.33
جمع النسب المئوية,,30,,0.00,0.33
حساب العدد من النسبة المئوية,,30,,0.00,0.33
حساب المعدل بالنسبة المئوية,,30,,0.00,0.33
حساب النسبة المئوية بالحاسبه,,30,,0.00,0.33
حساب النسبة المئوية بين عددين,,30,,0.00,0.33
حساب النسبة المئوية للزيادة بين رقمين,,30,,0.00,0.33
حساب النسبة المئوية للغياب,,30,,0.00,0.33
حساب النسبة المئوية للمجموع,,30,,0.00,0.33
حساب النسبة المئوية من مبلغ اون لاين,,30,,0.00,0.33
حساب متوسط النسبة المئوية,,30,,0.00,0.33
حسبة النسبة المئوية,,30,,0.00,0.00
خصم نسبه مئويه,,30,,0.00,0.33
دالة النسبة المئوية,,30,,0.00,0.33
درس النسبة المئوية للصف السادس,,30,,0.00,0.33
درس النسبة المئوية من عدد,,30,,0.00,0.33
درس ايجاد النسبة المئوية ذهنيا ثاني متوسط,,30,,0.00,0.33
شرح النسبة المئوية اول متوسط,,30,,0.00,0.33
شرح النسبة المئوية من عدد,,30,,0.00,0.33
ضرب عدد صحيح في نسبة مئوية,,30,,0.00,0.33
طريقة حساب الربح بالنسبة المئوية,,30,,0.00,0.33
طريقة خصم نسبة مئوية من مبلغ,,30,,0.00,0.33
علامة النسبة المئوية بالعربي,,30,,0.00,0.33
قانون النسبة المئوية بدلالة الكتلة,,30,,0.00,0.33
قانون النسبة المئوية في الكيمياء,,30,,0.00,0.33
قراءة النسبة المئوية بالانجليزي,,30,,0.00,0.33
قسمة النسبة المئوية,,30,,0.00,0.33
قياس النسبة المئوية,,30,,0.00,0.33
قيمة النسبة المئوية,,30,,0.00,0.33
كتابة النسبة المئوية في الكمبيوتر,,30,,0.00,0.33
كم يساوي السدس بالنسبة المئوية,,30,,0.00,0.33
كيف احسب الخصم بالنسبة المئوية,,30,,0.00,0.33
كيف احسب النسبة المئوية بالاله الحاسبه,,30,,0.00,0.33
كيف احسب النسبة المئوية بين رقمين,,30,,0.00,0.33
كيف احسب النسبة المئوية في التخفيضات,,30,,0.00,0.33
كيف احسب النسبة المئوية للراتب,,30,,0.00,0.33
كيف احسب النسبة المئوية من مجموع الدرجات,,30,,0.00,0.33
كيف احول الرقم الى نسبة مئوية,,30,,0.00,0.33
كيف احول نسبة مئوية الى عدد,,30,,0.00,0.33
كيف استخرج النسبة المئوية في الاكسل,,30,,0.00,0.33
كيف اضرب عدد في نسبة مئوية,,30,,0.00,0.33
كيف اطلع النسبة المئوية من رقم,,30,,0.00,0.33
كيف اعرف احسب النسبة المئوية,,30,,0.00,0.33
كيف تحسب النسبة المئوية بالحاسبة,,30,,0.00,0.33
كيف تحسب النسبة المئوية بين رقمين,,30,,0.00,0.33
كيف تحسب النسبة المئوية للدرجات,,30,,0.00,0.33
كيف تطلع نسبة مئوية,,30,,0.00,0.33
كيف يمكن حساب النسبة المئوية,,30,,0.00,0.33
كيفية استخراج النسب المئوية,,30,,0.00,0.33
كيفية استخراج النسبة المئوية,,30,,0.00,0.33
كيفية حساب الخصومات بالنسبة المئوية,,30,,0.00,0.33
كيفية حساب الدرجات بالنسبة المئوية,,30,,0.00,0.33
كيفية حساب النسبة المئوية بالالة الحاسبة,,30,,0.00,0.33
كيفية حساب النسبة المئوية في الاستبيان,,30,,0.00,0.33
كيفية حساب النسبة المئوية للراتب,,30,,0.00,0.33
كيفية حساب خصم النسبة المئوية,,30,,0.00,0.33
كيفية حساب نسبة الزيادة المئوية بين رقمين,,30,,0.00,0.33
كيفية خصم النسبة المئوية,,30,,0.00,0.33
كيفية عمل النسبة المئوية في excel,,30,,0.00,0.33
كيفية معرفة النسبة المئوية للمجموع,,30,,0.00,0.33
لايجاد النسبة المئوية,,30,,0.00,0.33
لحساب النسبة المئوية للدرجات,,30,,0.00,0.33
لمعرفة النسبة المئوية للمجموع,,30,,0.00,0.33
ما النسبة المئوية بدلالة الحجم للإيثانول في محلول,,30,,0.00,0.33
ما النسبة المئوية للعدد 62 من 186,,30,,0.00,0.33
مسائل النسبة المئوية قدرات,,30,,0.00,0.05
مطوية عن النسبة المئوية,,30,,0.00,0.03
معادلة استخراج النسبة المئوية,,30,,0.00,0.33
معادلة النسبة المئوية,,30,,0.00,0.33
موقع تحويل الرقم إلى نسبة مئوية,,30,,0.00,0.33
نسبة المردود المئوية ppt,,30,,0.00,0.33
نسبة المردود المئوية ثاني ثانوي,,30,,0.00,0.33
اختصار النسبة المئوية,,20,,0.00,0.00
استخدامات النسبة المئوية في الحياة,,20,,0.00,0.33
استخراج النسبة المئوية بين رقمين,,20,,0.00,0.33
استخراج النسبة المئوية في الاكسل,,20,,0.00,0.00
استخراج النسبة المئوية من رقمين,,20,,0.00,0.33
اسهل طريقة لاستخراج النسبة المئوية,,20,,0.00,0.33
اسهل طريقة لحساب النسبة المئوية,,20,,0.00,0.33
اضافة النسبة المئوية في excel,,20,,0.00,0.33
اضافة نسبة مئوية في الاكسل,,20,,0.00,0.33
اضافة نسبة مئوية لرقم,,20,,0.00,0.33
اظهار النسبة المئوية,,20,,0.00,0.33
الة حاسبة النسبة المئوية,,20,,0.00,0.19
الة حاسبة نسبة مئوية,,20,,0.00,0.64
التحويل من نسبة مئوية الى gpa,,20,,0.00,0.00
التركيب النسبي المئوي,,20,,0.00,0.33
التقديرات الجامعية بالنسبة المئوية,,20,,0.00,0.33
الثلث بالنسبة المئوية,,20,,0.00,0.33
الثمن بالنسبة المئوية,,20,,0.00,0.33
الحساب بالنسبة المئوية,,20,,0.00,0.00
الخصم بالنسبة المئوية,,20,,0.00,0.33
الرياضيات النسبة المئوية,,20,,0.00,0.33
الزيادة والنقصان في النسبة المئوية,,20,,0.00,0.33
السدس بالنسبة المئوية,,20,,0.00,0.33
الضرب في النسبة المئوية,,20,,0.00,0.33
النسب المئوية والتقدير ثاني متوسط,,20,,0.00,0.33
النسبة المئوية اكسل,,20,,0.00,0.33
النسبة المئوية الكتلية,,20,,0.00,0.33
النسبة المئوية الوزنية,,20,,0.00,0.33
النسبة المئوية بالانجليزي,,20,,0.00,0.33
النسبة المئوية بالحجم,,20,,0.00,0.33
النسبة المئوية بالعربي,,20,,0.00,0.33
النسبة المئوية بالكتلة,,20,,0.00,0.33
النسبة المئوية بين رقمين,,20,,0.00,0.33
النسبة المئوية بين عددين,,20,,0.00,0.33
النسبة المئوية ثاني متوسط,,20,,0.00,0.33
النسبة المئوية ذهنيا,,20,,0.00,0.33
النسبة المئوية سادس ابتدائي,,20,,0.00,0.33
النسبة المئوية في excel,,20,,0.00,0.33
النسبة المئوية في الاكسل,,20,,0.00,0.33
النسبة المئوية في الرياضيات,,20,,0.00,0.33
النسبة المئوية في حياتنا اليومية,,20,,0.00,0.33
النسبة المئوية كيف تحسب,,20,,0.00,0.33
النسبة المئوية لتقدير جيد,,20,,0.00,0.33
النسبة المئوية لعدد,,20,,0.00,0.33
النسبة المئوية لكتلة كلوريد الكالسيوم في محلول هي,,20,,0.00,0.33
النسبة المئوية للبطارية,,20,,0.00,0.33
النسبة المئوية للدرجات,,20,,0.00,0.33
النسبة المئوية للربح,,20,,0.00,0.33
النسبة المئوية للربح والخسارة,,20,,0.00,0.33
النسبة المئوية للزيادة,,20,,0.00,0.33
النسبة المئوية للشهادة الثانوية,,20,,0.00,0.33
النسبة المئوية للصف السادس,,20,,0.00,0.06
النسبة المئوية للكتلة,,20,,0.00,0.33
النسبة المئوية من رقم,,20,,0.00,0.33
النسبة المئوية و التقدير,,20,,0.00,0.33
النسبة المئوية والاحتمالات للصف السادس,,20,,0.00,0.00
النسبة المئوية والتقدير منال التويجري,,20,,0.00,0.33
النسبة المردود المئوية,,20,,0.00,0.33
امثلة على النسبة المئوية,,20,,0.00,0.33
اهمية النسبة المئوية في حياتنا,,20,,0.00,0.33
اوجد النسبة المئوية من العدد 40 من 70,,20,,0.00,0.33
ايجاد النسب المئوية ذهنيا,,20,,0.00,0.00
ايجاد النسبة المئوية بين رقمين,,20,,0.00,0.33
ايجاد النسبة المئوية ذهنيا منال التويجري,,20,,0.00,0.33
ايجاد النسبة المئوية لعدد,,20,,0.00,0.33
ايجاد النسبة المئوية من عدد,,20,,0.00,0.33
ايجاد النسبة المئوية والتقدير,,20,,0.00,0.33
ايجاد نسبة مئوية,,20,,0.00,0.33
بحث النسبة المئوية,,20,,0.00,0.33
بحث عن النسبة المئوية والتقدير,,20,,0.00,0.33
بحث عن ايجاد النسب المئوية ذهنيا,,20,,0.00,0.33
برنامج النسبة المئوية,,20,,0.00,0.10
برنامج حساب النسبة المئوية للدرجات,,20,,0.00,0.00
برنامج لحساب النسبة المئوية,,20,,0.00,0.33
تحديد النسبة المئوية,,20,,0.00,0.33
تحويل الارقام الى نسبه مئويه,,20,,0.00,0.33
تحويل الرقم الى نسبة مئوية,,20,,0.00,0.33
تحويل العدد الصحيح الى نسبة مئوية,,20,,0.00,0.00
تحويل العدد العشري الى نسبة مئوية,,20,,0.00,0.33
تحويل العدد الى نسبة مئوية,,20,,0.00,0.33
تحويل المعدل إلى نسبة مئوية,,20,,0.00,0.33
تحويل المعدل التراكمي الى نسبة مئوية,,20,,0.00,0.33
تحويل المعدل التراكمي من 5 الى نسبة مئوية,,20,,0.00,0.33
تحويل المعدل الجامعي الى نسبة مئوية,,20,,0.00,0.33
تحويل الناتج الى نسبة مئوية,,20,,0.00,0.33
تحويل النسب المئوية الى ارقام,,20,,0.00,0.33
تحويل النسبة المئوية إلى درجات,,20,,0.00,0.33
تحويل النسبة المئوية الى gpa,,20,,0.00,0.33
تحويل النسبة المئوية الى عدد صحيح,,20,,0.00,0.33
تحويل النسبة المئوية الى عدد عشري,,20,,0.00,0.33
تحويل النسبة المئوية الى معدل,,20,,0.00,0.33
تحويل النقاط الى نسبة مئوية,,20,,0.00,0.33
تحويل الى نسبة مئوية,,20,,0.00,0.33
تحويل رقم الى نسبة مئوية,,20,,0.00,0.33
تحويل عدد الى نسبة مئوية,,20,,0.00,0.33
تحويل معدل تراكمي الى نسبة مئوية,,20,,0.00,0.33
تحويل من معدل الى نسبه مئويه,,20,,0.00,0.33
تحويل من معدل تراكمي الى نسبة مئوية,,20,,0.00,0.33
تحويل من نسبة مئوية الى عدد,,20,,0.00,0.33
تحويل نسبة الجامعة الى نسبة مئوية,,20,,0.00,0.33
تحويل نسبه مئويه الى معدل,,20,,0.00,0.33
تطبيق النسبة المئوية,,20,,0.00,0.33
تطبيق حساب النسبة المئوية,,20,,0.00,0.33
تعريف النسبة المئوية,,20,,0.00,0.33
تعلم النسبة المئوية,,20,,0.00,0.33
تقدير النسبة المئوية من عدد,,20,,0.00,0.33
تقدير النسبة المئوية منال التويجري,,20,,0.00,0.33
تقريب النسبة المئوية,,20,,0.00,0.33
تقسيم مبلغ بالنسبة المئوية,,20,,0.00,0.33
تمارين على النسبة المئوية,,20,,0.00,0.33
تمارين عن النسبة المئوية,,20,,0.00,0.33
حاسبة النسبة المئوية للدرجات,,20,,0.00,0.33
حساب gpa من النسبة المئوية,,20,,0.00,0.00
حساب التخفيض بالنسبة المئوية,,20,,0.00,0.33
حساب الخصم بالنسبة المئوية,,20,,0.00,0.33
حساب الربح بالنسبة المئوية,,20,,0.00,0.01
حساب الزيادة بالنسبة المئوية,,20,,0.00,0.33
حساب المعدل الجامعي بالنسبة المئوية,,20,,0.00,0.00
حساب النسبة المئوية excel,,20,,0.00,0.33
حساب النسبة المئوية اكسل,,20,,0.00,0.33
حساب النسبة المئوية اون لاين,,20,,0.00,0.33
حساب النسبة المئوية بالحاسبة,,20,,0.00,0.33
حساب النسبة المئوية بدون حاسبة,,20,,0.00,0.33
حساب النسبة المئوية بين رقمين اون لاين,,20,,0.00,0.33
حساب النسبة المئوية ذهنيا,,20,,0.00,0.33
حساب النسبة المئوية في excel,,20,,0.00,0.33
حساب النسبة المئوية في الوورد,,20,,0.00,0.33
حساب النسبة المئوية للجامعة,,20,,0.00,0.33
حساب النسبة المئوية للزيادة,,20,,0.00,0.33
حساب النسبة المئوية للشهادة,,20,,0.00,0.33
حساب النسبة المئوية للشهادة الثانوية,,20,,0.00,0.33
حساب النسبة المئوية للفلوس,,20,,0.00,0.00
حساب النسبة المئوية لمبلغ,,20,,0.00,0.33
حساب النسبة المئوية لمجموع الدرجات,,20,,0.00,0.00
حساب النسبة المئوية من المجموع الكلي,,20,,0.00,0.33
حساب النسبة المئوية من المعدل التراكمي للثانوية,,20,,0.00,0.00
حساب خصم النسبة المئوية,,20,,0.00,0.33
حساب زيادة النسبة المئوية,,20,,0.00,0.33
حساب نسبة الخصم المئوية,,20,,0.00,0.33
حساب نسبة الزيادة المئوية,,20,,0.00,0.33
حساب نسبة الزيادة المئوية بين رقمين,,20,,0.00,0.33
حساب نسبة مئوية بين رقمين,,20,,0.00,0.33
حل النسبة المئوية,,20,,0.00,0.33
حل النسبة المئوية من عدد,,20,,0.00,0.33
حل درس النسبة المئوية من عدد,,20,,0.00,0.33
حل درس النسبة المئوية والتقدير ثاني متوسط,,20,,0.00,0.33
حل مسائل النسبة المئوية,,20,,0.00,0.14
حل مسائل النسبة المئوية للصف السادس,,20,,0.00,0.03
خريطة مفاهيم نسبة المردود المئوية,,20,,0.00,0.33
خصم النسبة المئوية في excel,,20,,0.00,0.33
دالة النسبة المئوية في excel,,20,,0.00,0.33
دالة حساب النسبة المئوية في excel,,20,,0.00,0.33
درس النسبة المئوية اول متوسط,,20,,0.00,0.33
درس النسبة المئوية والتقدير ثاني متوسط,,20,,0.00,0.33
درس تقدير النسبة المئوية,,20,,0.00,0.33
درس نسبة المردود المئوية,,20,,0.00,0.33
ريقة حساب النسبة المئوية,,20,,0.00,0.33
زيادة النسبة المئوية,,20,,0.00,0.33
شرح النسبة المئوية,,20,,0.00,0.33
شرح النسبة المئوية القدرة المعرفية,,20,,0.00,0.33
شرح النسبة المئوية قدرات,,20,,0.00,0.33
شرح النسبة المئوية للصف السادس,,20,,0.00,0.33
شرح النسبة المئوية والتقدير,,20,,0.00,0.33
شرح حساب النسبة المئوية,,20,,0.00,0.33
شرح درس النسبة المئوية,,20,,0.00,0.33
شرح درس النسبة المئوية للصف السادس,,20,,0.00,0.33
شرح درس النسبة المئوية والتقدير,,20,,0.00,0.33
شرح درس تطبيقات على النسبة المئوية,,20,,0.00,0.33
ضرب النسبة المئوية,,20,,0.00,0.33
طريقة اخراج نسبة مئوية,,20,,0.00,0.00
طريقة استخراج النسبة المئوية بالاكسل,,20,,0.00,0.00
طريقة استخراج النسبة المئوية بالحاسبة,,20,,0.00,0.33
طريقة استخراج النسبة المئوية بين رقمين,,20,,0.00,0.33
طريقة استخراج النسبة المئوية للدرجات,,20,,0.00,0.33
طريقة استخراج نسبة مئوية من مبلغ,,20,,0.00,0.33
طريقة التحويل الى نسبة مئوية,,20,,0.00,0.00
طريقة الخصم بالنسبة المئوية,,20,,0.00,0.33
طريقة تحويل الرقم الى نسبة مئوية,,20,,0.00,0.33
طريقة تحويل النسبة المئوية الى عدد,,20,,0.00,0.33
طريقة تقسيم الراتب بالنسبة المئوية,,20,,0.00,0.33
طريقة جمع النسب المئوية,,20,,0.00,0.33
طريقة حساب الخصم بالنسبة المئوية,,20,,0.00,0.33
طريقة حساب الدرجات بالنسبة المئوية,,20,,0.00,0.00
طريقة حساب النسب المئوية,,20,,0.00,0.33
طريقة حساب النسبة المئوية بالآلة الحاسبة,,20,,0.00,0.07
طريقة حساب النسبة المئوية بالالة الحاسبة,,20,,0.00,0.33
طريقة حساب النسبة المئوية بالجوال,,20,,0.00,0.33
طريقة حساب النسبة المئوية في الاكسل,,20,,0.00,0.33
طريقة حساب النسبة المئوية في القروض,,20,,0.00,0.33
طريقة حساب النسبة المئوية للبنك,,20,,0.00,0.33
طريقة حساب النسبة المئوية للبنوك,,20,,0.00,0.33
طريقة حساب النسبة المئوية للثانوي,,20,,0.00,0.33
طريقة حساب النسبة المئوية للثانوية مع القدرات والتحصيلي,,20,,0.00,0.00
طريقة حساب النسبة المئوية للخصم,,20,,0.00,0.33
طريقة حساب النسبة المئوية للراتب,,20,,0.00,0.33
طريقة حساب النسبة المئوية للربح,,20,,0.00,0.33
طريقة حساب النسبة المئوية للشهادة الثانوية,,20,,0.00,0.33
طريقة حساب النسبة المئوية للغياب,,20,,0.00,0.00
طريقة حساب النسبة المئوية للقرض,,20,,0.00,0.00
طريقة حساب النسبة المئوية للقروض,,20,,0.00,0.33
طريقة حساب النسبة المئوية من عدد,,20,,0.00,0.33
طريقة حساب خصم النسبة المئوية,,20,,0.00,0.33
طريقة حساب نسبة مئوية,,20,,0.00,0.33
طريقة حل مسائل النسبة المئوية,,20,,0.00,0.00
طريقة سهلة لحساب النسبة المئوية,,20,,0.00,0.33
طريقة ضرب النسبة المئوية,,20,,0.00,0.33
طريقة عمل النسبة المئوية في الاكسل,,20,,0.00,0.33
طريقة معرفة الخصم بالنسبة المئوية,,20,,0.00,0.00
طريقة معرفة النسبة المئوية,,20,,0.00,0.33
طريقة نسبة مئوية,,20,,0.00,0.33
عرض بوربوينت تقدير النسبة المئوية,,20,,0.00,0.33
علامة النسبة المئوية,,20,,0.00,0.33
علامة النسبة المئوية في الكيبورد,,20,,0.00,0.23
عمل نسبة مئوية,,20,,0.00,0.33
عملية حساب النسبة المئوية,,20,,0.00,0.33
قاعدة النسبة المئوية,,20,,0.00,0.33
قاعدة حساب النسبة المئوية,,20,,0.00,0.33
قانون استخراج النسبة المئوية,,20,,0.00,0.33
قانون النسبة المئوية بالكتلة,,20,,0.00,0.33
قانون النسبة المئوية بدلالة الحجم,,20,,0.00,0.33
قانون ايجاد النسبة المئوية,,20,,0.00,0.33
قانون حساب النسبة المئوية,,20,,0.00,0.33
قانون نسبة المردود المئوية,,20,,0.00,0.33
قدر النسبة المئوية,,20,,0.00,0.33
قدرات النسبة المئوية,,20,,0.00,0.33
قواعد النسبة المئوية,,20,,0.00,0.33
قوانين النسبة المئوية للقدرات,,20,,0.00,0.33
كتابة النسبة المئوية,,20,,0.00,0.33
كتابة النسبة المئوية بالانجليزي,,20,,0.00,0.33
كتابة النسبة المئوية بالعربي,,20,,0.00,0.33
كم يساوي الثلث بالنسبة المئوية,,20,,0.00,0.33
كم يساوي الثلثين بالنسبة المئوية,,20,,0.00,0.33
كم يساوي الثمن بالنسبة المئوية,,20,,0.00,0.33
كيف أحسب النسبة المئوية,,20,,0.00,0.33
كيف اجد النسبة المئوية,,20,,0.00,0.33
كيف اجيب النسبة المئوية,,20,,0.00,0.33
كيف احسب الرقم بالنسبة المئوية,,20,,0.00,0.33
كيف احسب المعدل بالنسبة المئوية,,20,,0.00,0.33
كيف احسب النسبة المئوية بالجوال,,20,,0.00,0.00
كيف احسب النسبة المئوية بالحاسبة,,20,,0.00,0.33
كيف احسب النسبة المئوية في الاكسل,,20,,0.00,0.33
كيف احسب النسبة المئوية في الحاسبة,,20,,0.00,0.01
كيف احسب النسبة المئوية في الشهادة,,20,,0.00,0.00
كيف احسب النسبة المئوية في الشهادة الثانوية,,20,,0.00,0.33
كيف احسب النسبة المئوية لعدد,,20,,0.00,0.33
كيف احسب النسبة المئوية للربح,,20,,0.00,0.33
كيف احسب النسبة المئوية للمجموع,,20,,0.00,0.33
كيف احسب النسبة المئوية لمبلغ,,20,,0.00,0.00
كيف احسب النسبة المئوية من الراتب,,20,,0.00,0.33
كيف احسب النسبة المئوية من عدد,,20,,0.00,0.33
كيف احسب زيادة النسبة المئوية,,20,,0.00,0.33
كيف احسب معدلي بالنسبة المئوية,,20,,0.00,0.00
كيف احسب نسبة المردود المئوية,,20,,0.00,0.33
كيف احسب نسبة مئوية من عدد,,20,,0.00,0.33
كيف احول الدرجة الى نسبة مئوية,,20,,0.00,0.33
كيف احول المعدل التراكمي الى نسبه مئويه,,20,,0.00,0.33
كيف احول المعدل الى نسبة مئوية,,20,,0.00,0.33
كيف احول معدلي الى نسبة مئوية,,20,,0.00,0.33
كيف احول من نسبه مئويه لعدد,,20,,0.00,0.33
كيف اخراج النسبة المئوية,,20,,0.00,0.33
كيف اخرج النسبة المئوية,,20,,0.00,0.33
كيف اخصم النسبة المئوية,,20,,0.00,0.00
كيف استخرج النسبة المئوية من عدد,,20,,0.00,0.33
كيف اطلع العدد من النسبة المئوية,,20,,0.00,0.33
كيف اطلع النسبة المئوية بين رقمين,,20,,0.00,0.33
كيف اطلع النسبة المئوية للشهادة,,20,,0.00,0.33
كيف اطلع النسبة المئوية من المبلغ,,20,,0.00,0.33
كيف اطلع النسبة المئوية من المجموع,,20,,0.00,0.33
كيف اطلع النسبة المئوية من مبلغ,,20,,0.00,0.33
كيف اعرف النسبة المئوية,,20,,0.00,0.33
كيف اعرف النسبة المئوية بين رقمين,,20,,0.00,0.33
كيف اعمل النسبة المئوية,,20,,0.00,0.33
كيف النسبة المئوية,,20,,0.00,0.33
كيف انقص نسبة مئوية من مبلغ,,20,,0.00,0.33
كيف اوجد النسبة المئوية من عدد,,20,,0.00,0.33
كيف تجيب النسبة المئوية,,20,,0.00,0.33
كيف تحسب النسبة المئوية من مبلغ,,20,,0.00,0.33
كيف تحول نسبة مئوية الى عدد,,20,,0.00,0.33
كيف تخرج النسبة المئوية,,20,,0.00,0.33
كيف تطلع النسبة المئوية,,20,,0.00,0.33
كيف تعرف النسبة المئوية,,20,,0.00,0.33
كيف تكتب النسبة المئوية,,20,,0.00,0.33
كيف تكتب النسبة المئوية على لوحة المفاتيح,,20,,0.00,0.33
كيف حسبة النسبة المئوية,,20,,0.00,0.00
كيف نعرف النسبة المئوية,,20,,0.00,0.33
كيف يتم احتساب النسبة المئوية,,20,,0.00,0.33
كيف يتم استخراج النسبة المئوية,,20,,0.00,0.33
كيف يتم حساب النسبة المئوية,,20,,0.00,0.33
كيف يتم حساب النسبة المئوية للدرجات,,20,,0.00,0.33
كيفية احتساب النسبة المئوية بين رقمين,,20,,0.00,0.33
كيفية اخراج النسب المئوية,,20,,0.00,0.33
كيفية استخراج النسبة المئوية في الالة الحاسبة,,20,,0.00,0.33
كيفية استخراج النسبة المئوية من المبلغ,,20,,0.00,0.33
كيفية اضافة نسبة المئوية لرقم,,20,,0.00,0.33
كيفية اظهار النسبة المئوية,,20,,0.00,0.33
كيفية التحويل الى نسبة مئوية,,20,,0.00,0.00
كيفية الحساب بالنسبة المئوية,,20,,0.00,0.33
كيفية الحصول على النسبة المئوية,,20,,0.00,0.33
كيفية النسبة المئوية,,20,,0.00,0.33
كيفية تحويل الدرجة الى نسبة مئوية,,20,,0.00,0.33
كيفية تحويل المعدل الى نسبة مئوية,,20,,0.00,0.33
كيفية تحويل النسبة المئوية الى عدد,,20,,0.00,0.33
كيفية تحويل النسبة المئوية الى عدد صحيح,,20,,0.00,0.33
كيفية تحويل الى نسبة مئوية,,20,,0.00,0.00
كيفية تحويل رقم الى نسبة مئوية,,20,,0.00,0.33
كيفية حساب التخفيض بالنسبة المئوية,,20,,0.00,0.33
كيفية حساب الخصم بالنسبة المئوية,,20,,0.00,0.33
كيفية حساب الزيادة بالنسبة المئوية,,20,,0.00,0.00
كيفية حساب المتوسط الحسابي للنسب المئوية,,20,,0.00,0.33
كيفية حساب المجموع بالنسبة المئوية,,20,,0.00,0.00
كيفية حساب النتيجة بالنسبة المئوية,,20,,0.00,0.33
كيفية حساب النسب المئوية,,20,,0.00,0.00
كيفية حساب النسبة المئوية بالحاسبة,,20,,0.00,0.33
كيفية حساب النسبة المئوية بين رقمين,,20,,0.00,0.33
كيفية حساب النسبة المئوية في excel,,20,,0.00,0.00
كيفية حساب النسبة المئوية لرقم,,20,,0.00,0.00
كيفية حساب النسبة المئوية للبنوك,,20,,0.00,0.33
كيفية حساب النسبة المئوية للخصم,,20,,0.00,0.33
كيفية حساب النسبة المئوية للزيادة,,20,,0.00,0.33
كيفية حساب النسبة المئوية للشهادة,,20,,0.00,0.33
كيفية حساب النسبة المئوية للشهادة المتوسطة,,20,,0.00,0.33
كيفية حساب النسبة المئوية للمبيعات,,20,,0.00,0.33
كيفية حساب النسبة المئوية للمجموع,,20,,0.00,0.33
كيفية حساب النسبة المئوية لمبلغ,,20,,0.00,0.00
كيفية حساب النسبة المئوية من المبلغ,,20,,0.00,0.33
كيفية حساب النسبة المئوية من مبلغ معين,,20,,0.00,0.33
كيفية حساب نسبة الدم المئوية,,20,,0.00,0.33
كيفية حساب نسبة الزيادة المئوية,,20,,0.00,0.33
كيفية حساب نسبة مئوية بين رقمين,,20,,0.00,0.33
كيفية طرح نسبة مئوية من رقم,,20,,0.00,0.33
كيفية عمل النسبة المئوية,,20,,0.00,0.07
كيفية معرفة النسبة المئوية,,20,,0.00,0.33
كيفيه حساب النسبة المئوية,,20,,0.00,0.00
لحساب النسبة المئوية بين رقمين,,20,,0.00,0.33
ما الفرق بين النسبة المئوية بالكتلة والنسبة المئوية بالحجم,,20,,0.00,0.33
ما النسبة المئوية بالكتلة للكربون في co2,,20,,0.00,0.33
ما النسبة المئوية بدلالة الحجم لكحول,,20,,0.00,0.33
ما النسبة المئوية للعدد 360 من 270,,20,,0.00,0.33
ما النسبة المئوية للعدد 420 من 600,,20,,0.00,0.33
ما النسبة المئوية للنيتروجين في المركب n2o3,,20,,0.00,0.33
ما معنى النسبة المئوية,,20,,0.00,0.33
ماهي طريقة حساب النسبة المئوية,,20,,0.00,0.00
مثال على النسبة المئوية,,20,,0.00,0.33
مسائل النسبة المئوية,,20,,0.00,0.33
مسائل على النسبة المئوية,,20,,0.00,0.33
مسائل عن النسبة المئوية,,20,,0.00,0.33
مسائل في النسبة المئوية,,20,,0.00,0.33
مطوية تطبيقات النسبة المئوية,,20,,0.00,0.33
مطوية رياضيات اول متوسط النسبة المئوية,,20,,0.00,0.33
معادلة النسبة المئوية اكسل,,20,,0.00,0.33
معادلة نسبة مئوية,,20,,0.00,0.33
معرفة النسبة المئوية بين رقمين,,20,,0.00,0.33
معلومات عن النسبة المئوية,,20,,0.00,0.33
معنى النسبة المئوية,,20,,0.00,0.33
معنى نسبة مئوية بالانجليزي,,20,,0.00,0.33
مقلوب النسبة المئوية,,20,,0.00,0.33
ملخص النسبة المئوية,,20,,0.00,0.33
منال التويجري ايجاد النسب المئوية ذهنيا,,20,,0.00,0.33
موقع حساب نسبة مئوية,,20,,0.00,0.33
موقع لحساب النسبة المئوية,,20,,0.00,0.33
نسبة المئوية بين رقمين,,20,,0.00,0.00
نسبة مئوية حساب,,20,,0.00,0.33
نسبة مئوية من عدد,,20,,0.00,0.33
نسبه مئويه بالانجليزي,,20,,0.00,0.33
إيجاد النسب المئوية ذهنيا,,10,,0.00,0.00
إيجاد النسبة المئوية ذهنيا,,10,,0.00,0.00
اسئلة النسبة المئوية,,10,,0.00,0.33
اسئلة عن النسبة المئوية,,10,,0.00,0.33
استخراج النسبة المئوية بالحاسبة,,10,,0.00,0.33
استخراج النسبة المئوية للدرجات,,10,,0.00,0.00
استخراج النسبة المئوية من رقم,,10,,0.00,0.33
اظهار النسبة المئوية لبطارية الايفون,,10,,0.00,0.33
التحويل من النسبة المئوية الى الدرجة,,10,,0.00,0.00
الفرق بين رقمين بالنسبة المئوية,,10,,0.00,0.33
النسبة المئوية pdf,,10,,0.00,0.33
النسبة المئوية في القدرات,,10,,0.00,0.33
النسبة المئوية في برنامج excel,,10,,0.00,0.33
النسبة المئوية قدرات,,10,,0.00,0.33
النسبة المئوية للثانوية العامة,,10,,0.00,0.33
النسبة المئوية للخطأ,,10,,0.00,0.00
النسبة المئوية للصف السادس ppt,,10,,0.00,0.00
النسبة المئوية للصف السادس تمارين,,10,,0.00,0.19
النسبة المئوية من عدد سعيد الشلوي,,10,,0.00,0.33
النسبة المئوية منال التويجري,,10,,0.00,0.00
النسبة المئوية والتقدير للصف الثاني متوسط,,10,,0.00,0.00
النسبة المئوية والكسور الاعتيادية,,10,,0.00,0.00
النسبة المئوية والكسور العشرية للصف السادس,,10,,0.00,0.33
ايجاد النسب المئوية,,10,,0.00,0.33
ايجاد النسبة المئوية ذهنيا ثاني متوسط,,10,,0.00,0.00
برنامج حساب النسبة المئوية بين رقمين,,10,,0.00,0.00
تحويل gpa الى نسبة مئوية,,10,,0.00,0.00
تحويل الارقام الى نسب مئوية,,10,,0.00,0.00
تحويل الاعداد العشرية الى نسبة مئوية,,10,,0.00,0.00
تحويل التراكمي الى نسبه مئويه,,10,,0.00,0.33
تحويل الكسر الاعتيادي الى نسبة مئوية,,10,,0.00,0.33
تحويل المعدل التراكمي إلى نسبة مئوية,,10,,0.00,0.33
تحويل المعدل من نسبة مئوية الى 5,,10,,0.00,0.33
تحويل النسب المئوية الى درجات,,10,,0.00,0.00
تحويل النسبة المئوية الى درجات,,10,,0.00,0.33
تحويل النسبة المئوية الى رقم,,10,,0.00,0.33
تحويل النسبة المئوية الى مليجرام,,10,,0.00,0.00
تحويل عدد صحيح الى نسبه مئويه,,10,,0.00,0.00
تحويل عدد عشري الى نسبة مئوية,,10,,0.00,0.00
تحويل من ppm الى نسبة مئوية,,10,,0.00,0.33
تعريف تقدير النسبة المئوية,,10,,0.00,0.00
تقدير النسبة المئوية اولى متوسط,,10,,0.00,0.00
تقدير النسبة المئوية ثاني متوسط,,10,,0.00,0.33
تقرير عن النسبة المئوية,,10,,0.00,0.00
تمارين النسبة المئوية,,10,,0.00,0.00
تمثيل نسبة مئوية على قطاع دائري,,10,,0.00,0.33
حساب الزيادة في النسبة المئوية,,10,,0.00,0.00
حساب الفرق بين رقمين بالنسبة المئوية,,10,,0.00,0.33
حساب المعدل التراكمي بالنسبة المئوية,,10,,0.00,0.33
حساب النسبة المئوية بالآلة الحاسبة,,10,,0.00,0.00
حساب النسبة المئوية بالاكسل,,10,,0.00,0.33
حساب النسبة المئوية بالكتلة,,10,,0.00,0.00
حساب النسبة المئوية في الاكسل,,10,,0.00,0.33
حساب النسبة المئوية في برنامج excel,,10,,0.00,0.00
حساب النسبة المئوية لزيادة الراتب,,10,,0.00,0.00
حساب النسبة المئوية لعدد,,10,,0.00,0.33
حساب النسبة المئوية للثانوية العامة,,10,,0.00,0.00
حساب النسبة المئوية للراتب,,10,,0.00,0.33
حساب النسبة المئوية للربح,,10,,0.00,0.33
حساب النسبة المئوية للمتوسط,,10,,0.00,0.00
حساب النسبة المئوية للمعدل,,10,,0.00,0.33
حساب النسبة المئوية من الراتب,,10,,0.00,0.33
حساب النسبة المئوية من رقم,,10,,0.00,0.33
حساب النسبة المئوية من عدد,,10,,0.00,0.33
حساب زيادة الراتب بالنسبة المئوية,,10,,0.00,0.33
حساب معدل الجامعة بالنسبة المئوية,,10,,0.00,0.33
حساب معدل النسبة المئوية,,10,,0.00,0.33
حساب نسبة مئوية من رقم,,10,,0.00,0.33
حساب نسبة مئوية من عدد,,10,,0.00,0.33
حسب النسبة المئوية,,10,,0.00,0.33
حل ايجاد النسب المئوية ذهنيا,,10,,0.00,0.33
حل درس النسبة المئوية من عدد اول متوسط,,10,,0.00,0.33
حل مسألة النسبة المئوية,,10,,0.00,0.00
خصم النسبة المئوية من المبلغ,,10,,0.00,0.33
دالة النسبة المئوية excel,,10,,0.00,0.00
درس الرياضيات النسبة المئوية,,10,,0.00,0.33
رمز النسبة المئوية,,10,,0.00,0.33
رياضيات ثاني متوسط النسبة المئوية والتقدير,,10,,0.00,0.33
شرح ايجاد النسبة المئوية ذهنيا,,10,,0.00,0.33
شرح درس ايجاد النسبة المئوية ذهنيا,,10,,0.00,0.33
شرح نسبة المردود المئوية,,10,,0.00,0.33
طريقة اخراج النسبة المئوية,,10,,0.00,0.33
طريقة استخراج النسبة المئوية من المجموع,,10,,0.00,0.33
طريقة الحساب بالنسبة المئوية,,10,,0.00,0.33
طريقة النسبة المئوية للشهادة,,10,,0.00,0.00
طريقة النسبة المئوية للمبيعات,,10,,0.00,0.33
طريقة تحويل الارقام الى نسبة مئوية,,10,,0.00,0.00
طريقة تقسيم النسبة المئوية,,10,,0.00,0.33
طريقة حساب الزيادة بالنسبة المئوية,,10,,0.00,0.33
طريقة حساب المعدل بالنسبة المئوية,,10,,0.00,0.00
طريقة حساب النسبة المئوية اكسل,,10,,0.00,0.33
طريقة حساب النسبة المئوية بالاكسل,,10,,0.00,0.33
طريقة حساب النسبة المئوية بين رقمين,,10,,0.00,0.33
طريقة حساب النسبة المئوية على الالة الحاسبة,,10,,0.00,0.00
طريقة حساب النسبة المئوية في الشهادة,,10,,0.00,0.33
طريقة حساب النسبة المئوية لرقم,,10,,0.00,0.00
طريقة حساب النسبة المئوية للاسهم,,10,,0.00,0.33
طريقة حساب النسبة المئوية للثانوية,,10,,0.00,0.00
طريقة حساب النسبة المئوية للشهادة,,10,,0.00,0.33
طريقة حساب النسبة المئوية للشهادة الثانوية مقررات,,10,,0.00,0.00
طريقة حساب النسبة المئوية للطلاب,,10,,0.00,0.00
طريقة حساب النسبة المئوية للمال,,10,,0.00,0.00
طريقة حساب متوسط النسبة المئوية,,10,,0.00,0.33
طريقة حل النسبة المئوية,,10,,0.00,0.33
طريقة خصم النسبة المئوية,,10,,0.00,0.33
طريقة عمل النسبة المئوية,,10,,0.00,0.33
طريقة عمل نسبة مئوية,,10,,0.00,0.33
طريقة معرفة النسبة المئوية للدرجات,,10,,0.00,0.00
عرض بوربوينت تطبيقات على النسبة المئوية,,10,,0.00,0.33
قانون النسبة المئوية الكتلية,,10,,0.00,0.33
قانون النسبة المئوية الوزنية,,10,,0.00,0.33
قانون النسبة المئوية قدرات,,10,,0.00,0.33
قانون النسبة المئوية للزيادة,,10,,0.00,0.33
كم يساوي الخمس بالنسبة المئوية,,10,,0.00,0.33
كيف احسب النسبة المئوية بدون آلة حاسبة,,10,,0.00,0.00
كيف احسب النسبة المئوية في الالة الحاسبة,,10,,0.00,0.29
كيف احسب النسبة المئوية للتخفيضات,,10,,0.00,0.33
كيف احسب النسبة المئوية للشهادة,,10,,0.00,0.00
كيف احسب نسبة مئوية من رقم,,10,,0.00,0.33
كيف احول عدد الى نسبة مئوية,,10,,0.00,0.33
كيف اطلع النسبة المئوية في الشهادة,,10,,0.00,0.00
كيف اطلع النسبة المئوية للدرجات,,10,,0.00,0.33
كيف اطلع النسبة المئوية من عدد,,10,,0.00,0.33
كيف اطلع نسبة مئوية,,10,,0.00,0.33
كيف تحسب النسبة المئوية لعدد,,10,,0.00,0.00
كيف تحسب النسبة المئوية للثانوية العامة,,10,,0.00,0.00
كيف تحسب نسبة المردود المئوية,,10,,0.00,0.33
كيف تخصم النسبة المئوية,,10,,0.00,0.33
كيف تستخرج النسبة المئوية,,10,,0.00,0.00
كيف طريقة الخصم بالنسبة المئوية,,10,,0.00,0.33
كيف يتم حساب النسبة المئوية على الالة الحاسبة,,10,,0.00,0.00
كيف يتم خصم النسبة المئوية,,10,,0.00,0.00
كيفية احتساب النسبة المئوية,,10,,0.00,0.00
كيفية استخراج النسبة المئوية للدرجات,,10,,0.00,0.00
كيفية استنتاج النسبة المئوية,,10,,0.00,0.00
كيفية تحويل عدد الى نسبة مئوية,,10,,0.00,0.33
كيفية حساب الربح بالنسبة المئوية,,10,,0.00,0.33
كيفية حساب المعدل بالنسبة المئوية,,10,,0.00,0.33
كيفية حساب النسبة المئوية تخفيض,,10,,0.00,0.00
كيفية حساب النسبة المئوية في برنامج excel,,10,,0.00,0.00
كيفية حساب النسبة المئوية للثانوية العامة,,10,,0.00,0.00
كيفية حساب النسبة المئوية للربح,,10,,0.00,0.00
كيفية حساب النسبة المئوية للغياب,,10,,0.00,0.00
كيفية حساب النسبة المئوية للقروض,,10,,0.00,0.43
كيفية حساب النسبة المئوية للمبلغ,,10,,0.00,0.00
كيفية حساب النسبة المئوية من رقم,,10,,0.00,0.00
كيفية حساب النسبة المئوية من مبلغ,,10,,0.00,0.05
كيفية حساب خصم نسبة مئوية,,10,,0.00,0.00
كيفية حساب زيادة النسبة المئوية,,10,,0.00,0.33
كيفية حساب مجموع الدرجات بالنسبة المئوية,,10,,0.00,0.00
كيفية حساب نتيجة الثانوية العامة بالنسبة المئوية,,10,,0.00,0.00
كيفية حل النسبة المئوية,,10,,0.00,0.33
كيفية ضرب النسبة المئوية,,10,,0.00,0.18
كيفية عمل النسبة المئوية في الاكسل,,10,,0.00,0.00
كيفية عمل معادلة النسبة المئوية في excel,,10,,0.00,0.33
كيفية قياس النسبة المئوية,,10,,0.00,0.00
لحساب النسبة المئوية,,10,,0.00,0.33
لمعرفة النسبة المئوية,,10,,0.00,0.33
ما التركيب النسبي المئوي لحمض الفوسفوريك,,10,,0.00,0.00
ما المقصود بالتركيب النسبي المئوي,,10,,0.00,0.00
ما النسبة المئوية للعدد 15 من 60,,10,,0.00,0.33
معادلة النسبة المئوية بين رقمين,,10,,0.00,0.33
معادلة النسبة المئوية في اكسل,,10,,0.00,0.33
ملخص درس النسبة المئوية من عدد,,10,,0.00,0.33
موضوع عن النسبة المئوية,,10,,0.00,0.33
موقع حساب النسبة المئوية بين رقمين,,10,,0.00,0.00
موقع حساب النسبة المئوية للدرجات,,10,,0.00,0.00
نسبة المئوية في الاكسل,,10,,0.00,0.33
نسبة مئوية وكسور اعتيادية متكافئة,,10,,0.00,0.33
نسبه المردود المئوية,,10,,0.00,0.33
وضح كيف تحسب نسبة المردود المئوية,,10,,0.00,0.00
يستعمل كلوريد الكالسيوم لمنع التجمد احسب النسبة المئوية,,10,,0.00,0.33
0.01 تحويله الى نسبة مئوية,,0,,0.00,0.00
0.3 من 60 ما النسبة المئوية ل,,0,,0.00,0.00
1 400 تحويلها الى نسبه مئويه,,0,,0.00,0.00
1 ما هي النسبة المئوية للأكسجين فى al no3 3,,0,,0.00,0.00
1.2 الى نسبة مئوية,,0,,0.00,0.00
100 النسبة المئوية بالعربية,,0,,0.00,0.00
100 نسبة مئوية,,0,,0.00,0.00
10000كم النسبة المئوية,,0,,0.00,0.00
17 نسبه مئويه,,0,,0.00,0.00
2 شرح درس تطبيقات على تغير النسبة المئوية سعيد الشلوي,,0,,0.00,0.00
2 مشرح درس تطبيقات على تغير النسبة المئوية سعيد الشلوي,,0,,0.00,0.00
3 86 احولها نسبه مئويه,,0,,0.00,0.00
3 جرام الى نسبه مئويه,,0,,0.00,0.00
3.67 كم تساوي النسبة المئوية بالارقام,,0,,0.00,0.00
4.5 كم تعادل في النسبة المئوية,,0,,0.00,0.00
500 الف كم بالنسبة المئوية,,0,,0.00,0.00
8 تسمى النسب المئوية بالكتلة لكل العناصر في,,0,,0.00,0.00
8 تسمى النسب المئوية بالكتلة لكل العناصر في ماء التبلوك,,0,,0.00,0.00
8 تسمى النسبة المئوية بالكتلة لكل العناصر في ماء التبلور,,0,,0.00,0.00
jp تحويل من l الى نسبة مئوية,,0,,0.00,0.00
normal range of hb بالنسبة المئوية pdf,,0,,0.00,0.00
plagiarism النسبة المئوية المسموحة,,0,,0.00,0.00
pحساب النسبة المئوية في اكسيل,,0,,0.00,0.00
pحساب النسبة المئوية في اكسيل باستخدام if,,0,,0.00,0.00
quarter كم النسبة المئوية,,0,,0.00,0.00
random picker مع نسبة مئوية,,0,,0.00,0.00
أساسيات في اختبار القدرات 7 النسبة المئوية,,0,,0.00,0.00
أكتب النسب المئوية الاتية في صورة كسرى عشري,,0,,0.00,0.00
أكتب النسب المئوية الاتية في صورة كسرى عشري 40,,0,,0.00,0.00
أكتب النسب المئوية الاتية في صورة كسرى عشري اول متوسط,,0,,0.00,0.00
أكسيل النسبة المئوية,,0,,0.00,0.00
أنواع أسئلة النسبة المئوية,,0,,0.00,0.00
أوجد النسبة المئوية من العدد 15 من 100,,0,,0.00,0.00
أوجد النسبة المئوية من العدد في كل مما ياتي,,0,,0.00,0.00
أوراق عمل درس ايجاد النسب المئوية ذهنيا,,0,,0.00,0.00
إثراء في النسبة المئوية,,0,,0.00,0.00
إثراء في النسبة المئوية الصف الأول متوسط,,0,,0.00,0.00
إختبار النسبة المئوية والاحتمالات,,0,,0.00,0.00
إدراج رمز النسبة المئوية في وورد,,0,,0.00,0.00
إيجاد النسبة المئوية للعدد للصف السابع,,0,,0.00,0.00
ابحثي في علاقة نسبة المردود المئوي والجدوى الاقتصادية,,0,,0.00,0.00
ابحثي في نسبة المردود المئوي والجدوى الاقتصاديه,,0,,0.00,0.00
ابسط طريقه لحساب النسبة المئوية لاختبار قدرات,,0,,0.00,0.00
ابغا حساب النسبة المئوية,,0,,0.00,0.00
ابقاء النسبة المئوية ثابتة في بور بير اي,,0,,0.00,0.00
احتساب النسبة المئوية لدفعة,,0,,0.00,0.00
احتساب النسبة المئوية لهيئة التخصصات الصحية,,0,,0.00,0.00
احتساب النسبة المئوية لهيئة التخصصات الصحية مدونة طالب طب,,0,,0.00,0.00
احتساب النسبة المئوية من اجمالي مبلغ,,0,,0.00,0.00
احتساب النسبة المئوية من الرقم الأصل,,0,,0.00,0.00
احتساب النسبة المئوية من رقم,,0,,0.00,0.00
احسب النسبة المئوية بالكتلة لكلوريد الصوديوم,,0,,0.00,0.00
احسب النسبة المئوية بالكتلة للهيدروجين,,0,,0.00,0.00
احسب بطريقة النسبة المئوية,,0,,0.00,0.00
احسب بطريقة النسبة المئوية قانون,,0,,0.00,0.00
احسب نسبة المردود المئوية gjthug hglhyksd l,,0,,0.00,0.00
احسب نسبة المردود المئوية لتفاعل الماغنسيوم,,0,,0.00,0.00
احسب نسبة المردود المئوية لتفاعل المغنيسيوم,,0,,0.00,0.00
احسب نسبتك المئوية مقررات,,0,,0.00,0.00
احمد الفديد الصف السادس الابتدائي النسب المئوية والكسور,,0,,0.00,0.00
احمد الفديد اول متوسط النسبة المئوية,,0,,0.00,0.00
احمد الفديد اول متوسط النسبة المئوية من عدد,,0,,0.00,0.00
احمد الفديد اول متوسط شرح النسبة المئوية من عدد,,0,,0.00,0.00
احمد القديد الصف السادس الابتدائي النسب المئوية والكسور,,0,,0.00,0.00
احمد هبقان الصف السادس الابتدائي النسب المئوية والكسور,,0,,0.00,0.00
احمد هبقان الصف السادس النسب المئوية والكسور,,0,,0.00,0.00
احمد هبقان الفديد تطبيقلات على النسبة المئوية,,0,,0.00,0.00
احول من نسبة مئوية كامله لجزء من نسبة اعلى,,0,,0.00,0.00
اخارج النسبة المئوية من رقم بالاكسل,,0,,0.00,0.00
اختبار الفترة الاولى باب النسبة المئوية رياضيات اول متوسط ف2,,0,,0.00,0.00
اختبار النسبة المئوية والاحتمال,,0,,0.00,0.00
اختبار تحريري اول متوسط رياضيات الوحدة الخامسة النسبة المئوية,,0,,0.00,0.00
اختبار دوري النسبة المئوية,,0,,0.00,0.00
اختبار دوري النسبة المئوية ثاني متوسط,,0,,0.00,0.00
اختبار دوري تطبيقات على النسبة المئوية,,0,,0.00,0.00
اختبار دوري فصل النسبة المئوية اول متوسط,,0,,0.00,0.00
اختبار رياضيات اول متوسط باب النسبة المئوية من عدد,,0,,0.00,0.00
اختصار نسبه مئويه,,0,,0.00,0.00
اختيار باب النسبة المئوية,,0,,0.00,0.00
اختيار باب النسبة المئوية اول متوسط,,0,,0.00,0.00
اخراج النسبة المئوية برنامج الاكسل,,0,,0.00,0.00
اخراج النسبة المئوية لرقم,,0,,0.00,0.00
ادخل النسبة المئوية,,0,,0.00,0.00
اذا كانت النسبة المئوية بدلالة الكتلة,,0,,0.00,0.00
اذا كانت النسبة المئوية بدلالة الكتلة لهيبو كلوريت الصوديوم,,0,,0.00,0.00
ارجاع النسبة المئوية,,0,,0.00,0.00
ارسم نموذجا لايجاد النسبة المئوية المعطاة من العدد المذكور امامها,,0,,0.00,0.00
ارقام النسبة المئوية,,0,,0.00,0.00
ارقام تكون نتيجة النسبة المئوية لها عشرة,,0,,0.00,0.00
ازاي اطلع نسبة مئوية من رقمين,,0,,0.00,0.00
ازاي اعمل نسبة مئوية في اكسل,,0,,0.00,0.00
اسئلة اختبار رياضيات درس النسبة المئوية من عدد,,0,,0.00,0.00
اسئلة المستندات تمثل البيانات التالية النسبة المئوية لطوائف الديدان المفلطحة,,0,,0.00,0.00
اسئلة النسبة المئوية في اختبار القدرات,,0,,0.00,0.00
اسئلة على النسبة المئوية قدرات,,0,,0.00,0.00
اسئلة عن درس نسبة المردود المئوية,,0,,0.00,0.00
اسئلة ما النسبة المئوية للعدد 9 من 40,,0,,0.00,0.00
اسئله ثاني متوسط الفصل الاول فصل النسبة المئوية,,0,,0.00,0.00
اسالة عن النسب المئوية قدرات,,0,,0.00,0.00
اسالة ما النسبة المئوية للعدد9 منه 40,,0,,0.00,0.00
استخدام التناسب في المسائل النسبة المئوية,,0,,0.00,0.00
استخدام النسبة المئوية في الاكسل,,0,,0.00,0.00
استخدام النسبة المئوية في حياتنا اليومية,,0,,0.00,0.00
استخدامات النسبة المئوية,,0,,0.00,0.00
استخراج الدرجه من النسبة المئوية,,0,,0.00,0.00
استخراج النسب المئوية,,0,,0.00,0.01
استخراج النسب المئوية في اكسل,,0,,0.00,0.00
استخراج النسبة المئوية 4 ارقام,,0,,0.00,0.00
استخراج النسبة المئوية ان زاد من مئة في المئة,,0,,0.00,0.00
استخراج النسبة المئوية بالنسبة لمجموعة بالاكسل,,0,,0.00,0.00
استخراج النسبة المئوية برنامج,,0,,0.00,0.00
استخراج النسبة المئوية بين عددين,,0,,0.00,0.00
استخراج النسبة المئوية على العائد من سعر السهم,,0,,0.00,0.00
استخراج النسبة المئوية في اكسل,,0,,0.00,0.00
استخراج النسبة المئوية لدرجات الطلاب,,0,,0.00,0.00
استخراج النسبة المئوية لعدد,,0,,0.00,0.00
استخراج النسبة المئوية لمجموعة,,0,,0.00,0.00
استخراج النسبة المئوية من اكسل,,0,,0.00,0.00
استخراج النسبة المئوية من الإنحراف المعياري و الوسيط,,0,,0.00,0.00
استخراج النسبة المئوية من العدد,,0,,0.00,0.00
استخراج النسبة المئوية من المتوسط الحسابي والمعيار,,0,,0.00,0.00
استخراج النسبة المئوية من عدد,,0,,0.00,0.00
استخراج النسبة المئوية من عددين,,0,,0.00,0.00
استخراج النسبة المئوية من مجموع الدرجات,,0,,0.00,0.00
استخراج عدد من نسبة مئوية,,0,,0.00,0.00
استخراج متوسط معدل النسبة المئوية,,0,,0.00,0.00
استخراج نسبة المئوية,,0,,0.00,0.00
استخراج نسبة مئوية,,0,,0.00,0.00
استخراج نسبة مئوية من رقم الكترونيا,,0,,0.00,0.00
استخراج نسبة مئوية من عدد,,0,,0.00,0.00
استخراج نسبة مئوية من نسب مؤية,,0,,0.00,0.00
استخراج نسبة مئويه,,0,,0.00,0.00
استعمال التناسب في حل المسائل النسبة المئوية,,0,,0.00,0.00
استعمال التناسب في حل مسائل النسبة المئوية,,0,,0.00,0.00
استعمال النسبة المئوية,,0,,0.00,0.00
استعمال نسب المئوية بدلا من المولارية,,0,,0.00,0.00
استكشاف النسبة المئوية من عدد,,0,,0.00,0.33
اسلوب التنبؤ باستخدام النسبة المئوية من المبيعات,,0,,0.00,0.00
اسهل طريقة لتحويل الكسور الاعتيادية الى نسب مئوية,,0,,0.00,0.00
اسهل طريقة لحساب النسبة المئوية في القدرات,,0,,0.00,0.00
اشكال النسب المئوية,,0,,0.00,0.00
اشكال النسبة المئوية,,0,,0.00,0.00
اضافة نسبة مئوية فى اكسل,,0,,0.00,0.00
اضهار النسبة المئوية عدد كلمة معينة في مجموعة خلايا بالاكسل,,0,,0.00,0.00
اظهار النسبة المئوية ايفون ماكس,,0,,0.00,0.00
اظهار النسبة المئوية جالكسي 9,,0,,0.00,0.00
اظهار النسبة المئوية لبطارية الايفون 10,,0,,0.00,0.00
اظهار النسبة المئوية لبطارية الايفون 11,,0,,0.00,0.00
اظهار النسبة المئوية لبطارية الايفون x,,0,,0.00,0.00
اظهار النسبة المئوية لبطارية الايفون xr,,0,,0.00,0.00
اظهار النسبة المئوية لبطارية الايفون xs,,0,,0.00,0.00
اظهار النسبة المئوية لبطارية الايفون xs max,,0,,0.00,0.00
اظهار النسبة المئوية لجلاكسيace,,0,,0.00,0.00
اظهار النسبة المئوية لرسم بياني اكسيل,,0,,0.00,0.00
اظهار النسبة المئوية للبطارية الاندرويد,,0,,0.00,0.00
اظهار النسبة المئوية للبطارية الاندرويد ٩,,0,,0.00,0.00
اظهار النسبة المئوية للرقم,,0,,0.00,0.00
اظهار النسبة المئوية لمجموع كلمة في خلايا اكسل,,0,,0.00,0.00
افضل استراتيجية لدرس ايجاد النسب المئوية ذهنيا,,0,,0.00,0.00
اقارن بين نسبه المردود المئوي والجدوه الاقتصاديه,,0,,0.00,0.00
اقارن بين نسبه المردود المئوي والجدوى الاقتصاديه,,0,,0.00,0.00
اقتطاع النسبة المئوية,,0,,0.00,0.00
اقل نسبة مئوية لدخول الهندس,,0,,0.00,0.00
الأنشطة الخاصة بإدارة الموارد البشرية التكرار بالنسبة المئوية,,0,,0.00,0.00
الالة الحاسبة النسبة المئوية,,0,,0.00,0.00
الاهداف درس النسبة المئوية من عدد,,0,,0.00,0.00
الاهداف درس تطبيقات النسبة المئوية,,0,,0.00,0.00
البحث عن أعمق شيئ في النسبة المئوية,,0,,0.00,0.00
البنك السعودي الأمريكي بطاقة الخير الفضية معدل النسبة المئوية,,0,,0.00,0.00
الة حاسبة النسب المئوية,,0,,0.00,0.00
الة حاسبة تحسب النسبة المئوية,,0,,0.00,0.00
الة حاسبة حساب النسبة المئوية,,0,,0.00,0.00
التحويل النسبة المئوية الى معدل gpa,,0,,0.00,0.00
التحويل الى نسبة مئوية اونلاين,,0,,0.00,0.00
التحويل بين اشكال النسب المئوية,,0,,0.00,0.00
التحويل بين المعدل الى النسبة المئوية,,0,,0.00,0.00
التحويل من النسبة المئوية الى المعدل,,0,,0.00,0.00
التحويل من النسبة المئوية الى معدل 5,,0,,0.00,0.00
التحويل من جزء في المليون الى نسبة مئوية,,0,,0.00,0.00
التحويل من معدل الى نسبة مئوية,,0,,0.00,0.00
التحويل من معدل تراكمي الى نسبة مئوية,,0,,0.00,0.00
التحويل من معدل تراكمي الى نسبة مئوية site www.hawaaworld.com,,0,,0.00,0.00
التحويل من معدل تراكمي الى نسبة مئوية جامعة ام القرى,,0,,0.00,0.00
التحويل من نسبة مئوية إلى درجات في النظام الفصلي,,0,,0.00,0.00
التحويل من نسبة مئوية الى 410,,0,,0.00,0.00
التحويل من نسبة مئوية الى معدل,,0,,0.00,0.00
الترتيب العام لطلاب الشهادة الابتدائية 2017 محافظة الغربية بالنسبة المئوية,,0,,0.00,0.00
التطبيقات على النسب المئوية,,0,,0.00,0.00
التعبير عن التركيز بالنسبة المئوية,,0,,0.00,0.00
التعبير عن التركيز بالنسبة المئوية في المحاليل الوريدية,,0,,0.00,0.00
التعبير عن الكسور في صورة نسبة مئويه,,0,,0.00,0.00
التناسب المئوي 5_4ما النسبة المئوية ل6 دفتر من 30 دفترا,,0,,0.00,0.00
التناسب المئوي الفصل 5 تطبيقات النسبة المئويةص 9,,0,,0.00,0.00
التناسب النسبة المئوية,,0,,0.00,0.00
التناسب النسبة المئوية قانون,,0,,0.00,0.00
التناسب كتاب الطالب الفصل 5 تطبيقات النسبة المئوية,,0,,0.00,0.00
التوافق بين الابراج بالنسبة المئوية,,0,,0.00,0.00
التوزيع وفق النسبة المئوية,,0,,0.00,0.00
الثمن نسبة مئوية,,0,,0.00,0.00
الجدوى الاقتصادية لحمض الكبريتيك باستخدام نسبة المردود المئوية,,0,,0.00,0.00
الجزء نسبة الدائرة المئوية,,0,,0.00,0.00
الجزء نسبة الدائرة المئوية 25,,0,,0.00,0.00
الحاسبة النسبة المئوية,,0,,0.00,0.00
الحاسبة حساب النسبة المئوية,,0,,0.00,0.00
الحقل النسبة المئوية لاكتمال العمل تحميل ملف اكسل,,0,,0.00,0.00
الدرجة 4 كم بالنسبة المئوية,,0,,0.00,0.00
الدول التي خسرت نسبة مئوية المساحة سكاي نيوز,,0,,0.00,0.00
الرياضيات احمد الفديد النسبة المئوية,,0,,0.00,0.00
الرياضيات اصف الاول متوسط تقدير النسبة المئوية,,0,,0.00,0.00
الرياضيات الاول متوسط تطبيقات النسبة المئوية,,0,,0.00,0.00
الرياضيات الاول متوسط تطبيقات النسبة المئوية التهيئة,,0,,0.00,0.00
الرياضيات النسبة المئوية من عدد,,0,,0.00,0.00
الرياضيات تقدير النسبة المئوية,,0,,0.00,0.00
السدس بالنسبة مئوية,,0,,0.00,0.00
السهم النسبة المئوية للربح والخسارة,,0,,0.00,0.00
الشورى يوصي بنسبة مئوية سنوية للمتقاعدين,,0,,0.00,0.00
الصف الأول المتوسط الفص 5 تطبيقات النسبة المئوية,,0,,0.00,0.00
الصيغه الاوليه من التركيب النسبي المئوي,,0,,0.00,0.00
الضرب او القسمة على النسبة المئوية,,0,,0.00,0.00
العلاقة نسبة المردود المئوي والجدوى الاقتصادية,,0,,0.00,0.00
العملية الحسابية للنسبة المئوية,,0,,0.00,0.00
العنصريه و الاكتئاب نسب مئويه,,0,,0.00,0.00
الفرق بين النسبة المئوية والزيادة المئوية,,0,,0.00,0.00
الفرق بين النسبة المئوية والمولارية,,0,,0.00,0.00
الفرق بين النسبة المئوية والنسبة العشرية,,0,,0.00,0.00
الفرق بين الوزن النسبي والنسبة المئوية,,0,,0.00,0.00
الفصل 5 تطبيقات النسبة المئوية النسبة المئوية من عدد,,0,,0.00,0.00
الفصل 5 تطبيقات النسبة المئوية او,,0,,0.00,0.00
الفصل 5 تطبيقات النسبة المئوية ص 6,,0,,0.00,0.00
الفصل 5تطبيقات النسبة المئوية قدر كلا مما ياتي,,0,,0.00,0.00
الفصل الرابع النسبة المئوية اضغط هنا,,0,,0.00,0.00
القدرات كمي النسبة المئوية,,0,,0.00,0.00
الكتلة النسبية المئوية,,0,,0.00,0.00
الكسر 1 over 4 يكافئ النسبة المئوية 15,,0,,0.00,0.00
الكسور الاعتيادية و النسب المئوية,,0,,0.00,0.00
الكل الجزء x النسبة المئوية,,0,,0.00,0.00
الكلية التقنية بجدة النسبة المئوية,,0,,0.00,0.00
المادة المحولة للتفاعل ونسبة المردود المئوية,,0,,0.00,0.00
المتوسط الحسابي لارقام نسبة مئوية,,0,,0.00,0.00
المصدر السعودي تطبيقات النسبة المئوية نشاط صفحة 10,,0,,0.00,0.00
المصدر السعودي تقدير النسبة المئوية,,0,,0.00,0.00
المصدر السعودي تقدير النسبة المئوية الصف الثاني متوسط,,0,,0.00,0.00
المصدر السعودي تقدير النسبة المئوية الصف الثاني متوسط 152,,0,,0.00,0.00
المصدر السعودي ثاني متوسط ف1 النسبة المئوية,,0,,0.00,0.00
المصدر السعودي ثاني متوسط ف1 النسبة المئوية ايجاد النسبة المئوية,,0,,0.00,0.00
المصدر السعودي رياضيات درس النسب المئوية,,0,,0.00,0.00
المصدر السعودي رياضيات درس النسب المئوية ثالث متوسط,,0,,0.00,0.00
المصدر السعودي رياضيات درس النسب المئوية ثالث متوسط ف2,,0,,0.00,0.00
المعادلة المئوية هي النسبة المئوية,,0,,0.00,0.00
المعدل التراكمي النسبة المئوية,,0,,0.00,0.00
المعدل التراكمي من النسبة المئوية,,0,,0.00,0.00
المعدل التراكمي نسبة مئوية,,0,,0.00,0.00
المعدل النسبة المئوية بالأرقام,,0,,0.00,0.00
المعدل النسبة المئوية بالأرقام مؤسسة الحبوب,,0,,0.00,0.00
المعدل الى نسبة مئوية,,0,,0.00,0.00
المعدل بالنسبة المئوية تحويل,,0,,0.00,0.00
المعرفة النسبة المئوية الحد الأدنى ممتاز جامعة اليرموك,,0,,0.00,0.00
النسب المئوية الأكبر من 100 أو الأصغر من 1,,0,,0.00,0.00
النسب المئوية المجهولة,,0,,0.00,0.00
النسب المئوية المشهوره,,0,,0.00,0.00
النسب المئوية المناسبة للرجيم,,0,,0.00,0.00
النسب المئوية النيكوتين في المعسل,,0,,0.00,0.00
النسب المئوية شرح,,0,,0.00,0.00
النسب المئوية في حياتنا,,0,,0.00,0.00
النسب المئوية لأسباب السرطان,,0,,0.00,0.00
النسب المئوية لأسباب السرطان بالمماكة,,0,,0.00,0.00
النسب المئوية لاتجاه الرياح,,0,,0.00,0.00
النسب المئوية لاتجاه الرياح في المنطقة الشرقيه,,0,,0.00,0.00
النسب المئوية لاتجاه الرياح للكثبان الرملية,,0,,0.00,0.00
النسب المئوية لانواع الطاقة,,0,,0.00,0.00
النسب المئوية لتقدير جيد جدا,,0,,0.00,0.00
النسب المئوية لجامعة,,0,,0.00,0.00
النسب المئوية لجامعه تبوك,,0,,0.00,0.00
النسب المئوية لدم,,0,,0.00,0.00
النسب المئوية لعدد 100,,0,,0.00,0.00
النسب المئوية لفصائل الدم,,0,,0.00,0.00
النسب المئوية لقبول الطلاب بالجامعات,,0,,0.00,0.00
النسب المئوية لكتل العناصر في المركبات,,0,,0.00,0.00
النسب المئوية للعدد 100,,0,,0.00,0.00
النسب المئوية للقبول بالكليات 2018,,0,,0.00,0.00
النسب المئوية للقبول بكليات الطب,,0,,0.00,0.00
النسب المئوية للقبول في الجامعات,,0,,0.00,0.00
النسب المئوية للقبول في الجامعات 2016,,0,,0.00,0.00
النسب المئوية للمياة,,0,,0.00,0.00
النسب المئوية للنيكوتين في المعسل,,0,,0.00,0.00
النسب المئوية لمكونات مركب,,0,,0.00,0.00
النسب المئوية لمكونات مركب كمياء 1,,0,,0.00,0.00
النسب المئوية من عدد اول متوسط الفصل الثاني,,0,,0.00,0.00
النسب المئوية من عدد اول متوسط منال,,0,,0.00,0.00
النسب المئوية و الكسور الاعتيادية,,0,,0.00,0.00
النسب المئوية و المؤشرات,,0,,0.00,0.33
النسب المئوية والاعداد العشرية,,0,,0.00,0.00
النسب المئوية والتقديرات,,0,,0.00,0.00
النسب المئوية والكسور الإعتيادية,,0,,0.00,0.00
النسب المئوية والكسور الاعتيادية صف سادس,,0,,0.00,0.00
النسب المئوية والكسور الاعتيادية وسم,,0,,0.00,0.00
النسب المئوية والمؤشرات,,0,,0.00,0.00
النسب المئوية والمؤشرات pdf,,0,,0.00,0.00
النسب المئوية والوطن,,0,,0.00,0.00
النسبة الكتلية المئوية,,0,,0.00,0.00
النسبة المئوية 1.43,,0,,0.00,0.00
النسبة المئوية 1432,,0,,0.00,0.00
النسبة المئوية 15 100,,0,,0.00,0.00
النسبة المئوية 2.48,,0,,0.00,0.00
النسبة المئوية 25 من 625 هي,,0,,0.00,0.00
النسبة المئوية 60,,0,,0.00,0.00
النسبة المئوية excel,,0,,0.00,0.00
النسبة المئوية ppt,,0,,0.00,0.00
النسبة المئوية smle,,0,,0.00,0.00
النسبة المئوية اكسل 2013,,0,,0.00,0.00
النسبة المئوية اكسل 2013 مع الامثلة,,0,,0.00,0.00
النسبة المئوية اكسيل,,0,,0.00,0.00
النسبة المئوية التحول الجنسي,,0,,0.00,0.00
النسبة المئوية التراكمية,,0,,0.00,0.00
النسبة المئوية التقدير,,0,,0.00,0.00
النسبة المئوية التقدير مقبول,,0,,0.00,0.00
النسبة المئوية التقديرية,,0,,0.00,0.00
النسبة المئوية التي تدفعها المؤسسات والشركات للاعلانات التجارية,,0,,0.00,0.00
النسبة المئوية الذهبية,,0,,0.00,0.00
النسبة المئوية الفديد,,0,,0.00,0.00
النسبة المئوية القدرات,,0,,0.00,0.00
النسبة المئوية الكتلية لمذاب في الماء,,0,,0.00,0.00
النسبة المئوية المال,,0,,0.00,0.00
النسبة المئوية المرحلة الثانوية,,0,,0.00,0.00
النسبة المئوية المعادلة,,0,,0.00,0.00
النسبة المئوية المعدل التراكمي,,0,,0.00,0.00
النسبة المئوية المكافئة لكسر,,0,,0.00,0.00
النسبة المئوية الوزنية لمحاول كلوريد الصوديوم,,0,,0.00,0.00
النسبة المئوية انجليزي,,0,,0.00,0.00
النسبة المئوية ايجاد النسب المئوية ذهنيا,,0,,0.00,0.00
النسبة المئوية ايجاد النسب المئوية ذهنيا حل كتاب النشا,,0,,0.00,0.00
النسبة المئوية بالارقام,,0,,0.00,0.00
النسبة المئوية بالالة الحاسبة,,0,,0.00,0.00
النسبة المئوية بالحاسبة,,0,,0.00,0.00
النسبة المئوية بالحجم لمحلول يحتوي,,0,,0.00,0.00
النسبة المئوية بالسجل المدني,,0,,0.00,0.00
النسبة المئوية بالكتلة كيمياء,,0,,0.00,0.00
النسبة المئوية بالكتلة لعنصر,,0,,0.00,0.00
النسبة المئوية بالكتلة للعنصر,,0,,0.00,0.00
النسبة المئوية بالكسور,,0,,0.00,0.00
النسبة المئوية باللغة العربية,,0,,0.00,0.00
النسبة المئوية بدلالة الحجم هي,,0,,0.00,0.00
النسبة المئوية بدلالة الكتلة هي,,0,,0.00,0.00
النسبة المئوية بدون آلة حاسبة,,0,,0.00,0.00
النسبة المئوية برقم الهوية,,0,,0.00,0.00
النسبة المئوية برنامج اكسل,,0,,0.00,0.00
النسبة المئوية بين جدولين اقزل,,0,,0.00,0.00
النسبة المئوية بين رقمين كل وجزء,,0,,0.00,0.00
النسبة المئوية تحميل,,0,,0.00,0.00
النسبة المئوية تخفيضات,,0,,0.00,0.00
النسبة المئوية تطبيق,,0,,0.00,0.00
النسبة المئوية تقدير,,0,,0.00,0.00
النسبة المئوية تقدير المصدر السعودي,,0,,0.00,0.00
النسبة المئوية تكافئ الكسر,,0,,0.00,0.00
النسبة المئوية جامعة الملك عبدالعزيز,,0,,0.00,0.00
النسبة المئوية جامعة املك سعود,,0,,0.00,0.00
النسبة المئوية سؤال 2,,0,,0.00,0.00
النسبة المئوية سؤال2,,0,,0.00,0.00
النسبة المئوية على هيئة كسر اعتيادي,,0,,0.00,0.00
النسبة المئوية عماد الجزيري,,0,,0.00,0.33
النسبة المئوية عند اول يوم ادراج للسهم,,0,,0.00,0.00
النسبة المئوية فصل دراسي,,0,,0.00,0.00
النسبة المئوية فهد,,0,,0.00,0.00
النسبة المئوية فهد التميمي,,0,,0.00,0.00
النسبة المئوية فى الرياضيات,,0,,0.00,0.00
النسبة المئوية في excel 2010,,0,,0.00,0.00
النسبة المئوية في excel لمبلغ معين,,0,,0.00,0.00
النسبة المئوية في اكسس,,0,,0.00,0.00
النسبة المئوية في اكسل,,0,,0.00,0.00
النسبة المئوية في اكسل رقمين,,0,,0.00,0.00
النسبة المئوية في الايفون x,,0,,0.00,0.00
النسبة المئوية في البرمجة,,0,,0.00,0.00
النسبة المئوية في التجارة,,0,,0.00,0.00
النسبة المئوية في القطاعات الدائري,,0,,0.00,0.00
النسبة المئوية في المادة,,0,,0.00,0.00
النسبة المئوية في ايفون ماكس,,0,,0.00,0.00
النسبة المئوية في برنامج excel gantt chart,,0,,0.00,0.00
النسبة المئوية في برنامج الاكسل,,0,,0.00,0.00
النسبة المئوية في تقني,,0,,0.00,0.00
النسبة المئوية في موقع تقني,,0,,0.00,0.00
النسبة المئوية قدرات كمي,,0,,0.00,0.00
النسبة المئوية كفايات,,0,,0.00,0.00
النسبة المئوية كيف تراكمي,,0,,0.00,0.00
النسبة المئوية كيف تنطق,,0,,0.00,0.00
النسبة المئوية ل50 من 20,,0,,0.00,0.00
النسبة المئوية لارتفاع اسعار المواد الغذائية,,0,,0.00,0.00
النسبة المئوية لارتفاع اسعار المواد الغذائية في السعودية,,0,,0.00,0.00
النسبة المئوية لاول اكسيد الكربون فالسيارات,,0,,0.00,0.00
النسبة المئوية لتتلوث الماء,,0,,0.00,0.00
النسبة المئوية لتلوث الماء,,0,,0.00,0.00
النسبة المئوية لتوافق برج الجوزاء,,0,,0.00,0.00
النسبة المئوية لتوافق برج الجوزاء في الجنس,,0,,0.00,0.00
النسبة المئوية لثلثين,,0,,0.00,0.00
النسبة المئوية لحبك,,0,,0.00,0.00
النسبة المئوية لخريج البكالوريوس,,0,,0.00,0.00
النسبة المئوية لدخول الجامعات المصرية الحكومية لشهادات المعادلة,,0,,0.00,0.00
النسبة المئوية لدرجات,,0,,0.00,0.00
النسبة المئوية لدرجة اختبار الطالب,,0,,0.00,0.00
النسبة المئوية لرقم ٢٠٠٠٠٠,,0,,0.00,0.00
النسبة المئوية لزيادة السكان في المحافظات,,0,,0.00,0.00
النسبة المئوية لشهادة التعليم المتوسط 2015,,0,,0.00,0.00
النسبة المئوية لعدد 30,,0,,0.00,0.00
النسبة المئوية لعدد االامثل لسان في الكيلو متر المربع,,0,,0.00,0.00
النسبة المئوية لعدد السان في الكيلو متر المربع,,0,,0.00,0.00
النسبة المئوية لعدد السكان في الكيلومتر المربع,,0,,0.00,0.00
النسبة المئوية لعدد الصم في السعودية,,0,,0.00,0.00
النسبة المئوية لعدد الطيارين السعوديين,,0,,0.00,0.00
النسبة المئوية لعدد سكان,,0,,0.00,0.00
النسبة المئوية لعدد سكان فلسطين,,0,,0.00,0.00
النسبة المئوية لعدد عشري,,0,,0.00,0.00
النسبة المئوية لعدد معين,,0,,0.00,0.00
النسبة المئوية لعدد432من 960,,0,,0.00,0.00
النسبة المئوية لغياب المعلمات بطريقة اكسل,,0,,0.00,0.00
النسبة المئوية لفصل دراسي,,0,,0.00,0.00
النسبة المئوية لكتلة الهيدروجين في المكركب,,0,,0.00,0.00
النسبة المئوية لكتلة تحوي 5g jpwdgd,,0,,0.00,0.00
النسبة المئوية لكتلة كلوريد الكالسيوم في محلول هي 2.62,,0,,0.00,0.00
النسبة المئوية لكلية الجبيل,,0,,0.00,0.00
النسبة المئوية لل basophile,,0,,0.00,0.00
النسبة المئوية للاقتصاد الامريكي,,0,,0.00,0.00
النسبة المئوية للايفون,,0,,0.00,0.00
النسبة المئوية للايفون x,,0,,0.00,0.00
النسبة المئوية للبطارية ايفون x,,0,,0.00,0.00
النسبة المئوية للبطارية ايفون xr,,0,,0.00,0.00
النسبة المئوية للبطارية ايفون ١١,,0,,0.00,0.00
النسبة المئوية للبطارية في الايفون x,,0,,0.00,0.00
النسبة المئوية للبطارية في الايفون x ماكس,,0,,0.00,0.00
النسبة المئوية للبلدية,,0,,0.00,0.00
النسبة المئوية للبناء,,0,,0.00,0.00
النسبة المئوية للبناء بالنجليزي,,0,,0.00,0.00
النسبة المئوية للبناء للبلدية,,0,,0.00,0.00
النسبة المئوية للبوتاسيوم k في مركب ثنائي كرومات البوتاسيومk2cr2o7,,0,,0.00,0.00
النسبة المئوية للتركيب,,0,,0.00,0.00
النسبة المئوية للثانوية العامة 2019,,0,,0.00,0.00
النسبة المئوية للرقم 1259,,0,,0.00,0.00
النسبة المئوية للرقم 6000,,0,,0.00,0.00
النسبة المئوية للسعوديه الذين يتعلمون اللغه الانجليزيه,,0,,0.00,0.00
النسبة المئوية للصف الاول المتوسط,,0,,0.00,0.00
النسبة المئوية للصف الاول المتوسط أز سعيد,,0,,0.00,0.00
النسبة المئوية للصف الاول المتوسط أو سعيد,,0,,0.00,0.00
النسبة المئوية للصف الاول متوسط doc,,0,,0.00,0.00
النسبة المئوية للصوفية,,0,,0.00,0.00
النسبة المئوية للطالبات,,0,,0.00,0.00
النسبة المئوية للعدد 15 من 60 هي اكملي الفراغ,,0,,0.00,0.00
النسبة المئوية للعدد 40 من 80,,0,,0.00,0.00
النسبة المئوية للعدد 432 من 960,,0,,0.00,0.00
النسبة المئوية للعدد 7 من 21,,0,,0.00,0.00
النسبة المئوية للعدد 7.5 في صورة كسر عشري,,0,,0.00,0.00
النسبة المئوية للعدد 9 من 90 يساوي,,0,,0.00,0.00
النسبة المئوية للعدد 9من 90 فيساوي,,0,,0.00,0.00
النسبة المئوية للعناصر في المركبات,,0,,0.00,0.00
النسبة المئوية للفرق بين رقمين,,0,,0.00,0.00
النسبة المئوية للقبول بجامعة الملك سعود,,0,,0.00,0.00
النسبة المئوية للقبول في كليات الب,,0,,0.00,0.00
النسبة المئوية للقبول في كليات الطب في الجامعات السعودية,,0,,0.00,0.00
النسبة المئوية للقرض بنك البلاد,,0,,0.00,0.00
النسبة المئوية للقطاع الدائري,,0,,0.00,0.00
النسبة المئوية للكلية التقنية,,0,,0.00,0.00
النسبة المئوية للمجموع 1259,,0,,0.00,0.00
النسبة المئوية للمحاليل,,0,,0.00,0.00
النسبة المئوية للمحاليل بور بوينت,,0,,0.00,0.00
النسبة المئوية للمسافة المقطوعه,,0,,0.00,0.00
النسبة المئوية للمصابين بمرض السكري,,0,,0.00,0.00
النسبة المئوية للمعدل الجامعي,,0,,0.00,0.00
النسبة المئوية للمعدل من 5,,0,,0.00,0.00
النسبة المئوية للمهارات,,0,,0.00,0.00
النسبة المئوية للمهارات التربية الخاصة,,0,,0.00,0.00
النسبة المئوية للموازنة التقدريةر,,0,,0.00,0.00
النسبة المئوية للموازنة التقديرية,,0,,0.00,0.00
النسبة المئوية للنجاح العمل المكتبي,,0,,0.00,0.00
النسبة المئوية للنطاق الاخضر,,0,,0.00,0.00
النسبة المئوية للنطاق الاخضر المنخفض,,0,,0.00,0.00
النسبة المئوية للهيدروجين في الماء,,0,,0.00,0.00
النسبة المئوية لليهود من اجمالي عدد السكان في فلسطين,,0,,0.00,0.00
النسبة المئوية لمرضى السكر في السعودية,,0,,0.00,0.00
النسبة المئوية لمركب,,0,,0.00,0.00
النسبة المئوية لمعدل 5,,0,,0.00,0.00
النسبة المئوية لميثاق العمل,,0,,0.00,0.00
النسبة المئوية لنجاح في المادة,,0,,0.00,0.00
النسبة المئوية ل١٨ من ٩٣,,0,,0.00,0.00
النسبة المئوية مؤشر,,0,,0.00,0.00
النسبة المئوية مربع بانيت,,0,,0.00,0.00
النسبة المئوية مقسمه علي ٣,,0,,0.00,0.00
النسبة المئوية من 24,,0,,0.00,0.00
النسبة المئوية من اجمالي عدد سكان فلسطين,,0,,0.00,0.00
النسبة المئوية من اعداد,,0,,0.00,0.00
النسبة المئوية من الربح أو الإيراد,,0,,0.00,0.00
النسبة المئوية من الربح والإيراد,,0,,0.00,0.00
النسبة المئوية من العدد,,0,,0.00,0.00
النسبة المئوية من الفلوس,,0,,0.00,0.00
النسبة المئوية من المبيعات,,0,,0.00,0.00
النسبة المئوية من المعدل التراكمي,,0,,0.00,0.00
النسبة المئوية من المعدل التراكمي 5,,0,,0.00,0.00
النسبة المئوية من اليهود تركيا,,0,,0.00,0.00
النسبة المئوية من دائرة,,0,,0.00,0.00
النسبة المئوية من عدد 5,,0,,0.00,0.00
النسبة المئوية من عدد ppt,,0,,0.00,0.00
النسبة المئوية من عدد احمد الفديد,,0,,0.00,0.00
النسبة المئوية من عدد احمد هبقان,,0,,0.00,0.00
النسبة المئوية من عدد الاول متوسط,,0,,0.00,0.00
النسبة المئوية من عدد المصدر السعودي,,0,,0.00,0.00
النسبة المئوية من عدد انتعاش,,0,,0.00,0.00
النسبة المئوية من عدد اول متوسط احمد الفديد,,0,,0.00,0.00
النسبة المئوية من عدد اول متوسط بركة المحمدي,,0,,0.00,0.00
النسبة المئوية من عدد اول متوسط شبكة فاهم,,0,,0.00,0.00
النسبة المئوية من عدد اول متوسط ف2,,0,,0.00,0.00
النسبة المئوية من عدد اول متوسط كتاب التمارين,,0,,0.00,0.00
النسبة المئوية من عدد اول متوسط كتاب الطالب,,0,,0.00,0.00
النسبة المئوية من عدد اول متوسط كتاب الطالب منال التويجري,,0,,0.00,0.00
النسبة المئوية من عدد اول متوسط كتاب النشاط,,0,,0.00,0.00
النسبة المئوية من عدد اول متوسط منال التويجري,,0,,0.00,0.00
النسبة المئوية من عدد اول متوسط منى المواش,,0,,0.00,0.00
النسبة المئوية من عدد اول متوسط يوتيوب,,0,,0.00,0.00
النسبة المئوية من عدد بركة المحمدي,,0,,0.00,0.00
النسبة المئوية من عدد بوربوينت,,0,,0.00,0.00
النسبة المئوية من عدد حل,,0,,0.00,0.00
النسبة المئوية من عدد رياضيات اول متوسط,,0,,0.00,0.00
النسبة المئوية من عدد شرح,,0,,0.00,0.00
النسبة المئوية من عدد ص 6,,0,,0.00,0.00
النسبة المئوية من عدد عرض بور,,0,,0.00,0.00
النسبة المئوية من عدد كتاب التمارين,,0,,0.00,0.00
النسبة المئوية من عدد للصف الأول متوسط الفصل الدراسي الثاني,,0,,0.00,0.00
النسبة المئوية من عدد للصف الاول متوسط,,0,,0.00,0.00
النسبة المئوية من عدد للصف الاول متوسط الفصل الدراسي,,0,,0.00,0.00
النسبة المئوية من عدد منال التويجرتقدير النسبه المئويه,,0,,0.00,0.00
النسبة المئوية من عدد منال التويجري,,0,,0.00,0.00
النسبة المئوية من عدد منى المواشي,,0,,0.00,0.00
النسبة المئوية من نور,,0,,0.00,0.00
النسبة المئوية نسبة,,0,,0.00,0.00
النسبة المئوية هي المعدل التراكمي للثانوية,,0,,0.00,0.00
النسبة المئوية و التقدرير للثانوي,,0,,0.00,0.00
النسبة المئوية وأهميتها في حياتنا,,0,,0.00,0.00
النسبة المئوية وأهميتها في حياتنابواسطة عائشه بنت الغامدي,,0,,0.00,0.00
النسبة المئوية والاحتمالات,,0,,0.00,0.00
النسبة المئوية والاحتمالات للصف السادس الابتدائى,,0,,0.00,0.00
النسبة المئوية والتقدير ppt,,0,,0.00,0.00
النسبة المئوية والتقدير المصدر السعودي,,0,,0.00,0.00
النسبة المئوية والتقدير اول متوسط,,0,,0.00,0.00
النسبة المئوية والتقدير ثاني متوسط هل ممكن تختلف الاجابات,,0,,0.00,0.00
النسبة المئوية والتقدير رياضيات ثاني متوسط,,0,,0.00,0.00
النسبة المئوية والتقدير ص152,,0,,0.00,0.00
النسبة المئوية والتقدير فاهم,,0,,0.00,0.00
النسبة المئوية والتقدير كتاب النشا,,0,,0.00,0.00
النسبة المئوية والتقدير كتاب النشاط,,0,,0.00,0.00
النسبة المئوية والتقدير للصف الثاني متوسط الفصل الدراسي الأول,,0,,0.00,0.00
النسبة المئوية والتقدير منى المواش,,0,,0.00,0.00
النسبة المئوية والكسر,,0,,0.00,0.00
النسبة المئوية ولا النسبة التراكمي لنظام المقررات يلي تقبلها الجامعة,,0,,0.00,0.00
النسبة المئوية ونسبة التخرج,,0,,0.00,0.00
النسبة المئوية وهامش الربح حمزة السالم,,0,,0.00,0.00
النسبة المئوية ويكيبيديا,,0,,0.00,0.00
النسبة والتناسب والنسبة المئوية,,0,,0.00,0.00
الوزن بالنسبة المئوية لمقياس ليكرت الثلاثي,,0,,0.00,0.00
امثلة حسابية عن النسبة المئوية بدلالة الكتلة,,0,,0.00,0.00
امثلة على النسبة المئوية من عدد,,0,,0.00,0.00
امثلة على ايجاد النسبة المئوية,,0,,0.00,0.00
امثلة لدرس النسبة المئوية من عدد,,0,,0.00,0.00
امثله النسب المئوية,,0,,0.00,0.00
امثله النسب المئوية صور مثلا لسرطان او للخسارة الاموال,,0,,0.00,0.00
امثله النسب المئوية صوره,,0,,0.00,0.00
امثله النسب المئوية صوره مثلا لسرطان او خسارة الاموال,,0,,0.00,0.00
انجازات تطبيقات النسبة المئوية,,0,,0.00,0.00
انجازات تطبيقات النسبة المئوية اول متوسط,,0,,0.00,0.00
انشاءخريطة مفاهيم للنسب المئوية,,0,,0.00,0.00
انشاءخريطة مفاهيم للنسب المئوية للصف ثاني متوسط,,0,,0.00,0.00
انواع اسئلة النسبة المئوية,,0,,0.00,0.00
انواع اسئلة النسبة المئوية اولى متوسط,,0,,0.00,0.00
اهمية النسبة المئوية,,0,,0.00,0.00
اوجد النسبة المئوية 40 من 60,,0,,0.00,0.00
اوجد النسبة المئوية من العدد,,0,,0.00,0.00
اوجد النسبة المئوية من العدد 15 من 100,,0,,0.00,0.00
اوراق عمل تطبيقات على النسبة المئوية,,0,,0.00,0.00
اوراق عمل رياضيات اول متوسط الفصل الدراسي الثاني النسبة المئوية,,0,,0.00,0.00
اوراق عمل رياضيات اول متوسط النسبة المئوية,,0,,0.00,0.00
اوراق عمل لدرس نسبة المردود المئوية,,0,,0.00,0.00
اول متوسط الفصل الثاني رياضيات اختبار دوري النسبة المئوية,,0,,0.00,0.00
اول متوسط رياضيات النسبة المئوية,,0,,0.00,0.00
ايات من القران علي النسبة المئوية,,0,,0.00,0.00
اية ذكر فيها نسبة مئوية,,0,,0.00,0.00
اية قرانيه عن النسبة المئوية,,0,,0.00,0.00
ايجاد اجمالي المبلغ من نسبة مئوية,,0,,0.00,0.00
ايجاد اصل المبلغ من نسبة مئوية,,0,,0.00,0.00
ايجاد التناسب في المسائل النسبة المئوية,,0,,0.00,0.00
ايجاد الفرق بين رقمين بالنسبة المئوية,,0,,0.00,0.00
ايجاد الكسر الاعتيادي المكافئ للنسبة المئوية,,0,,0.00,0.00
ايجاد النسب المئوية ذهنيا site yzeeed.com,,0,,0.00,0.00
ايجاد النسب المئوية ذهنيا المصدر السعودي,,0,,0.00,0.00
ايجاد النسب المئوية ذهنيا ثاني متوسط مني المواش,,0,,0.00,0.00
ايجاد النسب المئوية ذهنيا كتاب التمارين,,0,,0.00,0.00
ايجاد النسب المئوية ذهنيا منال,,0,,0.00,0.33
ايجاد النسب المئوية ذهنيا منال التويجري,,0,,0.00,0.00
ايجاد النسبة المئوية اول متوسط,,0,,0.00,0.00
ايجاد النسبة المئوية بين عددين,,0,,0.00,0.00
ايجاد النسبة المئوية تخفيض والارتفاع,,0,,0.00,0.00
ايجاد النسبة المئوية ذهنيا الفديد,,0,,0.00,0.00
ايجاد النسبة المئوية ذهنيا سعيد الشلوي,,0,,0.00,0.00
ايجاد النسبة المئوية ذهنيا كتاب النشاط,,0,,0.00,0.00
ايجاد النسبة المئوية ذهنيا منى المواش,,0,,0.00,0.00
ايجاد النسبة المئوية ذهنيا ويكيبيديا,,0,,0.00,0.00
ايجاد النسبة المئوية في اكسل,,0,,0.00,0.00
ايجاد النسبة المئوية لارقام,,0,,0.00,0.00
ايجاد النسبة المئوية لحمض الخليك,,0,,0.00,0.00
ايجاد النسبة المئوية لرقم,,0,,0.00,0.00
ايجاد النسبة المئوية لعنصر في مركب,,0,,0.00,0.00
ايجاد النسبة المئوية للعدد,,0,,0.00,0.00
ايجاد النسبة المئوية مستعملا الكسور العشرية,,0,,0.00,0.00
ايجاد النسبة المئوية من الاعداد,,0,,0.00,0.00
ايجاد النسبة المئوية من الاعداد للصف الخامس,,0,,0.00,0.00
ايجاد النسبة المئوية من عدد باستخدام الحساب الذهني,,0,,0.00,0.00
ايجاد النسبة المئوية من عدد للصف السادس,,0,,0.00,0.00
ايجاد النسبة المئوية والجزء,,0,,0.00,0.00
ايجاد قيمة النسبة المئوية,,0,,0.00,0.00
ايقونات نسب مئوية,,0,,0.00,0.00
اين توضع النسبة المئوية,,0,,0.00,0.00
اين يوجد رمز النسبة المئوية على لوحة مفاتيح الكمبيوتر,,0,,0.00,0.00
ايهما ادق نسبة المئوية او المولارية,,0,,0.00,0.00
ايهما افضل المعدل ام النسبة المئوية,,0,,0.00,0.00
باعت شركة 1400 إيجاد النسب المئوية ذهني ا,,0,,0.00,0.00
باقي النسبة المئوية بالاكسيل,,0,,0.00,0.00
بالحاسبه كيف تكتب النسبة المئوية,,0,,0.00,0.00
بحث الدرس النسبة المئوية والكسور العشرية,,0,,0.00,0.00
بحث النسبة المئوية في التجارة,,0,,0.00,0.00
بحث النسبة المئوية والكسور الاعتيادية,,0,,0.00,0.00
بحث ايجاد النسب المئوية ذهنيا,,0,,0.00,0.00
بحث ايجاد النسبة المئوية ذهنيا,,0,,0.00,0.00
بحث بعنوان تطبيقات النسب المئوية,,0,,0.00,0.00
بحث تقدير النسبة المئوية,,0,,0.00,0.00
بحث رياضيات أول متوسط النسب المئوية,,0,,0.00,0.00
بحث رياضيات النسب المئوية,,0,,0.00,0.00
بحث رياضيات النسب المئوية من عدد,,0,,0.00,0.00
بحث عن التركيب النسبي المئوي,,0,,0.00,0.00
بحث عن الرياضيات النسبة المئوية,,0,,0.00,0.00
بحث عن النسبة المئو ية الصف اول متو متوسط,,0,,0.00,0.00
بحث عن النسبة المئوية للصف الاول متوسط الدراسي الثاني,,0,,0.00,0.00
بحث عن النسبة المئوية للصف السادس,,0,,0.00,0.00
بحث عن النسبة المئوية للمردود,,0,,0.00,0.00
بحث عن النسبة المئوية من العدد,,0,,0.00,0.00
بحث عن النسبة المئوية من عدد,,0,,0.00,0.00
بحث عن النسبة المئوية والاحتمالات,,0,,0.00,0.00
بحث عن تطبيقات النسبة المئوية,,0,,0.00,0.00
بحث عن تطبيقات النسبة المئوية مع الحل,,0,,0.00,0.00
بحث عن تطبيقات على النسبة المئوية,,0,,0.00,0.00
بحث عن تقدير النسبة المئوية,,0,,0.00,0.00
بحث عن تقدير النسبة المئوية doc,,0,,0.00,0.00
بحث عن نسبة المردود المئوية,,0,,0.00,0.00
بحث عن نسبة المردود المئوية والجدوى الاقتصادية,,0,,0.00,0.00
بحث كامل عن النسبة المئوية,,0,,0.00,0.00
بحث كيمياء عن نسبة المردود المئوية,,0,,0.00,0.00
بحث نسبة المردود المئوية,,0,,0.00,0.00
بحث نسبة المردود المئوية ppt,,0,,0.00,0.00
بحث نسبة المردود المئوية في التجارة,,0,,0.00,0.00
بحث نسبة المردود المئوية والجدوى الاقتصادية,,0,,0.00,0.00
برامج لحساب ارباح بالنسبة المئوية,,0,,0.00,0.00
برنامج استخراج النسبة المئوية,,0,,0.00,0.00
برنامج اظهار النسبة المئوية للبطارية اندرويد,,0,,0.00,0.00
برنامج اكسل نسبة مئويه,,0,,0.00,0.00
برنامج النسبة المئوية للايفون,,0,,0.00,0.00
برنامج النسبة المئوية للدرجات,,0,,0.00,0.00
برنامج النسبة المئوية للدرجات لمعدل الجامعة,,0,,0.00,0.00
برنامج تحويل gpa الى نسبة مئوية,,0,,0.00,0.00
برنامج تحويل الارقام الجرام الى نسبه مئويه,,0,,0.00,0.00
برنامج تحويل الارقام الى نسبه مئويه,,0,,0.00,0.00
برنامج تحويل الجرام الى نسبه مئويه,,0,,0.00,0.00
برنامج تحويل الرقم الى نسبة مئوية,,0,,0.00,0.00
برنامج تحويل الرقم الى نسبة مئوية 9,,0,,0.00,0.00
برنامج تحويل المعدل التراكمي من 5 الى نسبة مئوية,,0,,0.00,0.00
برنامج تحويل المعدل الى نسبة مئوية,,0,,0.00,0.00
برنامج تحويل المعدل الى نسبة مئوية جامعه الملك,,0,,0.00,0.00
برنامج تحويل المعدل الى نسبة مئوية جامعه جده,,0,,0.00,0.00
برنامج تحويل المعدل الى نسبة مئوية مصر,,0,,0.00,0.00
برنامج تحويل المعدل من 410 الى نسبة مئوية مصر,,0,,0.00,0.00
برنامج تحويل المعدل من 5 الى نسبة مئوية,,0,,0.00,0.00
برنامج تحويل المعدل من نسبة مئوية الى gpa التراكمي,,0,,0.00,0.00
برنامج تحويل النسبة المئوية الى رقم,,0,,0.00,0.00
برنامج تحويل من نسبة مئوية الى معدل تراكمي,,0,,0.00,0.00
برنامج حاسبة النسب المئوية,,0,,0.00,0.00
برنامج حاسبة النسبة المئوية,,0,,0.00,0.00
برنامج حساب النسب المئوية والجدول التكراري,,0,,0.00,0.00
برنامج حساب النسبة المئوية الشهادة,,0,,0.00,0.00
برنامج حساب النسبة المئوية اون لاين,,0,,0.00,0.00
برنامج حساب النسبة المئوية سلمان الفارسي,,0,,0.00,0.00
برنامج حساب النسبة المئوية كيف,,0,,0.00,0.00
برنامج حساب النسبة المئوية لأي رقم,,0,,0.00,0.00
برنامج حساب النسبة المئوية لطلاب وطالبات الصف الثالث الثانوي,,0,,0.00,0.00
برنامج حساب النسبة المئوية لعدد,,0,,0.00,0.00
برنامج حساب النسبة المئوية للاندرويد,,0,,0.00,0.00
برنامج حساب النسبة المئوية للايفون,,0,,0.00,0.00
برنامج حساب النسبة المئوية للثانوية,,0,,0.00,0.00
برنامج حساب النسبة المئوية للثانوية العامة,,0,,0.00,0.00
برنامج حساب النسبة المئوية للثانوية والتحصيلي والقدرات,,0,,0.00,0.00
برنامج حساب النسبة المئوية للدرجات لدخول الجامعه,,0,,0.00,0.00
برنامج حساب النسبة المئوية للشهادة,,0,,0.00,0.00
برنامج حساب النسبة المئوية للغياب,,0,,0.00,0.00
برنامج حساب النسبة المئوية للمبيعات,,0,,0.00,0.00
برنامج حساب النسبة المئوية للمتوسط,,0,,0.00,0.00
برنامج حساب النسبة المئوية للمجموع,,0,,0.00,0.00
برنامج حساب الوزن النسبي و النسبة المئوية,,0,,0.00,0.00
برنامج فاهم الاول متوسط الفصل الثاني درس تقدير النسبة المئوية,,0,,0.00,0.00
برنامج لاستخراج النسبة المئوية,,0,,0.00,0.00
برنامج لحساب النسبة المئوية للطلاب,,0,,0.00,0.00
برنامج لرسم النسب المئوية,,0,,0.00,0.00
برنامج لمعرفة النسبة المئوية,,0,,0.00,0.00
برنامج يطلع النسبة المئوية,,0,,0.00,0.00
بطارية الايفون نسبة مئوية وهميه,,0,,0.00,0.00
بور بوينت تطبيقات النسبة المئوية,,0,,0.00,0.00
بور بوينت درس النسبة المئوية من عدد,,0,,0.00,0.00
بور بوينت للنسبة المئوية,,0,,0.00,0.00
بوربوينت النسب المئوية والكسور الإعتيادية سادس,,0,,0.00,0.00
بوربوينت النسبة المئوية,,0,,0.00,0.00
بوربوينت ايجاد النسب المئوية ذهنيا ثاني متوسط,,0,,0.00,0.00
بوربوينت ايجاد النسبة المئوية ذهنيا,,0,,0.00,0.00
بوربوينت تقدير النسبة المئوية,,0,,0.00,0.00
بوربوينت درس النسبة المئوية من عدد,,0,,0.00,0.00
بوربوينت رياضيات ثاني متوسط ف1 ايجاد نسبه المئوية,,0,,0.00,0.00
بوربوينت رياضيات ثاني متوسط ف1 درس ايجاد النسب المئوية,,0,,0.00,0.00
ت عد نسبة المردود المئوية أداة لقياس فاعلية التفاعل الكيميائي,,0,,0.00,0.00
تجربة تحديد النسبة المئوية لحمض الايثانويك في الخل,,0,,0.00,0.00
تجمعات على النسبة المئوية,,0,,0.00,0.00
تجميعات القدرات على النسبة المئوية,,0,,0.00,0.00
تحديد النسبة المئوية جامعة اليرموك,,0,,0.00,0.00
تحضير ادرس تقدير النسبة المئوية رياضيات,,0,,0.00,0.00
تحضير باوربوينت فصل النسبة المئوية,,0,,0.00,0.00
تحضير باوربوينت فصل النسبة المئوية الصف الثاني متوسط,,0,,0.00,0.00
تحضير درس النسبة المئوية من عدد,,0,,0.00,0.00
تحضير درس تقدير النسبة المئوية رياضيات,,0,,0.00,0.00
تحضير درس نسبة المردود المئوية pdf,,0,,0.00,0.00
تحضير معلم لدرس تقدير النسبة المئوية رياضيات,,0,,0.00,0.00
تحفيز النسبة المئوية لكتلة كلوريد الكالسيوم في محلول هي 2.62,,0,,0.00,0.00
تحليل النتائج بالنسبة المئوية للمرحلة المتوسطة في نظام نور,,0,,0.00,0.00
تحليل النتائج بالنسبة المئوية للمرحلة المتوسطة والثانوية في نظام نور,,0,,0.00,0.00
تحليل نسبة غياب الطلاب المئوي,,0,,0.00,0.00
تحليل وراثي يعطيك بالنسبة المئوية صلة القرابة,,0,,0.00,0.00
تحليل يعطيك بالنسبة المئوية صلة القرابة,,0,,0.00,0.00
تحميل النسبة المئوية,,0,,0.00,0.00
تحميل برنامج النسبة المئوية للدرجات,,0,,0.00,0.00
تحميل برنامج حساب النسبة المئوية للدرجات,,0,,0.00,0.00
تحميل برنامج لحساب النسبة المئوية,,0,,0.00,0.00
تحميل برنامج يجد النسبة المئوية,,0,,0.00,0.00
تحميل حاسبة النسبة المئوية,,0,,0.00,0.00
تحميل عرض بوربوينت إيجاد النسب المئوية ذهنيا للصف الثاني المتوسط,,0,,0.00,0.00
تحول النسبة المئوية من العربي الي الانجليزي,,0,,0.00,0.00
تحول النسبة المئوية من العربي الي الانجليزي بالاكسيل,,0,,0.00,0.00
تحويل 2.75من 4 الى نسبه مئوية,,0,,0.00,0.00
تحويل gpa الى نسبة مئويه,,0,,0.00,0.00
تحويل ppm الى نسبة مئوية,,0,,0.00,0.00
تحويل الارقام من الالف الى نسبه مئويه,,0,,0.00,0.00
تحويل الاعداد النسبية المئوية الى عشرية,,0,,0.00,0.00
تحويل الاعداد الى نسب مئوية,,0,,0.00,0.00
تحويل التقدير الجامعي الى نسبة مئوية,,0,,0.00,0.00
تحويل الجرام الى نسبة مئوية,,0,,0.00,0.00
تحويل الدرجات الى نسبة مئويه قدرات,,0,,0.00,0.00
تحويل الدرجة الى نسبة مئوية,,0,,0.00,0.00
تحويل الدرجة من 5 الى نسبة مئوية,,0,,0.00,0.00
تحويل الدرجه التراكمي الى نسبه مئويه,,0,,0.00,0.00
تحويل الدرجه التراكمي الى نسبه مئويه مصر,,0,,0.00,0.00
تحويل الرقم الي نسبة مئوية في أكسل,,0,,0.00,0.00
تحويل الزاوية الى نسبة مئوية,,0,,0.00,0.00
تحويل العدد الصحيح إلى نسبة مئوية,,0,,0.00,0.00
تحويل العدد العشري الى نسبة مئوية في الالة,,0,,0.00,0.00
تحويل العدد العشري الى نسبة مئوية في الالة الحاسبة,,0,,0.00,0.00
تحويل الكسور الى نسبه مئوية,,0,,0.00,0.00
تحويل المتوسط الحسابي إلى نسبة مئوية,,0,,0.00,0.00
تحويل المتوسط الحسابي الى نسبة مئوية,,0,,0.00,0.00
تحويل المجموع الى نسبة مئوية,,0,,0.00,0.00
تحويل المعدل التراكمي 3.17 الى نسبة مئوية,,0,,0.00,0.00
تحويل المعدل التراكمي الى النسبة المئوية,,0,,0.00,0.00
تحويل المعدل التراكمي من 4 الى نسبة مئوية,,0,,0.00,0.00
تحويل المعدل التراكمي من نسبة مئوية,,0,,0.00,0.00
تحويل المعدل التراكمي نسبة مئوية,,0,,0.00,0.00
تحويل المعدل الجامعي الي نسبة مئوية,,0,,0.00,0.00
تحويل المعدل النسبة المئوية,,0,,0.00,0.00
تحويل المعدل النقطي الى نسبة مئوية,,0,,0.00,0.00
تحويل المعدل الى من نسبة مئوية الى نقاط,,0,,0.00,0.00
تحويل المعدل الى نسبة مئوية الخدمة المدنية,,0,,0.00,0.00
تحويل المعدل الى نسبة مئوية امريكيه,,0,,0.00,0.00
تحويل المعدل الى نسبة مئوية جامعه جده,,0,,0.00,0.00
تحويل المعدل الى نسبة مئوية جدارة,,0,,0.00,0.00
تحويل المعدل الى نسبه مئوية,,0,,0.00,0.00
تحويل المعدل الى نسبه مئويه جامعه جده,,0,,0.00,0.00
تحويل المعدل الي نسبة مئوية,,0,,0.00,0.00
تحويل المعدل من 4 الى نسبة مئوية,,0,,0.00,0.00
تحويل المعدل من 410 الى نسبة مئوية مصر,,0,,0.00,0.00
تحويل المعدل من 5 الى نسبة مئوية,,0,,0.00,0.00
تحويل المعدل من 5 الى نسبة مئويه جامعه الملك عبدالعزيز,,0,,0.00,0.00
تحويل المعدل من 5 الى نسبه مئوية,,0,,0.00,0.00
تحويل المعدل من نسبة مئوية الى تراكمي,,0,,0.00,0.00
تحويل المعدل من نسبة مئوية الى نقاط,,0,,0.00,0.00
تحويل المعدل من ٤ الى نسبة مئوية,,0,,0.00,0.00
تحويل المعدل من ٥ الى نسبة مئوية,,0,,0.00,0.00
تحويل المعدل نسبة مئوية,,0,,0.00,0.00
تحويل النسبة المئوية الى كسور اعتيادية والعكس,,0,,0.00,0.00
تحويل النسبة المئوية الى مجموع درجات,,0,,0.00,0.00
تحويل النسبة المئوية الى معدا من 5,,0,,0.00,0.00
تحويل النسبة المئوية الى معدل 5,,0,,0.00,0.00
تحويل النسبة المئوية الى معدل من 4,,0,,0.00,0.00
تحويل النسبة المئوية الى معدل من 5,,0,,0.00,0.00
تحويل النسبة المئوية الى معدل من 5 جامعه الامام,,0,,0.00,0.00
تحويل النسبة المئوية الى معدل من ٥,,0,,0.00,0.00
تحويل النسبة المئوية الى مل,,0,,0.00,0.00
تحويل النسبة المئوية الى ملي,,0,,0.00,0.00
تحويل النسبة المئوية الي جرام لكل لتر,,0,,0.00,0.00
تحويل النسبة المئوية الي جم,,0,,0.00,0.00
تحويل النسبة المئوية لعدد,,0,,0.00,0.00
تحويل النسبة المئوية لكسر,,0,,0.00,0.00
تحويل النسبة المئوية لكسر عشرى,,0,,0.00,0.00
تحويل النسبة من 5 الى مئوية,,0,,0.00,0.00
تحويل النسبة من معدل الى مئوية,,0,,0.00,0.00
تحويل اليانات الى نسبة مئوية باكسل,,0,,0.00,0.00
تحويل رقم بالنسبة المئوية إلى رقم صحيح,,0,,0.00,0.00
تحويل مبلغ للنسبة المئوية,,0,,0.00,0.00
تحويل مبيعات في الاكسل الي نسبة مئوية,,0,,0.00,0.00
تحويل مجموع الثانوية العامة الى نسبة مئوية,,0,,0.00,0.00
تحويل معدل النسبة المئوية الى معدل الالماني,,0,,0.00,0.00
تحويل من النسبة المئوية الى المعدل التراكمي,,0,,0.00,0.00
تحويل من معدل الى نسبة مئوية,,0,,0.00,0.00
تحويل من مل الى النسبة المئوية,,0,,0.00,0.00
تحويل من ملم الى النسبة المئوية,,0,,0.00,0.00
تحويل من ملي الى النسبة المئوية,,0,,0.00,0.00
تحويل من نسبة مئوية الى ppm,,0,,0.00,0.00
تحويل من نسبة مئوية الى عدد بدون وجود كل,,0,,0.00,0.00
تحويل من نسبة مئوية الى كسور,,0,,0.00,0.00
تحويل من نسبه مئويه الى جرام,,0,,0.00,0.00
تحويل نسبة جي بي ا الى نسبة مئوية,,0,,0.00,0.00
تحويل نسبة مئوية إلى معدل تراكمي,,0,,0.00,0.00
تحويل نسبة مئوية اون لاين,,0,,0.00,0.00
تحويل نسبة هيموجلوبين الدم الى النسبة المئوية,,0,,0.00,0.00
تحويل نسبه مئوية الى كسر عشري,,0,,0.00,0.00
تحويل نسبه مئويه الى gpa,,0,,0.00,0.00
تحويل وقت المشروع الى نسبة مئوية,,0,,0.00,0.00
تخريج النسبة المئوية,,0,,0.00,0.00
ترتيب العمليات الحسابية النسبة المئوية,,0,,0.00,0.00
ترتيب النسب المئوية,,0,,0.00,0.00
تركيز المحلول النسبة المئوية,,0,,0.00,0.00
تصنيف المدارس وفق النسبة المئوية,,0,,0.00,0.00
تصنيف خطط المدارس وفق النسبة المئوية,,0,,0.00,0.00
تصنيف وفق النسبة المئوية,,0,,0.00,0.00
تطبيقات النسبة المئوية الاول متوسط,,0,,0.00,0.00
تطبيقات النسبة المئوية التهيئة,,0,,0.00,0.00
تطبيقات النسبة المئوية التهيئه الفصل5,,0,,0.00,0.00
تطبيقات النسبة المئوية اول متوسط أصدقائه 14 طابعا,,0,,0.00,0.00
تطبيقات النسبة المئوية اول متوسط جمع علي 56 طابعا بريديا,,0,,0.00,0.00
تطبيقات النسبة المئوية للصف الاول متوسط,,0,,0.00,0.00
تطبيقات النسبة المئوية للصف الاول متوسط الفصل الدراسي الثاني,,0,,0.00,0.00
تطبيقات النسبة المئوية للصف الاول متوسط تارين,,0,,0.00,0.00
تطبيقات النسبة المئوية للصف الاول متوسط تمارين,,0,,0.00,0.00
تطبيقات النسبة المئوية للصف الاول متوسط ١-٥,,0,,0.00,0.00
تطبيقات على النسبة المئوية 5_5ص10,,0,,0.00,0.00
تطبيقات على النسبة المئوية lkhg hgj d vd,,0,,0.00,0.00
تطبيقات على النسبة المئوية احمد الفديد,,0,,0.00,0.00
تطبيقات على النسبة المئوية الزكاة,,0,,0.00,0.00
تطبيقات على النسبة المئوية المصدر السعودي,,0,,0.00,0.00
تطبيقات على النسبة المئوية اول متوسط احمد الفديد,,0,,0.00,0.00
تطبيقات على النسبة المئوية اول متوسط بوربوينت,,0,,0.00,0.00
تطبيقات على النسبة المئوية اول متوسط بوربيونت,,0,,0.00,0.00
تطبيقات على النسبة المئوية اول متوسط حل,,0,,0.00,0.00
تطبيقات على النسبة المئوية اول متوسط سعيد الشلوي,,0,,0.00,0.00
تطبيقات على النسبة المئوية اول متوسط شرح,,0,,0.00,0.00
تطبيقات على النسبة المئوية اول متوسط ص 35,,0,,0.00,0.00
تطبيقات على النسبة المئوية اول متوسط كتاب التمارين,,0,,0.00,0.00
تطبيقات على النسبة المئوية اول متوسط كتاب الطالب,,0,,0.00,0.00
تطبيقات على النسبة المئوية اول متوسط كتاب الطالب منى مواش,,0,,0.00,0.00
تطبيقات على النسبة المئوية اول متوسط كتاب النشاط,,0,,0.00,0.00
تطبيقات على النسبة المئوية اول متوسط منال التويجري,,0,,0.00,0.00
تطبيقات على النسبة المئوية اول متوسط يوتيوب,,0,,0.00,0.00
تطبيقات على النسبة المئوية بركة المحمدي,,0,,0.00,0.00
تطبيقات على النسبة المئوية بوربوينت,,0,,0.00,0.00
تطبيقات على النسبة المئوية حل 42 263,,0,,0.00,0.00
تطبيقات على النسبة المئوية حل درس,,0,,0.00,0.00
تطبيقات على النسبة المئوية حلول,,0,,0.00,0.00
تطبيقات على النسبة المئوية سعيد الشلوي,,0,,0.00,0.00
تطبيقات على النسبة المئوية صفحة 10,,0,,0.00,0.00
تطبيقات على النسبة المئوية صفحة 35,,0,,0.00,0.00
تطبيقات على النسبة المئوية صفحة10,,0,,0.00,0.00
تطبيقات على النسبة المئوية عين,,0,,0.00,0.00
تطبيقات على النسبة المئوية كتاب التمارين,,0,,0.00,0.00
تطبيقات على النسبة المئوية كتاب الطالب,,0,,0.00,0.00
تطبيقات على النسبة المئوية كتاب النشاط,,0,,0.00,0.00
تطبيقات على النسبة المئوية للصف الأول متوسط الفصل الدراسي الثاني,,0,,0.00,0.00
تطبيقات على النسبة المئوية للصف الاول متوسط,,0,,0.00,0.00
تطبيقات على النسبة المئوية للصف الاول متوسط تمارين pdf,,0,,0.00,0.00
تطبيقات على النسبة المئوية للصف الاول متوسط منال,,0,,0.00,0.00
تطبيقات على النسبة المئوية للصف السادس,,0,,0.00,0.00
تطبيقات على النسبة المئوية للصف اول متوسط كتاب الطالب,,0,,0.00,0.00
تطبيقات على النسبة المئوية مقدار زكاه اول متوسط كتاب النشاط,,0,,0.00,0.00
تطبيقات على النسبة المئوية منال,,0,,0.00,0.00
تطبيقات على النسبة المئوية منال التويجري,,0,,0.00,0.33
تطبيقات على النسبة المئوية منى المواش,,0,,0.00,0.00
تطبيقات على النسبة والنسبة المئوية,,0,,0.00,0.00
تطبيقات عن النسبة المئوية,,0,,0.00,0.00
تعديل النسبة المئوية,,0,,0.00,0.00
تعديل النسبة المئوية فى الالة الحاسبة,,0,,0.00,0.00
تعريف لدرس النسبة المئوية من عدد,,0,,0.00,0.00
تعريف نسبة المردود المئوية,,0,,0.00,0.33
تعيين النسبة المئوية لحمض الخليك في الخل التجاري,,0,,0.00,0.00
تغيير المعدل الى نسبة مئوية,,0,,0.00,0.00
تغيير حجم الصورة حسب النسبة المئوية,,0,,0.00,0.00
تغيير لون الخليه حسب النسبة المئوية,,0,,0.00,0.00
تفسير ايجاد النسبة المئوية ذهنيا,,0,,0.00,0.00
تقادير جامعة الملك سعود نسبة مئوية,,0,,0.00,0.00
تقدر النسبة المئوية للماء في دم الانسان,,0,,0.00,0.00
تقدير النسب المئوية باستعمال الكسور,,0,,0.00,0.00
تقدير النسبة المئوي,,0,,0.00,0.00
تقدير النسبة المئوية 28 من 110,,0,,0.00,0.00
تقدير النسبة المئوية 5 2 للصف الاول متوسط الفصل الثاني,,0,,0.00,0.00
تقدير النسبة المئوية 5-2 للصف الاول متوسط الفصل الثاني الفديد,,0,,0.00,0.00
تقدير النسبة المئوية 5_2,,0,,0.00,0.00
تقدير النسبة المئوية احمد الفديد,,0,,0.00,0.00
تقدير النسبة المئوية احمد هبقان,,0,,0.00,0.00
تقدير النسبة المئوية الفصل 5 ص 7,,0,,0.00,0.00
تقدير النسبة المئوية المصدر السعودي,,0,,0.00,0.00
تقدير النسبة المئوية اول متوسط احمد هبقان,,0,,0.00,0.00
تقدير النسبة المئوية اول متوسط المصدر السعودي,,0,,0.00,0.00
تقدير النسبة المئوية اول متوسط انشطه,,0,,0.00,0.00
تقدير النسبة المئوية اول متوسط بوربوينت,,0,,0.00,0.00
تقدير النسبة المئوية اول متوسط رياضيات كتاب الطالبة ف 2,,0,,0.00,0.00
تقدير النسبة المئوية اول متوسط سعيد الشلوي,,0,,0.00,0.00
تقدير النسبة المئوية اول متوسط كتاب التمارين,,0,,0.00,0.00
تقدير النسبة المئوية اول متوسط كتاب الطالب,,0,,0.00,0.00
تقدير النسبة المئوية اول متوسط كتاب النشاط,,0,,0.00,0.00
تقدير النسبة المئوية حل,,0,,0.00,0.00
تقدير النسبة المئوية سعيد الشلوي,,0,,0.00,0.00
تقدير النسبة المئوية صور,,0,,0.00,0.00
تقدير النسبة المئوية قدر كل مما ياتي 39 من 80,,0,,0.00,0.00
تقدير النسبة المئوية قدر كلا مما ياتي 39 من 80,,0,,0.00,0.00
تقدير النسبة المئوية كتاب التمارين,,0,,0.00,0.00
تقدير النسبة المئوية كتاب الطالب,,0,,0.00,0.00
تقدير النسبة المئوية كتاب الطالب شبكة فاهم,,0,,0.00,0.00
تقدير النسبة المئوية كتاب النشاط,,0,,0.00,0.00
تقدير النسبة المئوية كتاب النشاط youtube,,0,,0.00,0.00
تقدير النسبة المئوية لاستخلاص اليود بواسطة مذيب عضوي,,0,,0.00,0.00
تقدير النسبة المئوية للصف الأول المتوسط,,0,,0.00,0.00
تقدير النسبة المئوية للصف الاول متوسط,,0,,0.00,0.00
تقدير النسبة المئوية للصف الاول متوسط شبكة فاهم الفصل الدراسي,,0,,0.00,0.00
تقدير النسبة المئوية للصف السادس,,0,,0.00,0.00
تقدير النسبة المئوية من الاعداد,,0,,0.00,0.00
تقدير النسبة المئوية من الاعداد 1م,,0,,0.00,0.00
تقدير النسبة المئوية من الاعداد للصف الخامس,,0,,0.00,0.00
تقدير النسبة المئوية من العدد معناها,,0,,0.00,0.00
تقدير النسبة المئوية من العدد موضوع,,0,,0.00,0.00
تقدير النسبة المئوية من عدد للصف السادس,,0,,0.00,0.00
تقدير النسبة المئوية منار,,0,,0.00,0.00
تقدير النسبة المئوية منى المواش,,0,,0.00,0.00
تقدير نسبة المئوي اول متوسط ف2 المصدر,,0,,0.00,0.00
تقدير نسبة مئوية كتاب تمارين,,0,,0.00,0.00
تقريب النسبة المئوية لعددين,,0,,0.00,0.00
تقريب عن التطبقة النسبة المئوية,,0,,0.00,0.00
تقرير عن التطبقات النسب المئو ية,,0,,0.00,0.00
تقرير عن النسب المئوية,,0,,0.00,0.00
تقرير عن نسبة المردود المئوية,,0,,0.00,0.00
تقسيم النسبة المئوية على عدد,,0,,0.00,0.00
تكتب النسبة المئوية 0.08 على صورة كسر عشري,,0,,0.00,0.00
تلخيص فصل تطبيقات النسبة المئوية,,0,,0.00,0.00
تمارين النسب المئوية,,0,,0.00,0.00
تمارين على اسئلة النسبة المئوية,,0,,0.00,0.00
تمارين في النسبة المئوية,,0,,0.00,0.00
تمثيل النسب المئوية بالقطاعات الدائرية,,0,,0.00,0.00
تمثيل النسب المئوية بالقطاعات الدائرية حل ا,,0,,0.00,0.00
تمثيل نسبة مئوية على قطاع دائري عن الخط العربي,,0,,0.00,0.00
تمثيل نسبة مئوية على قطاع دائري للخط العربي,,0,,0.00,0.00
تناسب النسبة المئوية,,0,,0.00,0.00
تنزيل حاسبة النسبة المئوية,,0,,0.00,0.00
تهيئة النسبة المئوية عرض بوربوينت بستان السعودية,,0,,0.00,0.00
تهيئة النسبة المئوية والاحتمالات,,0,,0.00,0.00
توافق الابراج الصينية بالنسبة المئوية,,0,,0.00,0.00
توافق الابراج مع بعضها بالنسبة المئوية,,0,,0.00,0.00
توزيع النسبة المئوية,,0,,0.00,0.00
توفير البنزين بنسبة 80 بالميو,,0,,0.00,0.00
ثيمات النسبة المئوية,,0,,0.00,0.00
جامعة الملك فيصل انتساب معرفة النسبة المئوية,,0,,0.00,0.00
جدول نسبة مئو ية و كسور اعتيادية متكافئة,,0,,0.00,0.00
جدول نسبة مئوية و كسور اعتيادية متكافئة,,0,,0.00,0.00
جدول نسبة مئويه وكسور اعتياديه متكافئه,,0,,0.00,0.00
جرام الى 3 نسبه مئويه,,0,,0.00,0.00
جمع مجموعة من النسب المئوية,,0,,0.00,0.00
جمع نسبة مئوية في الاكسل,,0,,0.00,0.00
حاسب النسبة المئوية بالسالب,,0,,0.00,0.00
حاسبة fx-991arx حساب النسبة المئوية,,0,,0.00,0.00
حاسبة النسبة المئوية من الف,,0,,0.00,0.00
حاسبة تحويل النسبة المئوية الى رقم,,0,,0.00,0.00
حاسبة حساب النسبة المئوية,,0,,0.00,0.00
حاسبه نسبه مئويه,,0,,0.00,0.00
حدد التركيب النسبي المئوي لثاني اكسيد الكربون,,0,,0.00,0.00
حدد المردود النظري ونسبة المردود المئوية لغاز الهيدروجين,,0,,0.00,0.00
حساب اكسل عربي للنسبة المئوية,,0,,0.00,0.00
حساب اكسل للنسبة المئوية,,0,,0.00,0.00
حساب الزيادة بالنسبة المئوية شهريا,,0,,0.00,0.00
حساب الزيادة في الراتب بالنسبة المئوية,,0,,0.00,0.00
حساب القيمه الإجمالية من النسبة المئوية,,0,,0.00,0.00
حساب المصروف والدخل بالنسبة المئوية,,0,,0.00,0.00
حساب المعدل التراكمي الجامعي الى نسبة مئوية,,0,,0.00,0.00
حساب المعدل التراكمي للنسبة المئوية,,0,,0.00,0.00
حساب المعدل من 4 بالنسبة المئوية,,0,,0.00,0.00
حساب المولارية بمعرفة النسبة المئوية الوزنية للمادة,,0,,0.00,0.00
حساب النسب المئوية ذهنيا,,0,,0.00,0.00
حساب النسب المئوية في الضريبة,,0,,0.00,0.00
حساب النسب المئوية للفواتير,,0,,0.00,0.00
حساب النسب المئوية لمجموع كلى,,0,,0.00,0.00
حساب النسبة المئوة,,0,,0.00,0.00
حساب النسبة المئوية 20,,0,,0.00,0.00
حساب النسبة المئوية exel,,0,,0.00,0.00
حساب النسبة المئوية اكسيل لصل كامل,,0,,0.00,0.00
حساب النسبة المئوية السعودية,,0,,0.00,0.00
حساب النسبة المئوية العكسية,,0,,0.00,0.00
حساب النسبة المئوية الفارق بين رقمين في excel,,0,,0.00,0.00
حساب النسبة المئوية الكتلية لمكونات المركب,,0,,0.00,0.00
حساب النسبة المئوية المجزئة,,0,,0.00,0.00
حساب النسبة المئوية المعادلة للدرجة الموزونة,,0,,0.00,0.00
حساب النسبة المئوية ببرنامج الأكسل,,0,,0.00,0.00
حساب النسبة المئوية بدلالة الكتلة,,0,,0.00,0.00
حساب النسبة المئوية بدون مواد الدين,,0,,0.00,0.00
حساب النسبة المئوية براس مال,,0,,0.00,0.00
حساب النسبة المئوية بعدة طرق,,0,,0.00,0.00
حساب النسبة المئوية بين رقمين power point,,0,,0.00,0.00
حساب النسبة المئوية بين قيمتين,,0,,0.00,0.00
حساب النسبة المئوية بين قيمتين ايراد ات ونفقات,,0,,0.00,0.00
حساب النسبة المئوية بين قيمتين ايراد ودخل,,0,,0.00,0.00
حساب النسبة المئوية تحضيري kau,,0,,0.00,0.00
حساب النسبة المئوية دراسيا,,0,,0.00,0.00
حساب النسبة المئوية دون مواد الدين,,0,,0.00,0.00
حساب النسبة المئوية على تقدير الجامعة,,0,,0.00,0.00
حساب النسبة المئوية على حقوق المساهمين,,0,,0.00,0.00
حساب النسبة المئوية فى الفلوس,,0,,0.00,0.00
حساب النسبة المئوية في excel 2010,,0,,0.00,0.00
حساب النسبة المئوية في excel 2016,,0,,0.00,0.00
حساب النسبة المئوية في excel الطلال,,0,,0.00,0.00
حساب النسبة المئوية في اكسس,,0,,0.00,0.00
حساب النسبة المئوية في اكسل,,0,,0.00,0.00
حساب النسبة المئوية في اكسيل,,0,,0.00,0.00
حساب النسبة المئوية في اكسيل 2010,,0,,0.00,0.00
حساب النسبة المئوية في التامين,,0,,0.00,0.00
حساب النسبة المئوية في التخفيضات,,0,,0.00,0.00
حساب النسبة المئوية في الخصم,,0,,0.00,0.00
حساب النسبة المئوية في الدرجات,,0,,0.00,0.00
حساب النسبة المئوية في المجوع,,0,,0.00,0.00
حساب النسبة المئوية في الوورد بدون الجبر,,0,,0.00,0.00
حساب النسبة المئوية في برنامج spss,,0,,0.00,0.00
حساب النسبة المئوية قدرات والتحصيلي,,0,,0.00,0.00
حساب النسبة المئوية قواعد بيانات,,0,,0.00,0.00
حساب النسبة المئوية لاختبار الهيئة,,0,,0.00,0.00
حساب النسبة المئوية لاكتمال الدفع,,0,,0.00,0.00
حساب النسبة المئوية لاكثر من 100 سؤال,,0,,0.00,0.00
حساب النسبة المئوية لجامعة,,0,,0.00,0.00
حساب النسبة المئوية لحضور الطلاب,,0,,0.00,0.00
حساب النسبة المئوية لدخل افرع شركة,,0,,0.00,0.00
حساب النسبة المئوية لدخل فروع,,0,,0.00,0.00
حساب النسبة المئوية لدرجات الثانوية العامة,,0,,0.00,0.00
حساب النسبة المئوية لرأس مال,,0,,0.00,0.00
حساب النسبة المئوية لرقم معين,,0,,0.00,0.00
حساب النسبة المئوية لرقمين,,0,,0.00,0.00
حساب النسبة المئوية لشهادة الثانوية,,0,,0.00,0.00
حساب النسبة المئوية لصل كامل,,0,,0.00,0.00
حساب النسبة المئوية لعدد المحاولات,,0,,0.00,0.00
حساب النسبة المئوية لعدد عشري,,0,,0.00,0.00
حساب النسبة المئوية للتخفيضات,,0,,0.00,0.00
حساب النسبة المئوية للتشبع,,0,,0.00,0.00
حساب النسبة المئوية للتوحد pdf,,0,,0.00,0.00
حساب النسبة المئوية للتوحد عدد المحاولات,,0,,0.00,0.00
حساب النسبة المئوية للثانويه فصلي,,0,,0.00,0.00
حساب النسبة المئوية للحضور,,0,,0.00,0.00
حساب النسبة المئوية للخسارة,,0,,0.00,0.00
حساب النسبة المئوية للخصم,,0,,0.00,0.00
حساب النسبة المئوية للدرجات المعدل التراكمي,,0,,0.00,0.00
حساب النسبة المئوية للدرجات سلمان الفارسي,,0,,0.00,0.00
حساب النسبة المئوية للزيادة في الاكسل,,0,,0.00,0.00
حساب النسبة المئوية للزيادة يزيد ابلتعليمية,,0,,0.00,0.00
حساب النسبة المئوية للسداد,,0,,0.00,0.00
حساب النسبة المئوية للشهادة الابتدائية,,0,,0.00,0.00
حساب النسبة المئوية للشهادة الثانوية الكويت,,0,,0.00,0.00
حساب النسبة المئوية للشهادة الجامعية,,0,,0.00,0.00
حساب النسبة المئوية للشهادة المتوسطة,,0,,0.00,0.00
حساب النسبة المئوية للطلاب,,0,,0.00,0.00
حساب النسبة المئوية للعدد معين,,0,,0.00,0.00
حساب النسبة المئوية للعنصر في المركب,,0,,0.00,0.00
حساب النسبة المئوية للعينة,,0,,0.00,0.00
حساب النسبة المئوية للفرق,,0,,0.00,0.00
حساب النسبة المئوية للفرق بين رقمين,,0,,0.00,0.00
حساب النسبة المئوية للمتوسطة,,0,,0.00,0.00
حساب النسبة المئوية للمرحلة المتوسطة,,0,,0.00,0.00
حساب النسبة المئوية للمركبات الكيميائية,,0,,0.00,0.33
حساب النسبة المئوية للمركبات الكيميائية صالحه,,0,,0.00,0.00
حساب النسبة المئوية للمعدل التراكمي,,0,,0.00,0.00
حساب النسبة المئوية للمعدل التراكمي من 4,,0,,0.00,0.00
حساب النسبة المئوية للمعدل التراكمي من 5,,0,,0.00,0.00
حساب النسبة المئوية للمعدل الجامعي,,0,,0.00,0.00
حساب النسبة المئوية للمواد,,0,,0.00,0.00
حساب النسبة المئوية للناتج في التفاعلات الكيميائية,,0,,0.00,0.00
حساب النسبة المئوية للنقص,,0,,0.00,0.00
حساب النسبة المئوية لمجموع المتفوقين بالفصول بالأكسل,,0,,0.00,0.00
حساب النسبة المئوية لمجموع درجات الطلاب,,0,,0.00,0.00
حساب النسبة المئوية لنسبتين,,0,,0.00,0.00
حساب النسبة المئوية لنظام المقررات,,0,,0.00,0.00
حساب النسبة المئوية مباشر,,0,,0.00,0.00
حساب النسبة المئوية مثلا للسلعه,,0,,0.00,0.00
حساب النسبة المئوية مشروع,,0,,0.00,0.00
حساب النسبة المئوية من 110 سؤال,,0,,0.00,0.00
حساب النسبة المئوية من الألة الحاسبة,,0,,0.00,0.00
حساب النسبة المئوية من الاجمالي,,0,,0.00,0.00
حساب النسبة المئوية من الدرجات,,0,,0.00,0.00
حساب النسبة المئوية من المعدل التراكمي,,0,,0.00,0.00
حساب النسبة المئوية من المعدل الجامعي,,0,,0.00,0.00
حساب النسبة المئوية من المعدل من 5,,0,,0.00,0.00
حساب النسبة المئوية من برنامج اكسل,,0,,0.00,0.00
حساب النسبة المئوية من دائرة,,0,,0.00,0.00
حساب النسبة المئوية من عدد اون لاين,,0,,0.00,0.00
حساب النسبة المئوية من مبلغ معين,,0,,0.00,0.00
حساب النسبة المئوية من مبلغ معين الاكسل,,0,,0.00,0.00
حساب النسبة المئوية موقع,,0,,0.00,0.00
حساب النسبة المئوية هيئة التخصصات,,0,,0.00,0.00
حساب النسبة المئوية وهامش الربح,,0,,0.00,0.00
حساب النسبة المئوية وهامش الربح حمزة السالم,,0,,0.00,0.00
حساب النسبة المردود المئوية,,0,,0.00,0.00
حساب النسبة قانون النسبة المئوية,,0,,0.00,0.00
حساب النسبة للمئوية للفرق,,0,,0.00,0.00
حساب النقاط من النسبة المئوية,,0,,0.00,0.00
حساب باقي النسبة المئوية,,0,,0.00,0.00
حساب باقي النسبة المئوية بالاكسيل,,0,,0.00,0.00
حساب بالنسبة المئوية ناجح راسب فيجول بيسك6,,0,,0.00,0.00
حساب خصم نسبه مئوية في الاكسل,,0,,0.00,0.00
حساب درجات الثانوي النسبة المئوية,,0,,0.00,0.00
حساب عدد من نسبه مئويه,,0,,0.00,0.00
حساب قيمة الزيادة بمعلومية النسبة المئوية والمجموع الأصلي,,0,,0.00,0.00
حساب متوسط النسبة المئوية في excel,,0,,0.00,0.00
حساب مجموع متوسط النسبة المئوية,,0,,0.00,0.00
حساب مساحة الارض بالنسبة المئوية,,0,,0.00,0.00
حساب معدل النمو بالنسبة المئوية,,0,,0.00,0.00
حساب نسبة اختبار الهيئة بالنسبة المئوي,,0,,0.00,0.00
حساب نسبة الخصم المئوية بالأكسل,,0,,0.00,0.00
حساب نسبة نسبة الخطأ النسبة المئوية,,0,,0.00,0.00
حساب نسبه مئوية من رقم,,0,,0.00,0.00
حسابات النسبة المئوية,,0,,0.00,0.00
حسابة النسبة المئوية 24,,0,,0.00,0.00
حسب الدرجة نسبة مئوية,,0,,0.00,0.00
حل اسئلة الرياضيات اول متوسط الدرس النسبة المئوية من عدد,,0,,0.00,0.00
حل اسئلة الرياضيات اولى متوسط تقدير النسبة المئوية,,0,,0.00,0.00
حل التقويم لدرس نسبة المردود المئوية,,0,,0.00,0.00
حل الدرس التبيقات على النسب المئوية,,0,,0.00,0.00
حل الرياضيات اول متوسط تقدير النسبة المئوية,,0,,0.00,0.00
حل الفصل الخامس تطبيقات النسبة المئوية,,0,,0.00,0.00
حل النسبة المئوية من عدد اول متوسط,,0,,0.00,0.00
حل النشاط تطبيقات على النسبة المئوية ف2,,0,,0.00,0.00
حل ايجاد النسب المئوية ذهنيا بالخطوات,,0,,0.00,0.00
حل ايجاد النسب المئوية ذهنيا ثاني متوسط,,0,,0.00,0.00
حل تاكد تطبيقات على النسبة المئوية,,0,,0.00,0.00
حل تجربة حدد النسبة المئوية,,0,,0.00,0.00
حل تحقق من فهمك ص 149 ايجاد النسب المئوية,,0,,0.00,0.00
حل تطبيقات على النسبة المئوية اول متوسط,,0,,0.00,0.00
حل تطبيقات على النسبة المئوية اول متوسط كتاب الطالب,,0,,0.00,0.00
حل تطبيقات على النسبة المئوية ف2,,0,,0.00,0.00
حل تقدير النسبة المئوية,,0,,0.00,0.00
حل تقدير النسبة المئوية 5-2 للصف الاول متوسط الفصل الثاني,,0,,0.00,0.00
حل تقدير النسبة المئوية الصف الاول,,0,,0.00,0.00
حل تمارين النسبة المئوية للسنة الثانية متوسط,,0,,0.00,0.00
حل تمارين النسبة المئوية من عدد,,0,,0.00,0.00
حل تمارين النسبة المئوية من عدد اول متوسط,,0,,0.00,0.00
حل تمارين تقدير النسبة المئوية,,0,,0.00,0.00
حل تمارين درس نسبة المردود المئوية,,0,,0.00,0.00
حل درس أسئلة النسبة المئوية من عدد الصفحات 16,,0,,0.00,0.00
حل درس النسبة المئوية اول متوسط,,0,,0.00,0.00
حل درس النسبة المئوية كيمياء,,0,,0.00,0.00
حل درس النسبة المئوية من عدد كتاب التمارين,,0,,0.00,0.00
حل درس النسبة المئوية من عدد كتاب التمارين ثاني متوسط,,0,,0.00,0.00
حل درس النسبة المئوية من عدد كتاب الطالب,,0,,0.00,0.00
حل درس النسبة المئوية والتقدير ثاني متوسط حلول,,0,,0.00,0.00
حل درس النسبة المئوية والتقدير ثاني متوسط كتاب النشاط,,0,,0.00,0.00
حل درس النسبة المئوية والتقدير كتاب التمارين ثاني متوسط,,0,,0.00,0.00
حل درس النسبة المئوية والتقدير للصف الثاني متوسط,,0,,0.00,0.00
حل درس تطبيقات النسبة المئوية اول متوسط,,0,,0.00,0.00
حل درس تطبيقات النسبة المئوية اول متوسط الفصل الثاني,,0,,0.00,0.00
حل درس تطبيقات النسبة المئوية اول متوسط الفصل الدراسي الثاني,,0,,0.00,0.00
حل درس تطبيقات على النسبة المئوية,,0,,0.00,0.00
حل درس تطبيقات على النسبة المئوية اول متوسط,,0,,0.00,0.00
حل درس تطبيقات على النسبة المئوية كتاب الطالب,,0,,0.00,0.00
حل درس تطبيقات على النسبة المئوية كتاب النشاط,,0,,0.00,0.00
حل درس تطبيقات على النسبة المئوية للصف اول متوسط ف2,,0,,0.00,0.00
حل درس تقدير النسبة المئوية أول متوسط,,0,,0.00,0.00
حل درس تقدير النسبة المئوية اول متوسط,,0,,0.00,0.00
حل درس تقدير النسبة المئوية اول متوسط الفصل الاول,,0,,0.00,0.00
حل درس تقدير النسبة المئوية كتاب التمارين,,0,,0.00,0.00
حل رياضيات اول متوسط ف2 النسبة المئوية,,0,,0.00,0.00
حل رياضيات اول متوسط ف2 النسبة المئوية من عدد,,0,,0.00,0.00
حل على مسائل تساوي نسبة مئوية,,0,,0.00,0.00
حل على مسائل تساوي نسبة مئوية قدرات,,0,,0.00,0.00
حل كتاب التمارين ايجاد النسب المئوية ذهنيا ثاني متوسط,,0,,0.00,0.00
حل كتاب التمارين درس تطبيقات على النسبة المئوية,,0,,0.00,0.00
حل كتاب التمارين رياضيات اول متوسط ف2 تطبيقات النسبة المئوية,,0,,0.00,0.00
حل كتاب التمارين رياضيات درس تقدير النسبة المئوية,,0,,0.00,0.00
حل كتاب الرياضيات 5-2 تقدير النسبة المئوية ص31و32 كامل,,0,,0.00,0.00
حل كتاب الرياضيات أول متوسط ف2 تطبيقات على النسبة المئوية,,0,,0.00,0.00
حل كتاب الرياضيات الصف اول متوسط ف2 النسبة المئوية,,0,,0.00,0.00
حل كتاب الرياضيات الصف ثاني متوسط النسب المئوية و التقدير,,0,,0.00,0.00
حل كتاب الرياضيات الطالب اول متوسط النسبة المئوية من عدد,,0,,0.00,0.00
حل كتاب الرياضيات النسبة المئوية من عدد الاول المتوصط ف2,,0,,0.00,0.00
حل كتاب الرياضيات النسبة المئوية والتقدير 2 متوسط,,0,,0.00,0.00
حل كتاب الرياضيات النشاط اول متوسط ف2 النسبة المئوية,,0,,0.00,0.00
حل كتاب الرياضيات النشاط ثاني متوسط ف1 النسبة المئوية والتقدير,,0,,0.00,0.00
حل كتاب الرياضيات اول متوسط درس النسبة المئوية,,0,,0.00,0.00
حل كتاب الرياضيات اول متوسط درس النسبة المئوية من عدد,,0,,0.00,0.00
حل كتاب الرياضيات اول متوسط ف2 النسبة المئوية,,0,,0.00,0.00
حل كتاب الرياضيات اول متوسط ف2 النسبة المئوية من عدد,,0,,0.00,0.00
حل كتاب الرياضيات اول متوسط ف2 ايجاد النسبة المئوية,,0,,0.00,0.00
حل كتاب الرياضيات اول متوسط ف2 ايجاد النسبة المئوية ذهنيا,,0,,0.00,0.00
حل كتاب الرياضيات اول متوسط ف2 تطبيقات على النسبة المئوية,,0,,0.00,0.00
حل كتاب الرياضيات اول متوسط ف2ايجاد النسبة المئوية,,0,,0.00,0.00
حل كتاب الرياضيات ثاني متوسط النسبة المئوية والتقدير,,0,,0.00,0.00
حل كتاب الرياضيات ثاني متوسط ف درس النسبة المئوية والتقدير,,0,,0.00,0.00
حل كتاب الرياضيات ثاني متوسط ف1 4-1 ايجاد النسب المئوية,,0,,0.00,0.00
حل كتاب الرياضيات ثاني متوسط ف1 النسبة المئوية و التقدير,,0,,0.00,0.00
حل كتاب الرياضيات ثاني متوسط ف1 الوحده الاخيره النسب المئوية,,0,,0.00,0.00
حل كتاب الرياضيات ثاني متوسط ف1 ايجاد النسب المئوية ذهنيا,,0,,0.00,0.00
حل كتاب الرياضيات ثاني متوسط ف1 درس النسبة المئوية والتقدير,,0,,0.00,0.00
حل كتاب الرياضيات ثاني متوسط ف1 درس ايجاد النسب المئوية,,0,,0.00,0.00
حل كتاب الرياضيات ف1 ثاني متوسط النسبة المئوية والتقدير,,0,,0.00,0.00
حل كتاب الرياضيات ف2 اول متوسط تقدير النسبة المئوية,,0,,0.00,0.00
حل كتاب الطالب النسبة المئوية من عدد,,0,,0.00,0.00
حل كتاب الطالب رياضيات اول متوسط ف2 تطبيقات النسبة المئوية,,0,,0.00,0.00
حل كتاب الطالب رياضيات تطبيقات النسبة المئوية اول متوسط ف2,,0,,0.00,0.00
حل كتاب الطالب رياضيات ثاني متوسط الفصل 4 النسبة المئوية,,0,,0.00,0.00
حل كتاب الطالب رياضيات ثاني متوسط النسب المئوية والتقدير,,0,,0.00,0.00
حل كتاب الطالب رياضيات درس تطبيقات على النسبة المئوية,,0,,0.00,0.00
حل كتاب الطالب رياضيات ف1 ثاني متوسط النسبة المئوية والتقدير,,0,,0.00,0.00
حل كتاب الطالبة ريااضياتاول متوسط ف2 تطبيقات على النسبة المئوية,,0,,0.00,0.00
حل كتاب النشاط الرياضيات اول متوسط ف2 تقدير النسب المئوية,,0,,0.00,0.00
حل كتاب النشاط اول متوسط رياضيات ف2تطبيبات على النسبة المئوية,,0,,0.00,0.00
حل كتاب النشاط درس تقدير النسبة المئوية,,0,,0.00,0.00
حل كتاب النشاط رياضيات اول متوسط ف1 تقدير النسبة المئوية,,0,,0.00,0.00
حل كتاب النشاط رياضيات ثاني متوسط ف1 النسبة المئوية والتقدير,,0,,0.00,0.00
حل كتاب ثاني متوسط ف1 درس النسبة المئوية والتقدير,,0,,0.00,0.00
حل كتاب رياضيات النسبة المئوية 1-5,,0,,0.00,0.00
حل كتاب رياضيات اول متوسط الثاني درس تطبيقات النسبة المئوية,,0,,0.00,0.00
حل كتاب رياضيات اول متوسط تطبيقات على النسبة المئوية,,0,,0.00,0.00
حل كتاب رياضيات اول متوسط ف2 تطبيقات النسبة المئوية,,0,,0.00,0.00
حل كتاب رياضيات اول متوسط ف2 تقديرات النسبة المئوية,,0,,0.00,0.00
حل كتاب رياضيات اول متوسط ف٢تطبيقات على نسبه المئوية,,0,,0.00,0.00
حل كتاب رياضيات تطبيقات النسبة المئوية اول متوسط ف2,,0,,0.00,0.00
حل كتاب رياضيات تقدير النسب المئوية اول متوسط 2,,0,,0.00,0.00
حل كتاب رياضيات ثالث متوسط ف٢تطبيقات على نسبه المئوية,,0,,0.00,0.00
حل كتاب رياضيات ثاني متوسط النسبة المئوية والتقدير,,0,,0.00,0.00
حل كتاب رياضيات ثاني متوسط النسبة المئوية والتقدير ف 1,,0,,0.00,0.00
حل كتاب رياضيات ثاني متوسط شرح ف1 النسبة المئوية والتقدير,,0,,0.00,0.00
حل كتاب رياضيات ثاني متوسط ف1 النسبة المئوية والتقدير,,0,,0.00,0.00
حل كتاب رياضيات ف2 تطبيقات على النسبة المئوية,,0,,0.00,0.00
حل كيمياء ٢ درس نسبه المردود المئوية,,0,,0.00,0.00
حل مراجعة تراكمية درس تقدير النسبة المئوية,,0,,0.00,0.00
حل مسائل النسبة المئوية للصف الاول متوسط,,0,,0.00,0.00
حل مسائل تطبيقات على النسبة المئوية,,0,,0.00,0.00
حل مسائل درس نسبة المردود المئوية,,0,,0.00,0.00
حل مسائل رياضيات كتاب التمارين الاول متوسط تقدير النسبة المئوية,,0,,0.00,0.00
حل مسائل كتاب كيمياء ثاني ثانوي نسبة المردود المئوية,,0,,0.00,0.00
حل مسائل نسبة المردود المئوية,,0,,0.00,0.00
حل معادلات النسب المئوية,,0,,0.00,0.00
حل معادله يستعمل كلوريد الكالسيوم لمنع التجمد احسب النسبة المئوية,,0,,0.00,0.00
حل واجب الرياضيات درس تقدير النسبة المئوية,,0,,0.00,0.00
حل واجب النسبة المئوية,,0,,0.00,0.00
حل واجب النسبة المئوية من عدد اول متوسط,,0,,0.00,0.00
حل وحدة النسبة المئوية,,0,,0.00,0.00
حول 1 1 5 الى نسبة مئوية,,0,,0.00,0.00
خاتمة عن النسبة المئوية,,0,,0.00,0.00
خاتمه بحث عن نسبة المردود المئوية,,0,,0.00,0.00
خدمة حساب النسبة المئوية المعادلة للدرجة الموزونة,,0,,0.00,0.00
خرائط توضح توزيع السكان في الوطن العربي بالنسبة المئوية,,0,,0.00,0.00
خروج نتيجة بالنسبة المئوية ف الاكسل,,0,,0.00,0.00
خريطة مفاهيم عن النسبة المئوية,,0,,0.00,0.00
خريطة مفاهيميه عن نسبة المردود المئوية,,0,,0.00,0.00
خصم نسبة مئوية من مبلغ كان عليه نسبة مئوية,,0,,0.00,0.00
خطة لدرس تقدير النسبة المئوية رياضيات,,0,,0.00,0.00
خلفيات النسبة المئوية,,0,,0.00,0.00
خلل في اظهار النسبة المئوية اندرويد,,0,,0.00,0.00
دالة النسبة المئوية في الوورد,,0,,0.00,0.00
دالة حساب الخصم بالنسبة المئوية,,0,,0.00,0.00
دالة حساب النسبة المئوية excel,,0,,0.00,0.00
دالة لحساب النسبة المئوية,,0,,0.00,0.00
درجات التذليل بالنسبة المئوية,,0,,0.00,0.00
درس 4-1 ايجاد النسبة المئوية,,0,,0.00,0.00
درس الرياضيات النسبة المئوية من عدد الفصل الدارسي الثاني,,0,,0.00,0.00
درس النسب المئوية للاول متوسط,,0,,0.00,0.00
درس النسب المئوية من العدعد,,0,,0.00,0.00
درس النسب المئوية من العدعد احمد الفديد,,0,,0.00,0.00
درس النسب المئوية من العدعد شبك ةفاهم,,0,,0.00,0.00
درس النسبة المئوية أولى متوسط,,0,,0.00,0.00
درس النسبة المئوية للسنة الاولى متوسط,,0,,0.00,0.00
درس النسبة المئوية للصف السادس بوربوينت عن,,0,,0.00,0.00
درس النسبة المئوية للصف السادس بوربوينت للصف السادس,,0,,0.00,0.00
درس النسبة المئوية من العدد,,0,,0.00,0.00
درس النسبة المئوية من عدد الاول المتوسط الفصل الثاني الرياضيات,,0,,0.00,0.00
درس النسبة المئوية من عدد اول متوسط,,0,,0.00,0.00
درس النسبة المئوية من عدد اول متوسط كتاب النشاط,,0,,0.00,0.00
درس النسبة المئوية من عدد منال التويجري,,0,,0.00,0.00
درس النسبة المئوية والكسور الاعتيادية الصف السادس,,0,,0.00,0.00
درس ايجاد النسبة المئوية ذهنيا,,0,,0.00,0.00
درس ايجاد النسبة المئوية ذهنيا ثاني متوسط عرض,,0,,0.00,0.00
درس تطبيقات على النسبة المئوية اول متوسط,,0,,0.00,0.00
درس تطبيقات على النسبة المئوية اول متوسط كتاب التمارين,,0,,0.00,0.00
درس تطبيقات على النسبة المئوية اول متوسط كتاب النشاط,,0,,0.00,0.00
درس تطبيقي في النسبة المئوية والتقدير,,0,,0.00,0.00
درس تقدير النسبة المئوية اول متوسط احمد,,0,,0.00,0.00
درس تقدير النسبة المئوية اول متوسط منى الهواش,,0,,0.00,0.00
درس تقدير النسبة المئوية ثاني متوسط,,0,,0.00,0.00
درس تقدير النسبة المئوية للصف الاول متوسط,,0,,0.00,0.00
درس نسبة المردود المئوية pdf,,0,,0.00,0.00
درس نسبة المردود المئوية ايناس,,0,,0.00,0.00
درس نسبة المردود المئوية ورقة عمل,,0,,0.00,0.00
درس نسبة المردود المئوية ورقة عمل 4-5,,0,,0.00,0.00
درس نسبة المردود المئوية ورقة عمل3-5,,0,,0.00,0.00
درس نسبة المردود المئوية ورقة عمل4-5,,0,,0.00,0.00
درس نموذجي ايجاد النسبة المئوية ذهنيا,,0,,0.00,0.00
درس نموذجي تطبيقات على النسبة المئوية,,0,,0.00,0.00
درس نموذجي تطبيقات على النسبة المئوية اول متوسط,,0,,0.00,0.00
درس نموذجي رياضيات سادس النسبة المئوية ف2,,0,,0.00,0.00
دروس اعجبتني تطبيقات النسبة المئوية اول متوسط,,0,,0.00,0.00
ربط النسبة المئوية والكسور الاعتيادية بالواقع,,0,,0.00,0.00
رسم مئوي أعمدة بالنسب,,0,,0.00,0.00
رمز درجة حرارة النسبة المئوية,,0,,0.00,0.00
رياضيات أول متوسط منال التويجري درس النسبة المئوية,,0,,0.00,0.00
رياضيات النسبة المئوية من عدد,,0,,0.00,0.00
رياضيات اول متوسط تطبيقات النسب المئوية بستان السعودية,,0,,0.00,0.00
رياضيات اول متوسط تطبيقات النسب المئوية للعدد بستان السعودية,,0,,0.00,0.00
رياضيات اول متوسط شرح درس تطبيقات على النسبة المئوية,,0,,0.00,0.00
رياضيات اول متوسط ف2 كتاب طالب تطبيقات النسبة المئوية,,0,,0.00,0.00
رياضيات ثاني متوسط النسبة المئوية والتقدير حل,,0,,0.00,0.00
رياضيات ثاني متوسط درس ايجاد النسب المئوية ذهنيا,,0,,0.00,0.00
رياضيات ثاني متوسط ف1 حل درس النسبة المئوية والتقدير,,0,,0.00,0.00
رياضيات للصف الاةل متوسط الفصل الثاني النسبة المئوية من العدد,,0,,0.00,0.00
سهل صف اول متوسط النسبة المئوية من عدد,,0,,0.00,0.00
شبكة الرياضيات التعليمية للصف الاول متوسط تقدير النسبة المئوية,,0,,0.00,0.00
شبكة فاهم التعليمية للصف السادس ف2 رياضيات درس النسب المئوية,,0,,0.00,0.00
شبكة فاهم النسبة المئوية من عدد,,0,,0.00,0.00
شبكة فاهم اول متوسط تقدير النسبة المئوية,,0,,0.00,0.00
شبكة فاهم تقدير النسبة المئوية,,0,,0.00,0.00
شبكة فاهم درس النسبة المئوية من عدد,,0,,0.00,0.00
شبكة فاهم شرح النسبة المئوية من عدد,,0,,0.00,0.00
شح الرتاضيات تطبيقات النسبة المئوية,,0,,0.00,0.00
شرح استخراج النسبة المئوية,,0,,0.00,0.00
شرح التركيب النسبي المئوي,,0,,0.00,0.33
شرح الدرس النسب المئوية,,0,,0.00,0.00
شرح الدرس النسب المئوية والكسور الاعتيادية,,0,,0.00,0.00
شرح الدرس النسبة المئوية الصف اول متوسط ف2,,0,,0.00,0.00
شرح الدرس تقدير النسبة المئوية الصف اول متوسط ف2,,0,,0.00,0.00
شرح الرياضيات الاول متوسط الفصل 2 النسبة المئوية من العدد,,0,,0.00,0.00
شرح الرياضيات للصف السادس درس النسب المئوية,,0,,0.00,0.00
شرح النسب المئوية 2 3 3,,0,,0.00,0.00
شرح النسب المئوية للصف الاول متوسط,,0,,0.00,0.00
شرح النسب المئوية للصف الاول متوسط احمد هبقان,,0,,0.00,0.00
شرح النسب المئوية للصف الاول متوسط منال التويجري,,0,,0.00,0.00
شرح النسب المئوية من عدد للصف الاول متوسط منال التويجري,,0,,0.00,0.00
شرح النسبة المئوية بالكتلة,,0,,0.00,0.00
شرح النسبة المئوية قدرات فهد التميمي,,0,,0.00,0.00
شرح النسبة المئوية للصف الاول متوسط,,0,,0.00,0.00
شرح النسبة المئوية للصف السادس والكسور العشريه,,0,,0.00,0.00
شرح النسبة المئوية من العدد,,0,,0.00,0.00
شرح النسبة المئوية من العدد اول متوسط,,0,,0.00,0.00
شرح النسبة المئوية من العدد صف اول متوسط ف 2,,0,,0.00,0.00
شرح النسبة المئوية من عدد اول متوسط,,0,,0.00,0.00
شرح النسبة المئوية من عدد اول متوسط كتاب الطالب,,0,,0.00,0.00
شرح النسبة المئوية من عدد للصف اول متوسط,,0,,0.00,0.00
شرح النسبة المئوية من عدد منال التويجري,,0,,0.00,0.00
شرح النسبة المئوية و التقدير,,0,,0.00,0.00
شرح ايجاد النسب المئوية ذهنيا,,0,,0.00,0.00
شرح تطبيقات على النسبة المئوية,,0,,0.00,0.00
شرح تطبيقات على النسبة المئوية منال التويجري,,0,,0.00,0.00
شرح تقدير النسبة المئوية,,0,,0.00,0.00
شرح تقدير النسبة المئوية اول متوسط,,0,,0.00,0.00
شرح حل تمارين تقدير النسبة المئوية,,0,,0.00,0.00
شرح درس إيجاد النسبة المئوية من عدد,,0,,0.00,0.00
شرح درس استكشاف النسبة المئوية من عدد,,0,,0.00,0.00
شرح درس التركيب المئوي النسبي كيمياء1 مقررات,,0,,0.00,0.00
شرح درس التقدير مع النسب المئوية,,0,,0.00,0.00
شرح درس الرياضيات النسبة المئوية من عدد,,0,,0.00,0.00
شرح درس الرياضيات تطبيقات على النسبة المئوية,,0,,0.00,0.00
شرح درس النسب المئوية والكسور الاعتيادية,,0,,0.00,0.00
شرح درس النسب المئوية والكسور الاعتيادية للصف السادس الابتدائي,,0,,0.00,0.00
شرح درس النسبة المئوية اول متوسط,,0,,0.00,0.00
شرح درس النسبة المئوية على عدد للصف الاول متوسط,,0,,0.00,0.00
شرح درس النسبة المئوية من العدد,,0,,0.00,0.00
شرح درس النسبة المئوية من العدد قناة فاهم,,0,,0.00,0.00
شرح درس النسبة المئوية من عدد احمد هبقان الفديد,,0,,0.00,0.00
شرح درس النسبة المئوية من عدد اول متوسط,,0,,0.00,0.00
شرح درس النسبة المئوية من عدد اول متوسط الفصل الثاني,,0,,0.00,0.00
شرح درس النسبة المئوية من عدد اول متوسط ف2,,0,,0.00,0.00
شرح درس النسبة المئوية من عدد اول متوسط منال التويجر,,0,,0.00,0.00
شرح درس النسبة المئوية من عدد اول متوسط منال التويجري,,0,,0.00,0.00
شرح درس النسبة المئوية من عدد رتاج التويجري,,0,,0.00,0.00
شرح درس النسبة المئوية من عدد شرح المعلمه soso,,0,,0.00,0.00
شرح درس النسبة المئوية من عدد فهد التميمي,,0,,0.00,0.00
شرح درس النسبة المئوية من عدد للصف الاول متوسط,,0,,0.00,0.00
شرح درس النسبة المئوية من عدد منال التويجري,,0,,0.00,0.00
شرح درس النسبة المئوية من عدد منى المواش,,0,,0.00,0.00
شرح درس النسبة المئوية من عدد يوتيوب,,0,,0.00,0.00
شرح درس النسبة المئوية و الكسور العشرية,,0,,0.00,0.00
شرح درس النسبة المئوية والأعداد الكسرية سادس ابتدائي,,0,,0.00,0.00
شرح درس النسبة المئوية والتقدير للصف الثاني المتوسط,,0,,0.00,0.00
شرح درس النسبة المئوية والتقدير للصف الثاني متوسط,,0,,0.00,0.33
شرح درس اول متوسط رياضيات تطبيقات على النسبة المئوية,,0,,0.00,0.00
شرح درس تطبيقات النسبة المئوية اول متوسط,,0,,0.00,0.00
شرح درس تطبيقات النسبة المئوية من عدد اول متوسط,,0,,0.00,0.00
شرح درس تطبيقات على النسبة المئوية اول متوسط,,0,,0.00,0.00
شرح درس تطبيقات على النسبة المئوية للصف الاول المتوسط,,0,,0.00,0.00
شرح درس تطبيقات على النسبة المئوية للصف الاول متوسط,,0,,0.00,0.00
شرح درس تطبيقات على النسبة المئوية للصف السادس,,0,,0.00,0.00
شرح درس تطبيقات على النسبة المئوية من عدد,,0,,0.00,0.00
شرح درس تطبيقات على النسبة المئوية من عدد اول متوسط,,0,,0.00,0.00
شرح درس تطبيقات على النسبة المئوية منال التويجري,,0,,0.00,0.00
شرح درس تطبيقات على النسبة المئوية منال الويجري,,0,,0.00,0.00
شرح درس تطبيقات على تغير النسبة المئوية سعيد الشلوي,,0,,0.00,0.00
شرح درس تطبيقات على تغير النسبة المئوية للصف التاسع,,0,,0.00,0.00
شرح درس تقدير النسب المئوية,,0,,0.00,0.33
شرح درس تقدير النسب المئوية منى المواش,,0,,0.00,0.00
شرح درس تقدير النسبة المئوية اول متوسط,,0,,0.00,0.00
شرح درس تقدير النسبة المئوية اول متوسط احمد هبقان الفيديد,,0,,0.00,0.00
شرح درس تقدير النسبة المئوية للصف الاول متوسط,,0,,0.00,0.00
شرح درس تقدير النسبة المئوية من عدد اول متوسط,,0,,0.00,0.00
شرح درس تقدير النسبة المئوية منال التويجري,,0,,0.00,0.00
شرح درس نسبة المردود المئوية للصف ثاني علمي,,0,,0.00,0.00
شرح درس نسبة المردود المئوية للمستوى الرابع,,0,,0.00,0.00
شرح رياضيات احمد الفديد النسبة المئوية اولى متوسط,,0,,0.00,0.00
شرح رياضيات احمد الفديد النسبة المئوية لاوله متوسط,,0,,0.00,0.00
شرح رياضيات اول متوسط الفصل 2 درس تقدير النسبة المئوية,,0,,0.00,0.00
شرح رياضيات اول متوسط الفصل الثاني النسبة المئوية من عدد,,0,,0.00,0.00
شرح رياضيات اول متوسط الفصل الثاني تطبيقات على النسبة المئوية,,0,,0.00,0.00
شرح رياضيات اول متوسط الفصل الثاني كتاب الطالب النسبة المئوية,,0,,0.00,0.00
شرح رياضيات اول متوسط تطبيقات على النسبة المئوية,,0,,0.00,0.00
شرح رياضيات اول متوسط تقدير النسبة المئوية,,0,,0.00,0.00
شرح رياضيات اول متوسط درس تطبيقات على النسبة المئوية,,0,,0.00,0.00
شرح رياضيات اول متوسط درس تقدير النسبة المئوية,,0,,0.00,0.00
شرح رياضيات اول متوسط ف2 النسبة المئوية من عدد,,0,,0.00,0.00
شرح رياضيات اول متوسط ف2 تطبيقات على النسبة المئوية,,0,,0.00,0.00
شرح رياضيات اول متوسط ف2 درس تطبيقات على النسبة المئوية,,0,,0.00,0.00
شرح رياضيات درس تقدير النسبة المئوية اولى متوسط,,0,,0.00,0.00
شرح طريقة حساب النسبة المئوية للدرجات,,0,,0.00,0.00
شرح قانون النسبة المئوية بالكتلة,,0,,0.00,0.00
شرح قانون النسبة المئوية بالكتلة كيميا,,0,,0.00,0.00
شرح كتاب الرياضيات اول متوسط ف2 احمد مصطفى النسب المئوية,,0,,0.00,0.00
شرح كيف يتم حل مسائل النسبة المئوية في اختبار القدرات,,0,,0.00,0.00
شرح مسائل النسبة المئوية,,0,,0.00,0.00
شرح مفصل من استعد لدرس تقدير النسبة المئوية ذهنيا,,0,,0.00,0.00
صور الآجر الفعلي النسبة المئوية من الربح والإيراد,,0,,0.00,0.00
صور التركيب النسبي المئوي,,0,,0.00,0.00
صور عن النسب المئوية,,0,,0.00,0.00
صور عن نسبه مئويه,,0,,0.00,0.00
صور للنسبة المئوية في الحياة,,0,,0.00,0.00
صوررياضيات النسب المئوي و التقدير,,0,,0.00,0.00
ضرب العد في نسب مئوية,,0,,0.00,0.00
ضرب مجموعة أرقام فى نسبة مئوية اكسيل,,0,,0.00,0.00
طرح نسبه مئويه في الاكسل,,0,,0.00,0.00
طرق احتساب النسب المئوية بشركات المقاولات,,0,,0.00,0.00
طرق استخراج النسبة المئوية,,0,,0.00,0.00
طريق احتساب النسبة المئوية,,0,,0.00,0.00
طريق عمل دائرة النسب المئوية بالإكسل,,0,,0.00,0.00
طريقة احتساب النسبة المئوية على ورق,,0,,0.00,0.00
طريقة احتساب النسبة المئوية لصافي الربح,,0,,0.00,0.00
طريقة احتساب النسبة المئوية من الى,,0,,0.00,0.00
طريقة اخراج العدد من النسبة المئوية,,0,,0.00,0.00
طريقة اخراج المسافة الكلية من النسبة المئوية,,0,,0.00,0.00
طريقة استخراج النسب المئوية,,0,,0.00,0.00
طريقة استخراج النسبة المئوية بين عددين,,0,,0.00,0.00
طريقة استخراج النسبة المئوية في الربح والخسارة والخصم,,0,,0.00,0.00
طريقة استخراج النسبة المئوية في الربح والخسارة والخصم مسائل قدرات,,0,,0.00,0.00
طريقة استخراج النسبة المئوية للشهادة,,0,,0.00,0.00
طريقة استخراج النسبة المئوية للطلاب,,0,,0.00,0.00
طريقة استخراج النسبة المئوية من الاعداد,,0,,0.00,0.00
طريقة استخراج النسبة المئوية من المبلغ,,0,,0.00,0.00
طريقة استخراج النسبة المئوية من المعدل,,0,,0.00,0.00
طريقة استخراج النسبة المئوية من مبلغ,,0,,0.00,0.00
طريقة استخراج النسبة من الحاسبة النسبة المئوية,,0,,0.00,0.00
طريقة استخراج كشف غياب بالنسبة المئوية من نظام نور,,0,,0.00,0.00
طريقة استخراج نسبة المئوية,,0,,0.00,0.00
طريقة استخراجات النسبة المئوية في اكسل,,0,,0.00,0.00
طريقة اضافة نسبة الربح بالنسبة المئوية على المنتج الواحد,,0,,0.00,0.00
طريقة اظهار النسبة المئوية بالحاسب,,0,,0.00,0.00
طريقة اظهار النسبة المئوية لبطارية الساعة الذكية,,0,,0.00,0.00
طريقة التحويل الى النسبة المئوية,,0,,0.00,0.00
طريقة التحويل للنسبة المئوية,,0,,0.00,0.00
طريقة الحسبة النسبة المئوية,,0,,0.00,0.00
طريقة ايجاد النسب المئوية في الاكسل,,0,,0.00,0.00
طريقة ايجاد النسبة المئوية بأسهل طريقة,,0,,0.00,0.00
طريقة ايجاد النسبة المئوية في الاكسل,,0,,0.00,0.00
طريقة تح يل الارقام الى نسبة مئوية,,0,,0.00,0.00
طريقة تحويل المعدل التراكمي الى نسبة مئوية,,0,,0.00,0.00
طريقة تحويل المعدل من 5 الى نسبة مئوية,,0,,0.00,0.00
طريقة تحويل المعدل نسبة مئوية,,0,,0.00,0.00
طريقة تحويل النسبة المئوية إلى معدل للي يقدمون ماستر,,0,,0.00,0.00
طريقة تحويل النسبة المئوية الى جرام,,0,,0.00,0.00
طريقة تحويل النسبة المئوية الى عدد عشري,,0,,0.00,0.00
طريقة تحويل النسبة المئوية الى كسور,,0,,0.00,0.00
طريقة تحويل عدد الى نسبة مئوية,,0,,0.00,0.00
طريقة تطلع النسبة المئوية,,0,,0.00,0.00
طريقة تغيير النسبة المئوية في طبلون الماركيز,,0,,0.00,0.00
طريقة تقسيم مبلغ بالنسبة المئوية,,0,,0.00,0.00
طريقة جمع 3 النسب المئوية,,0,,0.00,0.00
طريقة جمع مجموعه من النسب المئوية,,0,,0.00,0.00
طريقة حساب الخصم بالطريقة بالنسبة المئوية,,0,,0.00,0.00
طريقة حساب الربح بالنسبة المئوية على المنتج,,0,,0.00,0.00
طريقة حساب الربح بالنسبة المئوية على المنتج الواحد,,0,,0.00,0.00
طريقة حساب المجموع بالنسبة المئوية,,0,,0.00,0.00
طريقة حساب المعدل الجامعي بالنسبة المئوية,,0,,0.00,0.00
طريقة حساب النسب المئوية الربح والخسارة,,0,,0.00,0.00
طريقة حساب النسبة المئوية fvkhl,,0,,0.00,0.00
طريقة حساب النسبة المئوية الكلي 400,,0,,0.00,0.00
طريقة حساب النسبة المئوية اون لاين,,0,,0.00,0.00
طريقة حساب النسبة المئوية بالحاسبة المطورة,,0,,0.00,0.00
طريقة حساب النسبة المئوية بالقيمة الكبرى والصغرى,,0,,0.00,0.00
طريقة حساب النسبة المئوية بالمبالغ المدفوعة,,0,,0.00,0.00
طريقة حساب النسبة المئوية بالمبلغ المدفوعة,,0,,0.00,0.00
طريقة حساب النسبة المئوية بالمجموع الكلي,,0,,0.00,0.00
طريقة حساب النسبة المئوية بدون الة حاسبة,,0,,0.00,0.00
طريقة حساب النسبة المئوية بدون حاسبة,,0,,0.00,0.00
طريقة حساب النسبة المئوية بين خليتين في اكسل 2007,,0,,0.00,0.00
طريقة حساب النسبة المئوية بين عددين,,0,,0.00,0.00
طريقة حساب النسبة المئوية رقم 100,,0,,0.00,0.00
طريقة حساب النسبة المئوية في الالة الحاسبة,,0,,0.00,0.00
طريقة حساب النسبة المئوية في الجامعة,,0,,0.00,0.00
طريقة حساب النسبة المئوية في الخصم 1,,0,,0.00,0.00
طريقة حساب النسبة المئوية في المدارس,,0,,0.00,0.00
طريقة حساب النسبة المئوية في حاسبة الايفون,,0,,0.00,0.00
طريقة حساب النسبة المئوية في نظام المقررات,,0,,0.00,0.00
طريقة حساب النسبة المئوية قدرات,,0,,0.00,0.00
طريقة حساب النسبة المئوية لدرجات الثانوية,,0,,0.00,0.00
طريقة حساب النسبة المئوية لرقمين,,0,,0.00,0.00
طريقة حساب النسبة المئوية لعدد,,0,,0.00,0.00
طريقة حساب النسبة المئوية لغياب الطالبات,,0,,0.00,0.00
طريقة حساب النسبة المئوية لغياب الطلاب,,0,,0.00,0.00
طريقة حساب النسبة المئوية للابتدائي,,0,,0.00,0.00
طريقة حساب النسبة المئوية للاستبيان,,0,,0.00,0.00
طريقة حساب النسبة المئوية للاشتثمار,,0,,0.00,0.00
طريقة حساب النسبة المئوية للتخفيضات,,0,,0.00,0.00
طريقة حساب النسبة المئوية للثانوية مع القدرات,,0,,0.00,0.00
طريقة حساب النسبة المئوية للجامعات,,0,,0.00,0.00
طريقة حساب النسبة المئوية للدرجات الثانوية,,0,,0.00,0.00
طريقة حساب النسبة المئوية للزيادة,,0,,0.00,0.00
طريقة حساب النسبة المئوية للشركاء,,0,,0.00,0.00
طريقة حساب النسبة المئوية للشهادة الابتدائية,,0,,0.00,0.00
طريقة حساب النسبة المئوية للشهادة الثانوية الكويت,,0,,0.00,0.00
طريقة حساب النسبة المئوية للشهادة الثانوية سلطنة عمان,,0,,0.00,0.00
طريقة حساب النسبة المئوية للشهادة الثانوية قطر,,0,,0.00,0.00
طريقة حساب النسبة المئوية للشهادة الثانوية للمصريين,,0,,0.00,0.00
طريقة حساب النسبة المئوية للشهادة المتوسطة,,0,,0.00,0.00
طريقة حساب النسبة المئوية للشهادة سلمان الفارسي,,0,,0.00,0.00
طريقة حساب النسبة المئوية للصف الثاني ثانوي,,0,,0.00,0.00
طريقة حساب النسبة المئوية للمال لخصم,,0,,0.00,0.00
طريقة حساب النسبة المئوية للمبلغ,,0,,0.00,0.00
طريقة حساب النسبة المئوية للمتوسط,,0,,0.00,0.00
طريقة حساب النسبة المئوية للمرحلة المتوسطة,,0,,0.00,0.00
طريقة حساب النسبة المئوية للمعدل التراكمي,,0,,0.00,0.00
طريقة حساب النسبة المئوية للمعدل والقدرات,,0,,0.00,0.00
طريقة حساب النسبة المئوية للنظام الفصلي,,0,,0.00,0.00
طريقة حساب النسبة المئوية لمبلغ,,0,,0.00,0.00
طريقة حساب النسبة المئوية من الراتب,,0,,0.00,0.00
طريقة حساب النسبة المئوية من المبلغ,,0,,0.00,0.00
طريقة حساب النسبة المئوية من المسافة,,0,,0.00,0.00
طريقة حساب النسبة المئوية من رقم,,0,,0.00,0.00
طريقة حساب النسبة المئوية من عدد معين,,0,,0.00,0.00
طريقة حساب النسبة المئوية يدويا,,0,,0.00,0.00
طريقة حساب متوسط نسبة مئوية معينة من عدد معين,,0,,0.00,0.00
طريقة حساب مدى النسبة المئوية,,0,,0.00,0.00
طريقة حساب نسبة الخصم المئوية,,0,,0.00,0.00
طريقة حساب نسبة النسبة المئوية للأرقام,,0,,0.00,0.00
طريقة حساب نسبة مئوية في الاكل,,0,,0.00,0.00
طريقة حل مسائل النسبة المئوية القدرات,,0,,0.00,0.00
طريقة شرح النسبة المئوية في الاكسل,,0,,0.00,0.00
طريقة ضرب النسبة المئوية بالالة الحاسبة العلمية,,0,,0.00,0.00
طريقة ضرب في نسبة مئوية في الاكسل,,0,,0.00,0.00
طريقة عمل جداول النسب المئوية,,0,,0.00,0.00
طريقة عمل عملية حسابة تقسيم عدد بالنسبة المئوية,,0,,0.00,0.00
طريقة عمل مجسم النسب المئوية,,0,,0.00,0.00
طريقة عمل مخطط النسب المئوية,,0,,0.00,0.00
طريقة عمل مخطط النسب المئوية بالاكسل,,0,,0.00,0.00
طريقة عمل نسبة مئوية بالكسل,,0,,0.00,0.00
طريقة عمل نسبة مئوية في الاكسيل,,0,,0.00,0.00
طريقة كتابة النسبة المئوية بحيث تكون نقطتين بدلا من دائرتين,,0,,0.00,0.00
طريقة كتابة النسبة المئوية بموقع التجنيد النسائي,,0,,0.00,0.00
طريقة كتابة النسبة المئوية في اكسل,,0,,0.00,0.00
طريقة كتابة النسبة المئوية في الرسم البياني,,0,,0.00,0.00
طريقة لحساب النسبة المئوية,,0,,0.00,0.00
طريقة معرفة النسبة المئوية في الزيادة,,0,,0.00,0.00
طريقة معرفة النسبة المئوية لدرجة اختبار قدرات الجامعيين,,0,,0.00,0.00
طريقة معرفة النسبة المئوية لرقم من رقم معين,,0,,0.00,0.00
طريقة معرفة النسبة المئوية للتقرير,,0,,0.00,0.00
طريقة وضع علامة النسبة المئوية على اليسار في اكسل 2007,,0,,0.00,0.00
طريقة وضع علامة النسبة المئوية يسار الرقم في اكسل 2007,,0,,0.00,0.00
طريقه حساب النسب المئوية للاعداد الصحيحه,,0,,0.00,0.00
ظاهرة عزوف الشباب عن الزواج ونسبها المئوية في السعودية,,0,,0.00,0.00
ظبط النسبة المئوية في الكيتو دايت,,0,,0.00,0.00
عامود نسبة مئوية,,0,,0.00,0.00
عجائب النسبة المئوية,,0,,0.00,0.00
عدد المهاجرين الى المدينة المنورة بالنسبة المئوية,,0,,0.00,0.00
عدد المهاجرين مع النبي الى المدينة المنورة بالنسبة المئوية,,0,,0.00,0.00
عدد سكان الوطن العربي في اسيا بالنسبة المئوية,,0,,0.00,0.00
عرض الجدول الأساسي بيكسل أو نسبة مئوية ترايدنت,,0,,0.00,0.00
عرض ايجاد النسب المئوية ذهنيا,,0,,0.00,0.00
عرض باور النسبة المئوية الصف السادس,,0,,0.00,0.00
عرض بوربوينت النسبة المئوية من عدد,,0,,0.00,0.00
عرض بوربوينت النسبة المئوية من عدد اول متوسط,,0,,0.00,0.00
عرض بوربوينت ايجاد النسب المئوية ذهنيا,,0,,0.00,0.00
عرض بوربوينت ايجاد النسبة المئوية ذهنيا,,0,,0.00,0.00
عرض بوربوينت ايجاد النسبة المئوية ذهنيا ثاني متوسط,,0,,0.00,0.00
عرض بوربوينت تطبيقات على النسبة المئوية اول متوسط,,0,,0.00,0.00
عرض بوربوينت تقدير النسبة المئوية اول متوسط ف2,,0,,0.00,0.00
عرض بوربوينت تقدير النسبة المئوية للصف الاول متوسط,,0,,0.00,0.00
عرض بوربوينت درس ايجاد النسب المئوية ذهنيا,,0,,0.00,0.00
عرض بوربوينت درس تطبيقات على النسبة المئوية,,0,,0.00,0.00
عرض بوربوينت عن النسبة المئوية,,0,,0.00,0.00
عرض بوربوينت عن درس إيجاد النسب المئوية ذهنيا,,0,,0.00,0.00
عرض بوربوينت عن نسبة المردود المئوية,,0,,0.00,0.00
عرض بوربوينت ل درس ايجاد النسب المئوية ذهنيا,,0,,0.00,0.00
عرض بوربوينت لدرس تطبيقات على النسبة المئوية,,0,,0.00,0.00
عرض بوربوينت نسبة المردود المئوية,,0,,0.00,0.00
عرض تقديمي النسب المئوية والكسور الإعتيادية سادس,,0,,0.00,0.00
عرض تقديمي كيمياء ثاني ثانوي نسبة المردود المئوية,,0,,0.00,0.00
عرض لدرس التركيب النسبي المئوي,,0,,0.00,0.00
عروض فصل النسبة المئوية اول متوسط ف2,,0,,0.00,0.00
عقود الايجار بالنسبة المئوية,,0,,0.00,0.00
علاقة الكسور ب النسبة المئوية,,0,,0.00,0.00
علامة النسبة المئوية في الورد,,0,,0.00,0.00
علامة النسبة المئوية في الوورد,,0,,0.00,0.00
علامة النسبة الميوية برايل,,0,,0.00,0.00
عمل النسب المئوية بالفوتوشوب,,0,,0.00,0.00
عمل النسب المئوية متحركة بالفوتوشوب,,0,,0.00,0.00
عمل شريط نسبة مئوية لون في اكسل,,0,,0.00,0.00
عمل نسبة مئوية اكسل,,0,,0.00,0.00
عمل نسبة مئوية فى اكسل,,0,,0.00,0.00
عمل نسبة مئوية في اكسل,,0,,0.00,0.00
عمل نسبة مئوية في اكسل بين عامودين,,0,,0.00,0.00
عملية خمول النظام النسبة المئوية لوقت خمول المعالج,,0,,0.00,0.00
عمود نسبة مئوية,,0,,0.00,0.00
عين بوابة التعليم الوطنية النسبة المئوية والكسور الاعتياديه,,0,,0.00,0.00
غبا النسبة المئوية,,0,,0.00,0.00
فائدة النسبة المئوية,,0,,0.00,0.00
فديو عن درس النسبة المئوية من عدد,,0,,0.00,0.00
فلاش النسبة المئوية,,0,,0.00,0.00
فلاش عن النسبة المئوية,,0,,0.00,0.00
فما النسبة المئوية للمصروفات الاخرى,,0,,0.00,0.00
فهد التميمي النسبة المئوية,,0,,0.00,0.00
فهم النسبة المئوية من عدد اول متوسط كتاب الطالب,,0,,0.00,0.00
فهم تطبيق النسبة المئوية,,0,,0.00,0.00
فهم درس تطبيقات على النسبة المئوية,,0,,0.00,0.00
فهم درس تطبيقات على النسبة المئوية بنت تشرح,,0,,0.00,0.00
فيديو النسبة المئوية من عدد اول متوسط,,0,,0.00,0.00
فيديو النسبة المئوية والكسور,,0,,0.00,0.00
فيديو عن النسب المئوية,,0,,0.00,0.00
فيديو عن النسب المئوية كرتون,,0,,0.00,0.00
فيديو عن درس النسبة المئوية من عدد,,0,,0.00,0.00
فيكتور النسبة المئوية,,0,,0.00,0.00
قارن بين النسبة المئوية بدلالة الكتلة والحجم,,0,,0.00,0.00
قاعدة استخراج النسبة المئوية,,0,,0.00,0.00
قاعدة النسبة المئوية قدرات,,0,,0.00,0.00
قانون النسبة المئوية الجزء والكل,,0,,0.00,0.00
قانون النسبة المئوية الحجمية,,0,,0.00,0.00
قانون النسبة المئوية المولية,,0,,0.00,0.00
قانون النسبة المئوية الوزنية للمادة المذابة,,0,,0.00,0.00
قانون النسبة المئوية بالحجم,,0,,0.00,0.00
قانون النسبة المئوية بالكتلة doc,,0,,0.00,0.00
قانون النسبة المئوية بالكتلة من خلال الصيغة الكيميائية,,0,,0.00,0.00
قانون النسبة المئوية في الرياضيات,,0,,0.00,0.00
قانون النسبة المئوية كيمياء,,0,,0.00,0.00
قانون النسبة المئوية للخصم,,0,,0.00,0.00
قانون النسبة المئوية للخطأ,,0,,0.00,0.00
قانون النسبة المئوية للربح,,0,,0.00,0.00
قانون النسبة المئوية للعنصر,,0,,0.00,0.00
قانون النسبة المئوية للنقصان,,0,,0.00,0.00
قانون النسبة المئوية يوتيوب,,0,,0.00,0.00
قانون النسبة المئوية يوتيوب فهد التميمي,,0,,0.00,0.00
قانون تحويل الزاوية الى نسبة مئوية,,0,,0.00,0.00
قانون حساب النسبة المئوية بالكتلة,,0,,0.00,0.00
قانون نسبة المئوية,,0,,0.00,0.00
قدر النسبة المئوية 8 من 72,,0,,0.00,0.00
قدر النسبة المئوية لعدد الكتب,,0,,0.00,0.00
قدر النسبة المئوية لما يلي,,0,,0.00,0.00
قدرات النسب المئوية,,0,,0.00,0.00
قدرات النسبة المئوية اكثر من نسبه,,0,,0.00,0.00
قراءة النسب المئوية,,0,,0.00,0.00
قسمة عدد صحيح على نسبة مئوية,,0,,0.00,0.00
قصة النسبة المئوية,,0,,0.00,0.00
قلب المعدل التراكمي الى نسبة مئوية,,0,,0.00,0.00
قناة عين درس تطبيقات على النسب المئوية,,0,,0.00,0.00
قوانين النسبة المئوية والربح والخسارة,,0,,0.00,0.00
قياس المعدل بالنسبة المئوية,,0,,0.00,0.00
قياس الهيموجلوبين بنسبة مئوية,,0,,0.00,0.00
قيمة النسبة المئوية اليومية,,0,,0.00,0.00
قيمة النسبة المئوية بالحجم,,0,,0.00,0.00
كالسيوم مع 760 كم النسبة المئوية,,0,,0.00,0.00
كالسيوم مغ 760 كم النسبة المئوية,,0,,0.00,0.00
كام نسبة اللتر نسبة مئوية,,0,,0.00,0.00
كبف اخرج النسبة المئوية للحقوق المساهمين,,0,,0.00,0.00
كتاب التمارين الرياضيات درس النسبة المئوية من عدد اول متوسط,,0,,0.00,0.00
كتاب التمارين الفصل 5 تقدير النسبة المئوية ص7,,0,,0.00,0.00
كتابة النسبة المئوية html,,0,,0.00,0.00
كتابة النسبة المئوية بالعربي ويندوز 10,,0,,0.00,0.00
كتابة النسبة المئوية بالعربية,,0,,0.00,0.00
كتابة النسبة المئوية بالعلربي,,0,,0.00,0.00
كتابة النسبة المئوية على أعمدة الرسوم البيانية,,0,,0.00,0.00
كتابة النسبة المئوية على صيغة كسر,,0,,0.00,0.00
كتابة النسبة المئوية في الأكسل,,0,,0.00,0.00
كتابة النسبة المئوية للأكسل,,0,,0.00,0.00
كتابة رمز النسبة المئوية,,0,,0.00,0.00
كتابة رمز النسبة المئوية في الاكسيل,,0,,0.00,0.00
كتابة نسبة مئوية بالعربي في اكسل,,0,,0.00,0.00
كلمة النسبة المئوية بالانجليزي,,0,,0.00,0.00
كم 17 نسبه مئويه,,0,,0.00,0.00
كم النسبة المئوية التي تدفعها المؤسسات والشركات للاعلانات التجارية,,0,,0.00,0.00
كم النسبة المئوية التي حصلت عليها كل زوجة من زوجاته,,0,,0.00,0.00
كم النسبة المئوية التي ياخدها المبلط,,0,,0.00,0.00
كم النسبة المئوية ل 38 من 54,,0,,0.00,0.00
كم تقدر النسبة المئوية للدرجات في التمثيل,,0,,0.00,0.00
كم تكون النسبة المئوية للعينات المجانية من دخل الشركة,,0,,0.00,0.00
كم شخص يستعمل انستقرام في المملكة العربية السعودية نسبة مئوية,,0,,0.00,0.00
كم نسبة الخمس المئوية,,0,,0.00,0.00
كم نسبة الزيادة المئوية,,0,,0.00,0.00
كم نسبة اللتر نسبة مئوية,,0,,0.00,0.00
كم نسبة مئوية تساوي درجة القدرات,,0,,0.00,0.00
كم نسبة مئوية في القدرات,,0,,0.00,0.00
كم نسبة مئوية في القدرات site www.yzeeed.com,,0,,0.00,0.00
كم هي النسبة المئوية للثمن,,0,,0.00,0.00
كم يساوي 6 علي 8 بالنسبة المئوية,,0,,0.00,0.00
كم يساوي مبلغ معين من مبلغ معين نسبة مئوية,,0,,0.00,0.00
كم17 نسبه مئويه,,0,,0.00,0.00
كود استخراج النسبة المئوية من رقمين في excel,,0,,0.00,0.00
كود النسبة المئوية,,0,,0.00,0.00
كود النسبة المئوية فيجوال بيسك,,0,,0.00,0.00
كيف أجيب النسبة المئوية,,0,,0.00,0.00
كيف أستخرج النسبة المئوية بتحسن الايرادات للشركة,,0,,0.00,0.00
كيف أهيئ لدرس النسب المئوية من عدد,,0,,0.00,0.00
كيف إحتساب النسبة المئوية,,0,,0.00,0.00
كيف اجيب النسبة المئوية للمواد الدين للصفوف الاولية,,0,,0.00,0.00
كيف احب النسبة المئوية للتخرج,,0,,0.00,0.00
كيف احتساب النسبة المئوية 14 لمبلغ 160000,,0,,0.00,0.00
كيف احتساب النسبة المئوية لمبلغ 160000,,0,,0.00,0.00
كيف احسب الايلتس بالنسبة المئوية,,0,,0.00,0.00
كيف احسب المعدل التراكمي من النسبة المئوية,,0,,0.00,0.00
كيف احسب المعدل الجامعي بالنسبة المئوية,,0,,0.00,0.00
كيف احسب المعدل من النسبة المئوية,,0,,0.00,0.00
كيف احسب النسب المئوية بدون حاسبه,,0,,0.00,0.00
كيف احسب النسب المئوية في الاكسل,,0,,0.00,0.00
كيف احسب النسب المئوية في الراتب,,0,,0.00,0.00
كيف احسب النسبة المئوية 5,,0,,0.00,0.00
كيف احسب النسبة المئوية المتداول العربي,,0,,0.00,0.00
كيف احسب النسبة المئوية بين عددين,,0,,0.00,0.00
كيف احسب النسبة المئوية في الخصومات,,0,,0.00,0.00
كيف احسب النسبة المئوية في الشهادة المتوسطة,,0,,0.00,0.00
كيف احسب النسبة المئوية في الشهادة للمتوسطة,,0,,0.00,0.00
كيف احسب النسبة المئوية في القدرات,,0,,0.00,0.00
كيف احسب النسبة المئوية في الميزانية,,0,,0.00,0.00
كيف احسب النسبة المئوية لعدد ما,,0,,0.00,0.00
كيف احسب النسبة المئوية للبنوك,,0,,0.00,0.00
كيف احسب النسبة المئوية للخصم,,0,,0.00,0.00
كيف احسب النسبة المئوية للزيادة,,0,,0.00,0.00
كيف احسب النسبة المئوية للغياب,,0,,0.00,0.00
كيف احسب النسبة المئوية للقرض,,0,,0.00,0.00
كيف احسب النسبة المئوية للمبيعات,,0,,0.00,0.00
كيف احسب النسبة المئوية للمتوسط,,0,,0.00,0.00
كيف احسب النسبة المئوية للمواد,,0,,0.00,0.00
كيف احسب النسبة المئوية من العدد,,0,,0.00,0.00
كيف احسب النسبة المئوية من المعدل,,0,,0.00,0.00
كيف احسب النسبة المئوية من مبلغ اجابة,,0,,0.00,0.00
كيف احسب النسبة المئوية واحد لخمسة,,0,,0.00,0.00
كيف احسب مجموع النسب المئوية في الاكسل,,0,,0.00,0.00
كيف احسب معدلي الجامعي بالنسبة المئوية,,0,,0.00,0.00
كيف احسب نسبة المردود المئوية لتفاعل المغنيسيوم,,0,,0.00,0.00
كيف احصل على مقدار الزياده بالنسبة المئوية,,0,,0.00,0.00
كيف احول البطارية الي نسبة مئوية,,0,,0.00,0.00
كيف احول الجرام الى نسبة مئوية,,0,,0.00,0.00
كيف احول الكسور الى نسبة مئوية,,0,,0.00,0.00
كيف احول المعدل من 5 الى نسبة مئوية,,0,,0.00,0.00
كيف احول النسبة المئوية الى عدد,,0,,0.00,0.00
كيف احول النسبة المئوية الى عدد عشري,,0,,0.00,0.00
كيف احول النسبة المئوية لعدد,,0,,0.00,0.00
كيف احول معدل الى نسبة مئوية,,0,,0.00,0.00
كيف اخذ نسبة المئوية,,0,,0.00,0.00
كيف اخذ نسبة المئوية من المال,,0,,0.00,0.00
كيف اخرج النسبة المئوية لحقوق المساهمين,,0,,0.00,0.00
كيف اخرج النسبة المئوية لحقوق المساهمين في الاسهم,,0,,0.00,0.00
كيف اخسب نسبة مئوية في اكسل,,0,,0.00,0.00
كيف اخصم بالنسبة المئوية,,0,,0.00,0.00
كيف اخلي الناتج بالنسبة المئوية excel,,0,,0.00,0.00
كيف اخلي علامة النسبة المئوية تطلع في اكسل,,0,,0.00,0.00
كيف ادخل النسبة المئوية في جدارة,,0,,0.00,0.00
كيف ازيد النسبة المئوية,,0,,0.00,0.00
كيف استخ النسبة المئوية بتحسن الايرادات للشركة,,0,,0.00,0.00
كيف استخدم النسبة المئوية بتحسن الايرادات للشركة,,0,,0.00,0.00
كيف استخراج النسبة المئوية بتحسن الايرادات للشركة,,0,,0.00,0.00
كيف استخراج النسبة المئوية في اكسل,,0,,0.00,0.00
كيف استخراج النسبة المئوية في المال,,0,,0.00,0.00
كيف استخرج النسبة المئوية td hgh sg,,0,,0.00,0.00
كيف استخرج النسبة المئوية لعدد,,0,,0.00,0.00
كيف استخرج النسبة المئوية للرقم 2560,,0,,0.00,0.00
كيف اسوي رسم بياني بنسبة مئويه,,0,,0.00,0.00
كيف اصمم رسم بياني بنسبة مئويه,,0,,0.00,0.00
كيف اضيف النسبة المئوية في اكسل,,0,,0.00,0.00
كيف اضيف نسبة مئوية على مبلغ في اكسل,,0,,0.00,0.00
كيف اضيف نسبه مئويه للتقديم على الماجستير,,0,,0.00,0.00
كيف اطرح النسبة المئوية,,0,,0.00,0.00
كيف اطلع الرقم من النسبة المئوية,,0,,0.00,0.00
كيف اطلع النسبة المئوية اكسل,,0,,0.00,0.00
كيف اطلع النسبة المئوية بالاكسل,,0,,0.00,0.00
كيف اطلع النسبة المئوية في الالة,,0,,0.00,0.00
كيف اطلع النسبة المئوية لاي عدد,,0,,0.00,0.00
كيف اطلع النسبة المئوية لبطارية الايفون,,0,,0.00,0.00
كيف اطلع النسبة المئوية لربح تجارة,,0,,0.00,0.00
كيف اطلع النسبة المئوية للابتدائي,,0,,0.00,0.00
كيف اطلع النسبة المئوية للايفون,,0,,0.00,0.00
كيف اطلع النسبة المئوية للايفون x,,0,,0.00,0.00
كيف اطلع النسبة المئوية للخصم,,0,,0.00,0.00
كيف اطلع النسبة المئوية للراتب,,0,,0.00,0.00
كيف اطلع النسبة المئوية للصف الاول متوسط,,0,,0.00,0.00
كيف اطلع النسبة المئوية للمعدل التراكمي,,0,,0.00,0.00
كيف اطلع النسبة المئوية لمبلغ,,0,,0.00,0.00
كيف اطلع النسبة المئوية لمجموعتين,,0,,0.00,0.00
كيف اطلع النسبة المئوية من الراتب,,0,,0.00,0.00
كيف اطلع النسبة المئوية من المعدل,,0,,0.00,0.00
كيف اطلع النسبة المئوية من عدد للصف الثاني متوسط,,0,,0.00,0.00
كيف اطلع النسبة المئوية من عدد للصف اول متوسط,,0,,0.00,0.00
كيف اطلع قيمة z من الجدول بالنسبة المئوية,,0,,0.00,0.00
كيف اعرف المعدل بالنسبة المئوية,,0,,0.00,0.00
كيف اعرف النسبة المئوية للعدد 197400 من العدد 500000,,0,,0.00,0.00
كيف اعرف نسبة مئوية,,0,,0.00,0.00
كيف اعرف نسبة مئوية عن طريق النت,,0,,0.00,0.00
كيف اعمل النسبة المئوية في بنامج اكسل بالرسم,,0,,0.00,0.00
كيف اعمل نسب مئوية في اكسل,,0,,0.00,0.00
كيف اعمل نسب مئوية في الوورد,,0,,0.00,0.00
كيف اغير الكفاءة القديمة على النسبة المئوية,,0,,0.00,0.00
كيف اقدم درس ايجاد النسبة المئوية من عدد,,0,,0.00,0.00
كيف اقوم بحساب النسبة المئوية,,0,,0.00,0.00
كيف اقوم بحساب النسبة المئوية من التخفيضات,,0,,0.00,0.00
كيف اكت بالوورد النسبة المئوية,,0,,0.00,0.00
كيف اكتب النسبة المئوية بالفاصلة,,0,,0.00,0.00
كيف اكتب النسبة المئوية في الورد,,0,,0.00,0.00
كيف التعامل مع النسبة المئوية,,0,,0.00,0.00
كيف انقص نسبة مئوية من عدد,,0,,0.00,0.00
كيف انقص نسبة مئوية من عدد باربع خانات,,0,,0.00,0.00
كيف اوجد النسبة المئوية المخفضة,,0,,0.00,0.00
كيف تجيب اي رقم بالنسبة المئوية,,0,,0.00,0.00
كيف تحسب النسبة الخصم المئوية من المبلغ,,0,,0.00,0.00
كيف تحسب النسبة المئوية في الاحصاء,,0,,0.00,0.00
كيف تحسب النسبة المئوية لخليط ما,,0,,0.00,0.00
كيف تحسب النسبة المئوية لرقم,,0,,0.00,0.00
كيف تحسب النسبة المئوية لقطعة الارض,,0,,0.00,0.00
كيف تحسب النسبة المئوية للبنوك,,0,,0.00,0.00
كيف تحسب النسبة المئوية للثانوية,,0,,0.00,0.00
كيف تحسب النسبة المئوية للثانوية العامة في سلطنة عمان,,0,,0.00,0.00
كيف تحسب النسبة المئوية للدرجات الجامعية,,0,,0.00,0.00
كيف تحسب النسبة المئوية للربح,,0,,0.00,0.00
كيف تحسب النسبة المئوية للزيادة,,0,,0.00,0.00
كيف تحسب النسبة المئوية للشهادة,,0,,0.00,0.00
كيف تحسب النسبة المئوية للشهاده,,0,,0.00,0.00
كيف تحسب النسبة المئوية للمجموع,,0,,0.00,0.00
كيف تحسب النسبة المئوية لمبلغ,,0,,0.00,0.00
كيف تحسب النسبة المئوية لمستوى الطلاب,,0,,0.00,0.00
كيف تحسب النسبة المئوية لمستوى الطلاب اكسل,,0,,0.00,0.00
كيف تحسب النسبة المئوية لمستوى الطلاب في مادة معينة,,0,,0.00,0.00
كيف تحسب النسبة المئوية من المبلغ,,0,,0.00,0.00
كيف تحسب النسبة المئوية من رقم,,0,,0.00,0.00
كيف تحسب النسبة المئوية من عدد,,0,,0.00,0.00
كيف تحسب النسبة المئوية من نسبة مئوية,,0,,0.00,0.00
كيف تحسب نسبة مئوية مضافة علي رقم,,0,,0.00,0.00
كيف تحسب نسبتك المئوية,,0,,0.00,0.00
كيف تحسب نسبتك المئوية إلى 5,,0,,0.00,0.00
كيف تحط علامة النسبة المئوية في الحاسبة,,0,,0.00,0.00
كيف تحويل نسبتك المئوية إلى 5,,0,,0.00,0.00
كيف تخرج النسبة المئوية في الاكس,,0,,0.00,0.00
كيف تخصم نسبة مئوية من عدد بدون حاسلة,,0,,0.00,0.00
كيف تزيد الارقام بالنسبة المئوية,,0,,0.00,0.00
كيف تستخرج النسب المئوية لمعادلة ما,,0,,0.00,0.00
كيف تستخرج النسبة المئوية من سلعة,,0,,0.00,0.00
كيف تطلع نسبة مئوية من رقم معين,,0,,0.00,0.00
كيف تعرف النسبة المئوية بعدد,,0,,0.00,0.00
كيف عملية الحساب واخراج النسبة المئوية,,0,,0.00,0.00
كيف نحسب النسبة المئوية لعدد,,0,,0.00,0.00
كيف نحسب النسبة المئوية من مبلغ,,0,,0.00,0.00
كيف نستخرج نسبة مئوية من رقم صحيح,,0,,0.00,0.00
كيف نسحب نسبة مئوية,,0,,0.00,0.00
كيف نطلع النسبة المئوية,,0,,0.00,0.00
كيف يتم تحويل الكسور إلى نسبة مئوية,,0,,0.00,0.00
كيف يتم جمع النسب المئوية,,0,,0.00,0.00
كيف يتم حساب المعدل التراكمي مقابل النسبة المئوية,,0,,0.00,0.00
كيف يتم حساب النسبة المئوية للمتوسط,,0,,0.00,0.00
كيف يتم حساب النسبة المئوية للمتوسط على برنامج الspss,,0,,0.00,0.00
كيف يتم حساب نسبة الزيادة المئوية,,0,,0.00,0.00
كيفاطلع النسبة المئوية,,0,,0.00,0.00
كيفة احتساب النسبة المئوية,,0,,0.00,0.00
كيفة حساب النسبة المئوية,,0,,0.00,0.00
كيفية إيجاد النسبة المئوية,,0,,0.00,0.00
كيفية احتساء النسبة المئوية,,0,,0.00,0.00
كيفية احتساب النسبة المئوية ع الاكسيل,,0,,0.00,0.00
كيفية احتساب النسبة المئوية للتعليم السعودي,,0,,0.00,0.00
كيفية احتساب النسبة المئوية للتعليم السعودي نظام الثلاث سنوات فصلي,,0,,0.00,0.00
كيفية احضار النسبة المئوية على الاكسل,,0,,0.00,0.00
كيفية اخراج النسب المئوية من عدد واحد,,0,,0.00,0.00
كيفية اخرج النسب المئوية في spss,,0,,0.00,0.00
كيفية استخراج النسبة المئوي من عدد,,0,,0.00,0.00
كيفية استخراج النسبة المئوية بالحاسبة,,0,,0.00,0.00
كيفية استخراج النسبة المئوية في الشهادة,,0,,0.00,0.00
كيفية استخراج النسبة المئوية للاستبيان,,0,,0.00,0.00
كيفية استخراج النسبة المئوية للدرجات العام الماضي على نظام نور,,0,,0.00,0.00
كيفية استخراج النسبة المئوية للنجاح,,0,,0.00,0.00
كيفية استخراج النسبة المئوية من عدد,,0,,0.00,0.00
كيفية استخراج النسبة المئوية من مجموع الدرجات,,0,,0.00,0.00
كيفية اضافة نسبة مئوية على معادلة المتوسط المرجح,,0,,0.00,0.00
كيفية اظاهر النسبة المئوية للمعلمات,,0,,0.00,0.00
كيفية اقوم بحساب النسبة المئوية للاسعار,,0,,0.00,0.00
كيفية الخصم بالنسبة المئوية,,0,,0.00,0.00
كيفية اوجد قيمة من نسبة مئوية,,0,,0.00,0.00
كيفية ايجاد النسبة المئوية لرقم,,0,,0.00,0.00
كيفية تحصيل النسبة المئوية بإكسل,,0,,0.00,0.00
كيفية تحويل الارقام الى نسب مئوية,,0,,0.00,0.00
كيفية تحويل النسبة المئوية الى درجات,,0,,0.00,0.00
كيفية تحويل النسبة المئوية الى رقم,,0,,0.00,0.00
كيفية تحويل درجات الاختبار من النسب المئوية الى,,0,,0.00,0.00
كيفية تحويل درجات الاختبار من النسب المئوية الى 5,,0,,0.00,0.00
كيفية تحويل درجة الاختبار smle الى نسبة مئوية,,0,,0.00,0.00
كيفية تحويل درجة الاختبار الى نسبة مئوية,,0,,0.00,0.00
كيفية تحويل عدد طبيعي الى نسبة مئوية,,0,,0.00,0.00
كيفية تحويل مبلغ الى نسبة مئوية,,0,,0.00,0.00
كيفية تحويل مبلغين الي نسبة مئوية,,0,,0.00,0.00
كيفية تحويل معدل الجامعه الى نسبه مئويه,,0,,0.00,0.00
كيفية تطبيق نسبة مئوية على سعر,,0,,0.00,0.00
كيفية جعل الأكسل يضيف لرقم نسبة مئوية منه,,0,,0.00,0.00
كيفية حاسب النسبة المئوية بالاكسل,,0,,0.00,0.00
كيفية حساب العمولة بالنسبة المئوية,,0,,0.00,0.00
كيفية حساب المبلغ الاصلي من النسبة المئوية,,0,,0.00,0.00
كيفية حساب المعدل التراكمي بالنسبة المئوية,,0,,0.00,0.00
كيفية حساب المعدل التراكمي من النسبة المئوية,,0,,0.00,0.00
كيفية حساب المعدل الجامعي بالنسبة المئوية,,0,,0.00,0.00
كيفية حساب النسبة المئوية الدراسية,,0,,0.00,0.00
كيفية حساب النسبة المئوية الربح من المبيعات على اكسل,,0,,0.00,0.00
كيفية حساب النسبة المئوية المصروفة,,0,,0.00,0.00
كيفية حساب النسبة المئوية الوزنية,,0,,0.00,0.00
كيفية حساب النسبة المئوية اول ثانوي,,0,,0.00,0.00
كيفية حساب النسبة المئوية بالحاسبة اذا كان المجموع 24,,0,,0.00,0.00
كيفية حساب النسبة المئوية بعد الخصم,,0,,0.00,0.00
كيفية حساب النسبة المئوية بين 3 ارقام,,0,,0.00,0.00
كيفية حساب النسبة المئوية بين عددين,,0,,0.00,0.00
كيفية حساب النسبة المئوية على الاكسل,,0,,0.00,0.00
كيفية حساب النسبة المئوية فى اكسيل,,0,,0.00,0.00
كيفية حساب النسبة المئوية في الالة الحاسبة,,0,,0.00,0.00
كيفية حساب النسبة المئوية في الخصم,,0,,0.00,0.00
كيفية حساب النسبة المئوية في الشهادة,,0,,0.00,0.00
كيفية حساب النسبة المئوية في الكيمياء,,0,,0.00,0.00
كيفية حساب النسبة المئوية في جدول اكسل,,0,,0.00,0.00
كيفية حساب النسبة المئوية لاول ثانوي,,0,,0.00,0.00
كيفية حساب النسبة المئوية لاي عدد,,0,,0.00,0.00
كيفية حساب النسبة المئوية لرقم معين,,0,,0.00,0.00
كيفية حساب النسبة المئوية لرقمين,,0,,0.00,0.00
كيفية حساب النسبة المئوية لقبول كليات الهندسة جامعه الملك سعود,,0,,0.00,0.00
كيفية حساب النسبة المئوية للارقام,,0,,0.00,0.00
كيفية حساب النسبة المئوية للاستبيان,,0,,0.00,0.00
كيفية حساب النسبة المئوية للتلاميذ,,0,,0.00,0.00
كيفية حساب النسبة المئوية للثانوية الازهرية,,0,,0.00,0.00
كيفية حساب النسبة المئوية للثانوية العامة في السعودية,,0,,0.00,0.00
كيفية حساب النسبة المئوية للثانوية العامة في السعودية فصلي,,0,,0.00,0.00
كيفية حساب النسبة المئوية للثانوية العامة مقرارات,,0,,0.00,0.00
كيفية حساب النسبة المئوية للجامعة,,0,,0.00,0.00
كيفية حساب النسبة المئوية للخصومات,,0,,0.00,0.00
كيفية حساب النسبة المئوية للزكاة,,0,,0.00,0.00
كيفية حساب النسبة المئوية للشهادة الثانوية الازهرية,,0,,0.00,0.00
كيفية حساب النسبة المئوية للشهادة الثانوية السعودية نظام المقررات,,0,,0.00,0.00
كيفية حساب النسبة المئوية للشهادة الثانوية الكويت,,0,,0.00,0.00
كيفية حساب النسبة المئوية للطلاب,,0,,0.00,0.33
كيفية حساب النسبة المئوية للعناصر,,0,,0.00,0.00
كيفية حساب النسبة المئوية للقبول بكليات الهندسة جامعه الملك سعود,,0,,0.00,0.00
كيفية حساب النسبة المئوية للقبول في الجامعات السودانية,,0,,0.00,0.00
كيفية حساب النسبة المئوية للمادة,,0,,0.00,0.00
كيفية حساب النسبة المئوية للمبيعات للبترول,,0,,0.00,0.00
كيفية حساب النسبة المئوية للمدرسة,,0,,0.00,0.00
كيفية حساب النسبة المئوية للمعدل التراكمي,,0,,0.00,0.00
كيفية حساب النسبة المئوية للمعلمات,,0,,0.00,0.00
كيفية حساب النسبة المئوية للمقررات,,0,,0.00,0.00
كيفية حساب النسبة المئوية للمواد,,0,,0.00,0.00
كيفية حساب النسبة المئوية للمواد الدراسية,,0,,0.00,0.00
كيفية حساب النسبة المئوية للناتج,,0,,0.00,0.00
كيفية حساب النسبة المئوية للنجاح,,0,,0.00,0.00
كيفية حساب النسبة المئوية للنظائر,,0,,0.00,0.00
كيفية حساب النسبة المئوية للنقصان,,0,,0.00,0.00
كيفية حساب النسبة المئوية لمجموع الدرجات,,0,,0.00,0.00
كيفية حساب النسبة المئوية لمعدل,,0,,0.00,0.00
كيفية حساب النسبة المئوية لمهارات الطلاب,,0,,0.00,0.00
كيفية حساب النسبة المئوية من الراتب,,0,,0.00,0.00
كيفية حساب النسبة المئوية من المعدل التراكمي,,0,,0.00,0.00
كيفية حساب النسبة المئوية من الوزن,,0,,0.00,0.00
كيفية حساب النسبة المئوية من رأس المال,,0,,0.00,0.00
كيفية حساب النسبة المئوية من رأس المال في الفوركس,,0,,0.00,0.00
كيفية حساب النسبة المئوية من عدد,,0,,0.00,0.00
كيفية حساب الوزن النسبي والنسبة المئوية spss,,0,,0.00,0.00
كيفية حساب نسبة المئوية معينه من رقم,,0,,0.00,0.00
كيفية حساب نسبة مئوية للرقم,,0,,0.00,0.00
كيفية حساب نسبة مئوية معينه من رقم,,0,,0.00,0.00
كيفية حساب نسبة مئوية من رقم معين,,0,,0.00,0.00
كيفية حسابة النسبة المئوية للاعمال المنجزه بالمستخلصات,,0,,0.00,0.00
كيفية حسابة النسبة المئوية للطالب,,0,,0.00,0.00
كيفية حسابة النسبة المئوية لمستوى بالنظام الفصلي,,0,,0.00,0.00
كيفية حسابة النسبة المئوية لمستوى ف النظام الفصلي,,0,,0.00,0.00
كيفية حسابة النسبة المئوية لنظام الفصلي,,0,,0.00,0.00
كيفية زيادة النسبة المئوية,,0,,0.00,0.00
كيفية ضرب عدد في النسبة المئوية,,0,,0.00,0.00
كيفية عمل نسبة مئوية الفوتشب,,0,,0.00,0.00
كيفية عمل نسبة مئوية اللستريتور,,0,,0.00,0.00
كيفية عمل نسبة مئوية على شيت الاكسل,,0,,0.00,0.00
كيفية عمل نسبه مئويه في الوورد,,0,,0.00,0.00
كيفية وضع النسبة المئوية,,0,,0.00,0.00
كيفية وضع النسبة المئوية للايفون,,0,,0.00,0.00
كيفيةحساب النسبة المئوية المصروفة,,0,,0.00,0.00
كيفيةحساب النسبة المئوية لتاجير سيارات الراجحي,,0,,0.00,0.00
كيفيفة حساب النسبة المئوية,,0,,0.00,0.00
كيفيه احتساب النسبة المئوية,,0,,0.00,0.00
كيفيه اضافة نسبه مئويه على مبلغ,,0,,0.00,0.00
كيفيه حساب النسبة المئوية من عدد,,0,,0.00,0.00
كيفيية تحويل المعدل الى نسبة مئوية,,0,,0.00,0.00
كيمياء 1 الصيغة الأولية من التركيب النسبي المئوي,,0,,0.00,0.00
كيمياء 2 نسبة المردود المئوية,,0,,0.00,0.00
كيمياء 4 بوربوينت نسبة المردود المئوية,,0,,0.00,0.00
كيمياء المستوي الرابع درس نسبة المردود المئوية,,0,,0.00,0.00
كيمياء ثاني ثانوي الفصل الثاني نسبة المردود المئوية,,0,,0.00,0.00
لاخراج النسبة المئوية في اكل,,0,,0.00,0.00
لايجاد مقلوب نسبة مئوية,,0,,0.00,0.00
لحساب النسبة المئوية للربح,,0,,0.00,0.00
لرياضيات اول متوسط ف2 تطبيقات على النسبة المئوية,,0,,0.00,0.00
لعمل نسبة مئوية في اكسل,,0,,0.00,0.00
للسيارة معدل النسبة المئوية,,0,,0.00,0.00
للموظف طريقة تقسيم الراتب بالنسبة المئوية,,0,,0.00,0.00
لمعرفة النسبة المئوية المحقق من المجموع في الاكسل,,0,,0.00,0.00
لمعرفة النسبة المئوية للمجموع في الاكسل,,0,,0.00,0.00
لوضع نسبة مئوية بالرسم البياني بالاكسل,,0,,0.00,0.00
ما الفرق بين النسبة المئوية والموزونه,,0,,0.00,0.00
ما الفرق بين الوزن النسبي والنسبة المئوية,,0,,0.00,0.00
ما النسب المئوية بين الفرق بين اسمنت السعودية إلى,,0,,0.00,0.00
ما النسبة المئوية 9 من 40,,0,,0.00,0.00
ما النسبة المئوية العدد 420 من 600,,0,,0.00,0.00
ما النسبة المئوية بالكتلة لمحلول يحتوي على,,0,,0.00,0.00
ما النسبة المئوية بدلالة الحجم,,0,,0.00,0.00
ما النسبة المئوية بدلالة الحجم الكحول أيزوبربيل,,0,,0.00,0.00
ما النسبة المئوية بدلالة الحجم للإيثانول,,0,,0.00,0.00
ما النسبة المئوية بدلالة الكتلة,,0,,0.00,0.00
ما النسبة المئوية بل,,0,,0.00,0.00
ما النسبة المئوية ل 4 ريالات من 55 ريالا,,0,,0.00,0.00
ما النسبة المئوية ل 6 دفاتر من 30 دفتر,,0,,0.00,0.00
ما النسبة المئوية ل 6 دفتر من 30 دفتر,,0,,0.00,0.00
ما النسبة المئوية لاختبار القدرات والتراكمي للقبول في الجامعات المصرية,,0,,0.00,0.00
ما النسبة المئوية لعدد المكتبات العامة التي يزيدعدد الكتب,,0,,0.00,0.00
ما النسبة المئوية لـ 3 من 60,,0,,0.00,0.00
ما النسبة المئوية لكل من الكلور والفلور في العينة رقم,,0,,0.00,0.00
ما النسبة المئوية لكل من الكلور والفلور في العينه رقم,,0,,0.00,0.00
ما النسبة المئوية للتوطين في الطباعة والنشر والاعلام,,0,,0.00,0.00
ما النسبة المئوية للتوطين في تجارة الجملة والتجزئة,,0,,0.00,0.00
ما النسبة المئوية للعدد المئوية,,0,,0.00,0.00
ما النسبة المئوية للعدد9 من 40,,0,,0.00,0.00
ما النسبة المئوية للعدد٢٢ من ٨٨,,0,,0.00,0.00
ما النسبة المئوية للكسوفات التى استمرت,,0,,0.00,0.00
ما النسبة المئوية للمتحدثين باللغة العربية في السودان,,0,,0.00,0.00
ما معنى النسبة المئوية فائدة في حياتنا,,0,,0.00,0.00
ما هي العلاقة بين نسبة المردود المئوي والجدوى الاقتصادية,,0,,0.00,0.00
ما هي النسب المئوية لاحتمالات النجاح في إستراتيجيات التوسع,,0,,0.00,0.00
ما هي النسبة المئوية للجامعة,,0,,0.00,0.00
ما هي تعريف النسبة المئوية,,0,,0.00,0.00
ما هي طريقة حساب النسبة المئوية,,0,,0.00,0.00
ماذا يقيس نسبة المردود المئوية,,0,,0.00,0.00
مالفرق النسبة المئوية والكسر,,0,,0.00,0.00
ماهو قانون النسبة المئوية في الكيمياء,,0,,0.00,0.00
ماهي النسبة المئوية التراكمية,,0,,0.00,0.00
ماهي النسبة المئوية لتحسن الايراد,,0,,0.00,0.00
ماهي النسبة المئوية لزيادة الراتب,,0,,0.00,0.00
ماهي النسبة المئوية للعدد 12 من 75,,0,,0.00,0.00
ماهي النسبة المئوية للعدد 3من 6,,0,,0.00,0.00
ماهي النسبة المئوية لمكونات الدم,,0,,0.00,0.00
ماهي النسبة المئوية لنجاح عملية القلب المفتوح,,0,,0.00,0.00
ماهي طريقة احتساب النسبة المئوية,,0,,0.00,0.00
ماهي نسبة المئوية ل ٩ريالات من ٩٠,,0,,0.00,0.00
ماهية النسبة المئوية للعدد 1.25 من 5,,0,,0.00,0.00
متوسط النسب المئوية,,0,,0.00,0.00
متى اضيف للنسبة المئوية واحد,,0,,0.00,0.00
متي تيم خصم النسبة المئوية في التامينات على الموظف,,0,,0.00,0.00
مثال على النسبة المئوية من واقع الحياة,,0,,0.00,0.00
مجموع النسب المئوية,,0,,0.00,0.00
مخطط نسبة مئويه بالانجليزي,,0,,0.00,0.00
مراجعة تطبيقات النسب المئوية أول متوسط رياضيات,,0,,0.00,0.00
مراجعة فصل النسبة المئوية الثاني املتوسط,,0,,0.00,0.00
مربع طول ضلعه س ضاعفنا طول ضلعه فكم النسبة المئوية,,0,,0.00,0.00
مربع نسبة مئوية,,0,,0.00,0.00
مسائل باستخدام التناسب في المسائل النسبة المئوية,,0,,0.00,0.00
مسائل على النسب المئوية,,0,,0.00,0.00
مسائل على النسبة المئوية بالكتلة,,0,,0.00,0.00
مسائل عن النسبة المئوية للمردود,,0,,0.00,0.00
مساعدة في عمل خصم نسبة مئوية,,0,,0.00,0.00
مساكن المؤسسة العامة للتقاعد نسبة مئوية,,0,,0.00,0.00
مستطيل عمود نسبة مئوية,,0,,0.00,0.00
مسرحية عن النسبة المئوية,,0,,0.00,0.00
مشروعات تطبيقات النسبة المئوية اول متوسط ف2,,0,,0.00,0.00
مشكلة عدم قبول الاكسس الرقم بالنسبة المئوية,,0,,0.00,0.00
مشكلة عدم قبول الاكسس لرقم بالنسبة المئوية,,0,,0.00,0.00
مشكلة للبطارية الاندرويد في النسبة المئوية,,0,,0.00,0.00
مصدر سعودي تطبيقات على النسبة المئوية,,0,,0.00,0.00
مصطلح المعدل أو النسبة المئوية,,0,,0.00,0.00
مطويات رياضيات عن النسبة المئوية,,0,,0.00,0.00
مطوية رياضيات النسبة المئوية,,0,,0.00,0.00
مطوية عن النسبة المئوية الصف الثاني متوسط,,0,,0.00,0.00
مطويه النسبة المئوية من عدد اول متوسط,,0,,0.00,0.00
معادلة احتساب النسبة المئوية,,0,,0.00,0.00
معادلة النسبة المئوية yes no,,0,,0.00,0.00
معادلة النسبة المئوية ثاني اكسيد الكربون,,0,,0.00,0.00
معادلة النسبة المئوية رأس المال,,0,,0.00,0.00
معادلة النسبة المئوية في إكسل,,0,,0.00,0.00
معادلة النسبة المئوية في الاكسل,,0,,0.00,0.00
معادلة النسبة المئوية في برنامج اكسل,,0,,0.00,0.00
معادلة النسبة المئوية والمعدل,,0,,0.00,0.00
معادلة النسبة المئوية والمعدل المبيعات,,0,,0.00,0.00
معادلة في الاكسل نسبة مئوية,,0,,0.00,0.00
معادلة نسبة المئوية للربح,,0,,0.00,0.00
معدل النسبة المئوية,,0,,0.00,0.00
معدل درجات النسبة المئوية,,0,,0.00,0.00
معدل درجات النسبة المئوية للطلاب,,0,,0.00,0.00
معدلات الاداء في تحليل النسبة المئوية,,0,,0.00,0.00
معرفة الرقم الاصلي من النسبة المئوية,,0,,0.00,0.00
معرفة النسبة المئوية للشهادات الثانوية السعودية في مصر,,0,,0.00,0.00
معلومات تطبيقات النسبة المئوية اول متوسط,,0,,0.00,0.00
معلومات عن النسبة المئوية المناهل الزاخره,,0,,0.00,0.00
معلومات عن النسبة المئوية والكسور الاعتياديه,,0,,0.00,0.00
معلومات عن النسبة المئوية والكسور العشريه,,0,,0.00,0.00
معلومات عن درس النسبة المئوية من عدد,,0,,0.00,0.00
معنى النسبة المئوية في الشهاده,,0,,0.00,0.00
معنى تقدير النسبة المئوية,,0,,0.00,0.00
مقارنة السكر بين النسبة المئوية والغرام,,0,,0.00,0.00
مقارنة النسبة المئوية,,0,,0.00,0.00
مقطع عن النسبة المئوية,,0,,0.00,0.00
مكونات السماد بالنسبة المئوية,,0,,0.00,0.00
ملخص النسبة المئوية اول متوسط,,0,,0.00,0.00
ملخص تطبيقات النسبة المئوية,,0,,0.00,0.00
ملخص درس النسبة المئوية من العدد,,0,,0.00,0.00
ملخص لدرس النسبة المئوية من عدد,,0,,0.00,0.00
ملخص لدرس تقدير النسبة المئوية,,0,,0.00,0.00
من الانتقادات الموجهة لطريقة النسبة المئوية من المبيعات,,0,,0.00,0.00
من الرقم نسبة مئوية,,0,,0.00,0.00
من درجة 6 الى 62 درجة مئوية حرجة بالنسبة للأغذية,,0,,0.00,0.00
من طرق قياس فاعلية التفاعل حساب النسبة المئوية,,0,,0.00,0.00
من لاعدادكيف اطلع النسبة المئوية,,0,,0.00,0.00
من نسبة مئوية الى gpa,,0,,0.00,0.00
مناقشة النسبة المئوية منتديات يزيد,,0,,0.00,0.00
منال التويجري النسبة المئوية من عدد,,0,,0.00,0.00
منال التويجري النسبة المئوية من عدد اول متوسط,,0,,0.00,0.00
منال التويجري ثاني متوسط النسبة المئوية,,0,,0.00,0.00
منال التويجري ثاني متوسط النسبة المئوية والتقدير,,0,,0.00,0.00
منال التويجري درس النسبة المئوية من عدد,,0,,0.00,0.00
منال التويجري رياضيات درس النسبة المئوية من عدد,,0,,0.00,0.00
منى التويجري اول متوسط الفصل الثاني تطبيقات على النسبة المئوية,,0,,0.00,0.00
منى المواش تطبيقات على النسبة المئوية,,0,,0.00,0.00
موضوع النسبة المئوية من العدد,,0,,0.00,0.00
موضوع عن تطبيقات النسبة المئوية,,0,,0.00,0.00
موضوع عن نسبة المردود المئوية,,0,,0.00,0.00
موقع اخراج النسبة المئوية,,0,,0.00,0.00
موقع استخراج النسبة المئوية,,0,,0.00,0.00
موقع تحويل الرقم الى نسبة مئوية,,0,,0.00,0.00
موقع حساب النسبة المئوية للاحصائيات,,0,,0.00,0.00
موقع حساب النسبة المئوية للمعدل,,0,,0.00,0.00
موقع حساب النسبة المئوية والتخصصات المناسبه لك,,0,,0.00,0.00
موقع عمل نسبة مئوية,,0,,0.00,0.00
موقع ويس تحويل المعدل من نسبة مئوية الى تراكمي,,0,,0.00,0.00
ناقش النسب المئوية لاحتمالات النجاح في إستراتيجيات التوسع حسب,,0,,0.00,0.00
نبذة مختصرة عن النسبة المئوية,,0,,0.00,0.00
نسب المئوية الشهيرة,,0,,0.00,0.00
نسب مئوية من عدد,,0,,0.00,0.00
نسب مئوية وكسور اعتايديه متكافئة,,0,,0.00,0.00
نسب مئويه,,0,,0.00,0.00
نسبة الدهون في الجسم بالنسبة المئوية,,0,,0.00,0.00
نسبة المئوية المشاهدين في الاولمبياد 2018,,0,,0.00,0.00
نسبة المئوية لقسم الاحياء,,0,,0.00,0.00
نسبة المئوية لقسم الاحياء بجامعة ام القرى,,0,,0.00,0.00
نسبة المئوية لقسم الاحياء لجامعة ام القرى,,0,,0.00,0.00
نسبة المئوية للمركبات صالحه عبدالله,,0,,0.00,0.00
نسبة المردود المئوي والجدوى الاقتصادية,,0,,0.00,0.00
نسبة المردود المئوية doc,,0,,0.00,0.00
نسبة المردود المئوية الشلال,,0,,0.00,0.00
نسبة المردود المئوية ايناس,,0,,0.00,0.00
نسبة المردود المئوية شرح,,0,,0.00,0.00
نسبة المردود المئوية في التجارة,,0,,0.00,0.00
نسبة المردود المئوية في تحديد التكلفة الاقتصادية لكثير من الصناعات,,0,,0.00,0.00
نسبة المردود المئوية قانون,,0,,0.00,0.00
نسبة المردود المئوية كيمياء 2,,0,,0.00,0.00
نسبة المردود المئوية كيمياء ويكيبيديا,,0,,0.00,0.00
نسبة المردود المئوية معاذ الشلال,,0,,0.00,0.33
نسبة المردود المئوية موضوع,,0,,0.00,0.00
نسبة المردود المئوية والجدوى الاقتصادية,,0,,0.00,0.00
نسبة المردود المئوية والجدوي الاقتصادية,,0,,0.00,0.00
نسبة المردود المئوية ويكيبيديا,,0,,0.00,0.00
نسبة المردوردة المئوية,,0,,0.00,0.00
نسبة غياب الطلاب المئوي,,0,,0.00,0.00
نسبة مئوية clipart,,0,,0.00,0.00
نسبة مئوية diagram,,0,,0.00,0.00
نسبة مئوية digram,,0,,0.00,0.00
نسبة مئوية بالاكسل,,0,,0.00,0.00
نسبة مئوية بالعربي,,0,,0.00,0.00
نسبة مئوية بدون حاسبة,,0,,0.00,0.00
نسبة مئوية عدل,,0,,0.00,0.00
نسبة مئوية عربي,,0,,0.00,0.00
نسبة مئوية عربية,,0,,0.00,0.00
نسبة مئوية عربيى,,0,,0.00,0.00
نسبة مئوية في الدائرة,,0,,0.00,0.00
نسبة مئوية كرتونية,,0,,0.00,0.00
نسبة مئوية للصف السادس,,0,,0.00,0.00
نسبة مئوية لمجموعة نسب,,0,,0.00,0.00
نسبة مئوية من عدد بدون حاسلة,,0,,0.00,0.00
نسبه مئوية,,0,,0.00,0.01
نسبه مئويه اكسل,,0,,0.00,0.00
نسبه مئويه لل80,,0,,0.00,0.00
هل 0.90 تكتب علامة نسبه مئويه,,0,,0.00,0.00
هل 0.90 تنكتب بعلامة نسبه مئويه,,0,,0.00,0.00
هل المقرارات نظام الدرجات معدل او نسبه مئويه,,0,,0.00,0.00
هل النسبة المئوية في نطاقات خاصة بالسعوديين,,0,,0.00,0.00
هل هناك نسبة مئوية معينة للربح في السعودية,,0,,0.00,0.00
هل يمكن تكون نسبة المردود المئوية لاي تفاعل اكتر 100,,0,,0.00,0.00
هوامي النسبة المئوية العائد من سعر السهم,,0,,0.00,0.00
هوامي النسبة المئوية من العائد من سعر السهم,,0,,0.00,0.00
هوامير استخراج النسبة المئوية على العائد من سعر السهم,,0,,0.00,0.00
هوامير استخراج النسبة المئوية من العائد من سعر السهم,,0,,0.00,0.00
هوانير استخراج النسبة المئوية على العائد من سعر السهم,,0,,0.00,0.00
وحدة النسبة المئوية لعنصر داخل المركب,,0,,0.00,0.00
وحدة النسبة المئوية للعنصر داخل المركب,,0,,0.00,0.00
ورق عمل كيمياء 2ثانوي نسبة المردود المئوية,,0,,0.00,0.00
ورقة على النسبة المئوية للصف الاول متوسط تمارين pdf,,0,,0.00,0.00
ورقة عمل النسبة المئوية والتقدير ثاني متوسط,,0,,0.00,0.00
ورقة عمل ايجاد النسب المئوية ذهنيا,,0,,0.00,0.00
ورقة عمل ايجاد النسب المئوية ذهنيا ثاني متوسط,,0,,0.00,0.00
ورقة عمل تطبيقات النسبة المئوية,,0,,0.00,0.00
ورقة عمل درس النسبة المئوية من عدد,,0,,0.00,0.00
ورقة عمل درس النسبة المئوية من عدد اول متوسط,,0,,0.00,0.00
ورقة عمل عن ايجاد النسبة المئوية من عدد,,0,,0.00,0.00
ورقة عمل في النسبة المئوية والتقدير,,0,,0.00,0.00
ورقة عمل في النسبة المئوية والتقدير ثاني متوسط,,0,,0.00,0.00
ورقه عمل تلخيص فصل تطبيقات النسبة المئوية,,0,,0.00,0.00
ورقه عمل لتقدير النسبة المئوية,,0,,0.00,0.00
وسائل التعليمية تقدير النسبة المئوية,,0,,0.00,0.00
وضع علامة النسبة المئوية في الاكسل بعرد الرقم excel,,0,,0.00,0.00
يتفاعل1.0gهدروجين كليا مع 19.0gفلور ما النسبة المئوية بالكتلة للهدروجبن,,0,,0.00,0.00
يوتيوب تحويل الرقم الى نسبة مئوية,,0,,0.00,0.00
يوتيوب شرح درس النسبة المئوية من عدد,,0,,0.00,0.00
يوتيوب شرح درس النسبة المئوية من عدد اول متوسط,,0,,0.00,0.00
يوتيوب كيف أطلع النسبة المئوية لعدد بدون آلة,,0,,0.00,0.00
يوتيوب منى المواش اولى متوسط الفصل الثاني تقدير النسبة المئوية,,0,,0.00,0.00
١٣١٠ درجه كم بالنسبة المئوية,,0,,0.00,0.00
١٣١٠ كم بالنسبة المئوية,,0,,0.00,0.00
